ablation,task,regime,seed,success_rate,interpretation
full_failed_rollout_audit,drawer_contact_repair,nominal,0,0.736111,all components
full_failed_rollout_audit,drawer_contact_repair,nominal,1,0.847222,all components
full_failed_rollout_audit,drawer_contact_repair,nominal,2,0.805556,all components
full_failed_rollout_audit,drawer_contact_repair,nominal,3,0.777778,all components
full_failed_rollout_audit,drawer_contact_repair,nominal,4,0.791667,all components
full_failed_rollout_audit,drawer_contact_repair,nominal,5,0.819444,all components
full_failed_rollout_audit,drawer_contact_repair,nominal,6,0.791667,all components
full_failed_rollout_audit,drawer_contact_repair,friction_shift,0,0.861111,all components
full_failed_rollout_audit,drawer_contact_repair,friction_shift,1,0.791667,all components
full_failed_rollout_audit,drawer_contact_repair,friction_shift,2,0.680556,all components
full_failed_rollout_audit,drawer_contact_repair,friction_shift,3,0.708333,all components
full_failed_rollout_audit,drawer_contact_repair,friction_shift,4,0.819444,all components
full_failed_rollout_audit,drawer_contact_repair,friction_shift,5,0.805556,all components
full_failed_rollout_audit,drawer_contact_repair,friction_shift,6,0.777778,all components
full_failed_rollout_audit,drawer_contact_repair,compliance_shift,0,0.736111,all components
full_failed_rollout_audit,drawer_contact_repair,compliance_shift,1,0.750000,all components
full_failed_rollout_audit,drawer_contact_repair,compliance_shift,2,0.805556,all components
full_failed_rollout_audit,drawer_contact_repair,compliance_shift,3,0.805556,all components
full_failed_rollout_audit,drawer_contact_repair,compliance_shift,4,0.694444,all components
full_failed_rollout_audit,drawer_contact_repair,compliance_shift,5,0.666667,all components
full_failed_rollout_audit,drawer_contact_repair,compliance_shift,6,0.652778,all components
full_failed_rollout_audit,drawer_contact_repair,occlusion_persistence,0,0.777778,all components
full_failed_rollout_audit,drawer_contact_repair,occlusion_persistence,1,0.736111,all components
full_failed_rollout_audit,drawer_contact_repair,occlusion_persistence,2,0.722222,all components
full_failed_rollout_audit,drawer_contact_repair,occlusion_persistence,3,0.736111,all components
full_failed_rollout_audit,drawer_contact_repair,occlusion_persistence,4,0.708333,all components
full_failed_rollout_audit,drawer_contact_repair,occlusion_persistence,5,0.583333,all components
full_failed_rollout_audit,drawer_contact_repair,occlusion_persistence,6,0.638889,all components
full_failed_rollout_audit,drawer_contact_repair,contact_mode_flip,0,0.638889,all components
full_failed_rollout_audit,drawer_contact_repair,contact_mode_flip,1,0.763889,all components
full_failed_rollout_audit,drawer_contact_repair,contact_mode_flip,2,0.638889,all components
full_failed_rollout_audit,drawer_contact_repair,contact_mode_flip,3,0.750000,all components
full_failed_rollout_audit,drawer_contact_repair,contact_mode_flip,4,0.750000,all components
full_failed_rollout_audit,drawer_contact_repair,contact_mode_flip,5,0.736111,all components
full_failed_rollout_audit,drawer_contact_repair,contact_mode_flip,6,0.777778,all components
full_failed_rollout_audit,drawer_contact_repair,actuator_lag,0,0.833333,all components
full_failed_rollout_audit,drawer_contact_repair,actuator_lag,1,0.680556,all components
full_failed_rollout_audit,drawer_contact_repair,actuator_lag,2,0.722222,all components
full_failed_rollout_audit,drawer_contact_repair,actuator_lag,3,0.791667,all components
full_failed_rollout_audit,drawer_contact_repair,actuator_lag,4,0.763889,all components
full_failed_rollout_audit,drawer_contact_repair,actuator_lag,5,0.777778,all components
full_failed_rollout_audit,drawer_contact_repair,actuator_lag,6,0.750000,all components
full_failed_rollout_audit,drawer_contact_repair,payload_shift,0,0.722222,all components
full_failed_rollout_audit,drawer_contact_repair,payload_shift,1,0.694444,all components
full_failed_rollout_audit,drawer_contact_repair,payload_shift,2,0.666667,all components
full_failed_rollout_audit,drawer_contact_repair,payload_shift,3,0.736111,all components
full_failed_rollout_audit,drawer_contact_repair,payload_shift,4,0.763889,all components
full_failed_rollout_audit,drawer_contact_repair,payload_shift,5,0.722222,all components
full_failed_rollout_audit,drawer_contact_repair,payload_shift,6,0.750000,all components
full_failed_rollout_audit,drawer_contact_repair,combined_hidden_mechanisms,0,0.611111,all components
full_failed_rollout_audit,drawer_contact_repair,combined_hidden_mechanisms,1,0.666667,all components
full_failed_rollout_audit,drawer_contact_repair,combined_hidden_mechanisms,2,0.722222,all components
full_failed_rollout_audit,drawer_contact_repair,combined_hidden_mechanisms,3,0.722222,all components
full_failed_rollout_audit,drawer_contact_repair,combined_hidden_mechanisms,4,0.569444,all components
full_failed_rollout_audit,drawer_contact_repair,combined_hidden_mechanisms,5,0.763889,all components
full_failed_rollout_audit,drawer_contact_repair,combined_hidden_mechanisms,6,0.722222,all components
full_failed_rollout_audit,deformable_bin_pick,nominal,0,0.875000,all components
full_failed_rollout_audit,deformable_bin_pick,nominal,1,0.666667,all components
full_failed_rollout_audit,deformable_bin_pick,nominal,2,0.736111,all components
full_failed_rollout_audit,deformable_bin_pick,nominal,3,0.805556,all components
full_failed_rollout_audit,deformable_bin_pick,nominal,4,0.791667,all components
full_failed_rollout_audit,deformable_bin_pick,nominal,5,0.722222,all components
full_failed_rollout_audit,deformable_bin_pick,nominal,6,0.722222,all components
full_failed_rollout_audit,deformable_bin_pick,friction_shift,0,0.680556,all components
full_failed_rollout_audit,deformable_bin_pick,friction_shift,1,0.680556,all components
full_failed_rollout_audit,deformable_bin_pick,friction_shift,2,0.722222,all components
full_failed_rollout_audit,deformable_bin_pick,friction_shift,3,0.611111,all components
full_failed_rollout_audit,deformable_bin_pick,friction_shift,4,0.736111,all components
full_failed_rollout_audit,deformable_bin_pick,friction_shift,5,0.763889,all components
full_failed_rollout_audit,deformable_bin_pick,friction_shift,6,0.680556,all components
full_failed_rollout_audit,deformable_bin_pick,compliance_shift,0,0.736111,all components
full_failed_rollout_audit,deformable_bin_pick,compliance_shift,1,0.680556,all components
full_failed_rollout_audit,deformable_bin_pick,compliance_shift,2,0.625000,all components
full_failed_rollout_audit,deformable_bin_pick,compliance_shift,3,0.652778,all components
full_failed_rollout_audit,deformable_bin_pick,compliance_shift,4,0.750000,all components
full_failed_rollout_audit,deformable_bin_pick,compliance_shift,5,0.708333,all components
full_failed_rollout_audit,deformable_bin_pick,compliance_shift,6,0.694444,all components
full_failed_rollout_audit,deformable_bin_pick,occlusion_persistence,0,0.805556,all components
full_failed_rollout_audit,deformable_bin_pick,occlusion_persistence,1,0.750000,all components
full_failed_rollout_audit,deformable_bin_pick,occlusion_persistence,2,0.736111,all components
full_failed_rollout_audit,deformable_bin_pick,occlusion_persistence,3,0.722222,all components
full_failed_rollout_audit,deformable_bin_pick,occlusion_persistence,4,0.736111,all components
full_failed_rollout_audit,deformable_bin_pick,occlusion_persistence,5,0.680556,all components
full_failed_rollout_audit,deformable_bin_pick,occlusion_persistence,6,0.722222,all components
full_failed_rollout_audit,deformable_bin_pick,contact_mode_flip,0,0.611111,all components
full_failed_rollout_audit,deformable_bin_pick,contact_mode_flip,1,0.694444,all components
full_failed_rollout_audit,deformable_bin_pick,contact_mode_flip,2,0.638889,all components
full_failed_rollout_audit,deformable_bin_pick,contact_mode_flip,3,0.597222,all components
full_failed_rollout_audit,deformable_bin_pick,contact_mode_flip,4,0.652778,all components
full_failed_rollout_audit,deformable_bin_pick,contact_mode_flip,5,0.666667,all components
full_failed_rollout_audit,deformable_bin_pick,contact_mode_flip,6,0.722222,all components
full_failed_rollout_audit,deformable_bin_pick,actuator_lag,0,0.708333,all components
full_failed_rollout_audit,deformable_bin_pick,actuator_lag,1,0.763889,all components
full_failed_rollout_audit,deformable_bin_pick,actuator_lag,2,0.680556,all components
full_failed_rollout_audit,deformable_bin_pick,actuator_lag,3,0.680556,all components
full_failed_rollout_audit,deformable_bin_pick,actuator_lag,4,0.694444,all components
full_failed_rollout_audit,deformable_bin_pick,actuator_lag,5,0.666667,all components
full_failed_rollout_audit,deformable_bin_pick,actuator_lag,6,0.763889,all components
full_failed_rollout_audit,deformable_bin_pick,payload_shift,0,0.736111,all components
full_failed_rollout_audit,deformable_bin_pick,payload_shift,1,0.666667,all components
full_failed_rollout_audit,deformable_bin_pick,payload_shift,2,0.680556,all components
full_failed_rollout_audit,deformable_bin_pick,payload_shift,3,0.625000,all components
full_failed_rollout_audit,deformable_bin_pick,payload_shift,4,0.763889,all components
full_failed_rollout_audit,deformable_bin_pick,payload_shift,5,0.666667,all components
full_failed_rollout_audit,deformable_bin_pick,payload_shift,6,0.833333,all components
full_failed_rollout_audit,deformable_bin_pick,combined_hidden_mechanisms,0,0.611111,all components
full_failed_rollout_audit,deformable_bin_pick,combined_hidden_mechanisms,1,0.555556,all components
full_failed_rollout_audit,deformable_bin_pick,combined_hidden_mechanisms,2,0.722222,all components
full_failed_rollout_audit,deformable_bin_pick,combined_hidden_mechanisms,3,0.611111,all components
full_failed_rollout_audit,deformable_bin_pick,combined_hidden_mechanisms,4,0.652778,all components
full_failed_rollout_audit,deformable_bin_pick,combined_hidden_mechanisms,5,0.597222,all components
full_failed_rollout_audit,deformable_bin_pick,combined_hidden_mechanisms,6,0.652778,all components
full_failed_rollout_audit,occluded_push_recovery,nominal,0,0.819444,all components
full_failed_rollout_audit,occluded_push_recovery,nominal,1,0.791667,all components
full_failed_rollout_audit,occluded_push_recovery,nominal,2,0.763889,all components
full_failed_rollout_audit,occluded_push_recovery,nominal,3,0.833333,all components
full_failed_rollout_audit,occluded_push_recovery,nominal,4,0.708333,all components
full_failed_rollout_audit,occluded_push_recovery,nominal,5,0.861111,all components
full_failed_rollout_audit,occluded_push_recovery,nominal,6,0.875000,all components
full_failed_rollout_audit,occluded_push_recovery,friction_shift,0,0.750000,all components
full_failed_rollout_audit,occluded_push_recovery,friction_shift,1,0.708333,all components
full_failed_rollout_audit,occluded_push_recovery,friction_shift,2,0.819444,all components
full_failed_rollout_audit,occluded_push_recovery,friction_shift,3,0.722222,all components
full_failed_rollout_audit,occluded_push_recovery,friction_shift,4,0.638889,all components
full_failed_rollout_audit,occluded_push_recovery,friction_shift,5,0.708333,all components
full_failed_rollout_audit,occluded_push_recovery,friction_shift,6,0.791667,all components
full_failed_rollout_audit,occluded_push_recovery,compliance_shift,0,0.791667,all components
full_failed_rollout_audit,occluded_push_recovery,compliance_shift,1,0.708333,all components
full_failed_rollout_audit,occluded_push_recovery,compliance_shift,2,0.666667,all components
full_failed_rollout_audit,occluded_push_recovery,compliance_shift,3,0.791667,all components
full_failed_rollout_audit,occluded_push_recovery,compliance_shift,4,0.777778,all components
full_failed_rollout_audit,occluded_push_recovery,compliance_shift,5,0.763889,all components
full_failed_rollout_audit,occluded_push_recovery,compliance_shift,6,0.750000,all components
full_failed_rollout_audit,occluded_push_recovery,occlusion_persistence,0,0.666667,all components
full_failed_rollout_audit,occluded_push_recovery,occlusion_persistence,1,0.625000,all components
full_failed_rollout_audit,occluded_push_recovery,occlusion_persistence,2,0.652778,all components
full_failed_rollout_audit,occluded_push_recovery,occlusion_persistence,3,0.763889,all components
full_failed_rollout_audit,occluded_push_recovery,occlusion_persistence,4,0.666667,all components
full_failed_rollout_audit,occluded_push_recovery,occlusion_persistence,5,0.763889,all components
full_failed_rollout_audit,occluded_push_recovery,occlusion_persistence,6,0.680556,all components
full_failed_rollout_audit,occluded_push_recovery,contact_mode_flip,0,0.750000,all components
full_failed_rollout_audit,occluded_push_recovery,contact_mode_flip,1,0.680556,all components
full_failed_rollout_audit,occluded_push_recovery,contact_mode_flip,2,0.680556,all components
full_failed_rollout_audit,occluded_push_recovery,contact_mode_flip,3,0.680556,all components
full_failed_rollout_audit,occluded_push_recovery,contact_mode_flip,4,0.708333,all components
full_failed_rollout_audit,occluded_push_recovery,contact_mode_flip,5,0.777778,all components
full_failed_rollout_audit,occluded_push_recovery,contact_mode_flip,6,0.708333,all components
full_failed_rollout_audit,occluded_push_recovery,actuator_lag,0,0.694444,all components
full_failed_rollout_audit,occluded_push_recovery,actuator_lag,1,0.777778,all components
full_failed_rollout_audit,occluded_push_recovery,actuator_lag,2,0.694444,all components
full_failed_rollout_audit,occluded_push_recovery,actuator_lag,3,0.694444,all components
full_failed_rollout_audit,occluded_push_recovery,actuator_lag,4,0.652778,all components
full_failed_rollout_audit,occluded_push_recovery,actuator_lag,5,0.763889,all components
full_failed_rollout_audit,occluded_push_recovery,actuator_lag,6,0.791667,all components
full_failed_rollout_audit,occluded_push_recovery,payload_shift,0,0.694444,all components
full_failed_rollout_audit,occluded_push_recovery,payload_shift,1,0.763889,all components
full_failed_rollout_audit,occluded_push_recovery,payload_shift,2,0.680556,all components
full_failed_rollout_audit,occluded_push_recovery,payload_shift,3,0.486111,all components
full_failed_rollout_audit,occluded_push_recovery,payload_shift,4,0.722222,all components
full_failed_rollout_audit,occluded_push_recovery,payload_shift,5,0.694444,all components
full_failed_rollout_audit,occluded_push_recovery,payload_shift,6,0.722222,all components
full_failed_rollout_audit,occluded_push_recovery,combined_hidden_mechanisms,0,0.708333,all components
full_failed_rollout_audit,occluded_push_recovery,combined_hidden_mechanisms,1,0.708333,all components
full_failed_rollout_audit,occluded_push_recovery,combined_hidden_mechanisms,2,0.652778,all components
full_failed_rollout_audit,occluded_push_recovery,combined_hidden_mechanisms,3,0.694444,all components
full_failed_rollout_audit,occluded_push_recovery,combined_hidden_mechanisms,4,0.694444,all components
full_failed_rollout_audit,occluded_push_recovery,combined_hidden_mechanisms,5,0.625000,all components
full_failed_rollout_audit,occluded_push_recovery,combined_hidden_mechanisms,6,0.708333,all components
full_failed_rollout_audit,payload_handover,nominal,0,0.791667,all components
full_failed_rollout_audit,payload_handover,nominal,1,0.847222,all components
full_failed_rollout_audit,payload_handover,nominal,2,0.694444,all components
full_failed_rollout_audit,payload_handover,nominal,3,0.819444,all components
full_failed_rollout_audit,payload_handover,nominal,4,0.722222,all components
full_failed_rollout_audit,payload_handover,nominal,5,0.819444,all components
full_failed_rollout_audit,payload_handover,nominal,6,0.736111,all components
full_failed_rollout_audit,payload_handover,friction_shift,0,0.638889,all components
full_failed_rollout_audit,payload_handover,friction_shift,1,0.805556,all components
full_failed_rollout_audit,payload_handover,friction_shift,2,0.819444,all components
full_failed_rollout_audit,payload_handover,friction_shift,3,0.708333,all components
full_failed_rollout_audit,payload_handover,friction_shift,4,0.597222,all components
full_failed_rollout_audit,payload_handover,friction_shift,5,0.791667,all components
full_failed_rollout_audit,payload_handover,friction_shift,6,0.791667,all components
full_failed_rollout_audit,payload_handover,compliance_shift,0,0.666667,all components
full_failed_rollout_audit,payload_handover,compliance_shift,1,0.833333,all components
full_failed_rollout_audit,payload_handover,compliance_shift,2,0.750000,all components
full_failed_rollout_audit,payload_handover,compliance_shift,3,0.805556,all components
full_failed_rollout_audit,payload_handover,compliance_shift,4,0.805556,all components
full_failed_rollout_audit,payload_handover,compliance_shift,5,0.861111,all components
full_failed_rollout_audit,payload_handover,compliance_shift,6,0.763889,all components
full_failed_rollout_audit,payload_handover,occlusion_persistence,0,0.736111,all components
full_failed_rollout_audit,payload_handover,occlusion_persistence,1,0.750000,all components
full_failed_rollout_audit,payload_handover,occlusion_persistence,2,0.638889,all components
full_failed_rollout_audit,payload_handover,occlusion_persistence,3,0.680556,all components
full_failed_rollout_audit,payload_handover,occlusion_persistence,4,0.791667,all components
full_failed_rollout_audit,payload_handover,occlusion_persistence,5,0.777778,all components
full_failed_rollout_audit,payload_handover,occlusion_persistence,6,0.736111,all components
full_failed_rollout_audit,payload_handover,contact_mode_flip,0,0.777778,all components
full_failed_rollout_audit,payload_handover,contact_mode_flip,1,0.694444,all components
full_failed_rollout_audit,payload_handover,contact_mode_flip,2,0.777778,all components
full_failed_rollout_audit,payload_handover,contact_mode_flip,3,0.625000,all components
full_failed_rollout_audit,payload_handover,contact_mode_flip,4,0.722222,all components
full_failed_rollout_audit,payload_handover,contact_mode_flip,5,0.750000,all components
full_failed_rollout_audit,payload_handover,contact_mode_flip,6,0.694444,all components
full_failed_rollout_audit,payload_handover,actuator_lag,0,0.638889,all components
full_failed_rollout_audit,payload_handover,actuator_lag,1,0.694444,all components
full_failed_rollout_audit,payload_handover,actuator_lag,2,0.791667,all components
full_failed_rollout_audit,payload_handover,actuator_lag,3,0.777778,all components
full_failed_rollout_audit,payload_handover,actuator_lag,4,0.833333,all components
full_failed_rollout_audit,payload_handover,actuator_lag,5,0.638889,all components
full_failed_rollout_audit,payload_handover,actuator_lag,6,0.611111,all components
full_failed_rollout_audit,payload_handover,payload_shift,0,0.750000,all components
full_failed_rollout_audit,payload_handover,payload_shift,1,0.652778,all components
full_failed_rollout_audit,payload_handover,payload_shift,2,0.680556,all components
full_failed_rollout_audit,payload_handover,payload_shift,3,0.763889,all components
full_failed_rollout_audit,payload_handover,payload_shift,4,0.694444,all components
full_failed_rollout_audit,payload_handover,payload_shift,5,0.694444,all components
full_failed_rollout_audit,payload_handover,payload_shift,6,0.708333,all components
full_failed_rollout_audit,payload_handover,combined_hidden_mechanisms,0,0.750000,all components
full_failed_rollout_audit,payload_handover,combined_hidden_mechanisms,1,0.611111,all components
full_failed_rollout_audit,payload_handover,combined_hidden_mechanisms,2,0.736111,all components
full_failed_rollout_audit,payload_handover,combined_hidden_mechanisms,3,0.569444,all components
full_failed_rollout_audit,payload_handover,combined_hidden_mechanisms,4,0.708333,all components
full_failed_rollout_audit,payload_handover,combined_hidden_mechanisms,5,0.597222,all components
full_failed_rollout_audit,payload_handover,combined_hidden_mechanisms,6,0.833333,all components
full_failed_rollout_audit,peg_insert_with_lag,nominal,0,0.694444,all components
full_failed_rollout_audit,peg_insert_with_lag,nominal,1,0.638889,all components
full_failed_rollout_audit,peg_insert_with_lag,nominal,2,0.736111,all components
full_failed_rollout_audit,peg_insert_with_lag,nominal,3,0.819444,all components
full_failed_rollout_audit,peg_insert_with_lag,nominal,4,0.763889,all components
full_failed_rollout_audit,peg_insert_with_lag,nominal,5,0.763889,all components
full_failed_rollout_audit,peg_insert_with_lag,nominal,6,0.694444,all components
full_failed_rollout_audit,peg_insert_with_lag,friction_shift,0,0.694444,all components
full_failed_rollout_audit,peg_insert_with_lag,friction_shift,1,0.694444,all components
full_failed_rollout_audit,peg_insert_with_lag,friction_shift,2,0.722222,all components
full_failed_rollout_audit,peg_insert_with_lag,friction_shift,3,0.750000,all components
full_failed_rollout_audit,peg_insert_with_lag,friction_shift,4,0.833333,all components
full_failed_rollout_audit,peg_insert_with_lag,friction_shift,5,0.652778,all components
full_failed_rollout_audit,peg_insert_with_lag,friction_shift,6,0.694444,all components
full_failed_rollout_audit,peg_insert_with_lag,compliance_shift,0,0.791667,all components
full_failed_rollout_audit,peg_insert_with_lag,compliance_shift,1,0.666667,all components
full_failed_rollout_audit,peg_insert_with_lag,compliance_shift,2,0.875000,all components
full_failed_rollout_audit,peg_insert_with_lag,compliance_shift,3,0.694444,all components
full_failed_rollout_audit,peg_insert_with_lag,compliance_shift,4,0.763889,all components
full_failed_rollout_audit,peg_insert_with_lag,compliance_shift,5,0.750000,all components
full_failed_rollout_audit,peg_insert_with_lag,compliance_shift,6,0.694444,all components
full_failed_rollout_audit,peg_insert_with_lag,occlusion_persistence,0,0.736111,all components
full_failed_rollout_audit,peg_insert_with_lag,occlusion_persistence,1,0.750000,all components
full_failed_rollout_audit,peg_insert_with_lag,occlusion_persistence,2,0.750000,all components
full_failed_rollout_audit,peg_insert_with_lag,occlusion_persistence,3,0.722222,all components
full_failed_rollout_audit,peg_insert_with_lag,occlusion_persistence,4,0.611111,all components
full_failed_rollout_audit,peg_insert_with_lag,occlusion_persistence,5,0.666667,all components
full_failed_rollout_audit,peg_insert_with_lag,occlusion_persistence,6,0.763889,all components
full_failed_rollout_audit,peg_insert_with_lag,contact_mode_flip,0,0.694444,all components
full_failed_rollout_audit,peg_insert_with_lag,contact_mode_flip,1,0.680556,all components
full_failed_rollout_audit,peg_insert_with_lag,contact_mode_flip,2,0.750000,all components
full_failed_rollout_audit,peg_insert_with_lag,contact_mode_flip,3,0.666667,all components
full_failed_rollout_audit,peg_insert_with_lag,contact_mode_flip,4,0.750000,all components
full_failed_rollout_audit,peg_insert_with_lag,contact_mode_flip,5,0.638889,all components
full_failed_rollout_audit,peg_insert_with_lag,contact_mode_flip,6,0.750000,all components
full_failed_rollout_audit,peg_insert_with_lag,actuator_lag,0,0.736111,all components
full_failed_rollout_audit,peg_insert_with_lag,actuator_lag,1,0.708333,all components
full_failed_rollout_audit,peg_insert_with_lag,actuator_lag,2,0.736111,all components
full_failed_rollout_audit,peg_insert_with_lag,actuator_lag,3,0.652778,all components
full_failed_rollout_audit,peg_insert_with_lag,actuator_lag,4,0.736111,all components
full_failed_rollout_audit,peg_insert_with_lag,actuator_lag,5,0.708333,all components
full_failed_rollout_audit,peg_insert_with_lag,actuator_lag,6,0.625000,all components
full_failed_rollout_audit,peg_insert_with_lag,payload_shift,0,0.763889,all components
full_failed_rollout_audit,peg_insert_with_lag,payload_shift,1,0.652778,all components
full_failed_rollout_audit,peg_insert_with_lag,payload_shift,2,0.763889,all components
full_failed_rollout_audit,peg_insert_with_lag,payload_shift,3,0.666667,all components
full_failed_rollout_audit,peg_insert_with_lag,payload_shift,4,0.597222,all components
full_failed_rollout_audit,peg_insert_with_lag,payload_shift,5,0.708333,all components
full_failed_rollout_audit,peg_insert_with_lag,payload_shift,6,0.777778,all components
full_failed_rollout_audit,peg_insert_with_lag,combined_hidden_mechanisms,0,0.611111,all components
full_failed_rollout_audit,peg_insert_with_lag,combined_hidden_mechanisms,1,0.680556,all components
full_failed_rollout_audit,peg_insert_with_lag,combined_hidden_mechanisms,2,0.638889,all components
full_failed_rollout_audit,peg_insert_with_lag,combined_hidden_mechanisms,3,0.625000,all components
full_failed_rollout_audit,peg_insert_with_lag,combined_hidden_mechanisms,4,0.750000,all components
full_failed_rollout_audit,peg_insert_with_lag,combined_hidden_mechanisms,5,0.611111,all components
full_failed_rollout_audit,peg_insert_with_lag,combined_hidden_mechanisms,6,0.625000,all components
full_failed_rollout_audit,cluttered_navigation_grasp,nominal,0,0.736111,all components
full_failed_rollout_audit,cluttered_navigation_grasp,nominal,1,0.694444,all components
full_failed_rollout_audit,cluttered_navigation_grasp,nominal,2,0.791667,all components
full_failed_rollout_audit,cluttered_navigation_grasp,nominal,3,0.750000,all components
full_failed_rollout_audit,cluttered_navigation_grasp,nominal,4,0.777778,all components
full_failed_rollout_audit,cluttered_navigation_grasp,nominal,5,0.680556,all components
full_failed_rollout_audit,cluttered_navigation_grasp,nominal,6,0.680556,all components
full_failed_rollout_audit,cluttered_navigation_grasp,friction_shift,0,0.763889,all components
full_failed_rollout_audit,cluttered_navigation_grasp,friction_shift,1,0.680556,all components
full_failed_rollout_audit,cluttered_navigation_grasp,friction_shift,2,0.763889,all components
full_failed_rollout_audit,cluttered_navigation_grasp,friction_shift,3,0.736111,all components
full_failed_rollout_audit,cluttered_navigation_grasp,friction_shift,4,0.833333,all components
full_failed_rollout_audit,cluttered_navigation_grasp,friction_shift,5,0.763889,all components
full_failed_rollout_audit,cluttered_navigation_grasp,friction_shift,6,0.791667,all components
full_failed_rollout_audit,cluttered_navigation_grasp,compliance_shift,0,0.805556,all components
full_failed_rollout_audit,cluttered_navigation_grasp,compliance_shift,1,0.777778,all components
full_failed_rollout_audit,cluttered_navigation_grasp,compliance_shift,2,0.680556,all components
full_failed_rollout_audit,cluttered_navigation_grasp,compliance_shift,3,0.722222,all components
full_failed_rollout_audit,cluttered_navigation_grasp,compliance_shift,4,0.750000,all components
full_failed_rollout_audit,cluttered_navigation_grasp,compliance_shift,5,0.708333,all components
full_failed_rollout_audit,cluttered_navigation_grasp,compliance_shift,6,0.694444,all components
full_failed_rollout_audit,cluttered_navigation_grasp,occlusion_persistence,0,0.791667,all components
full_failed_rollout_audit,cluttered_navigation_grasp,occlusion_persistence,1,0.736111,all components
full_failed_rollout_audit,cluttered_navigation_grasp,occlusion_persistence,2,0.625000,all components
full_failed_rollout_audit,cluttered_navigation_grasp,occlusion_persistence,3,0.736111,all components
full_failed_rollout_audit,cluttered_navigation_grasp,occlusion_persistence,4,0.763889,all components
full_failed_rollout_audit,cluttered_navigation_grasp,occlusion_persistence,5,0.694444,all components
full_failed_rollout_audit,cluttered_navigation_grasp,occlusion_persistence,6,0.750000,all components
full_failed_rollout_audit,cluttered_navigation_grasp,contact_mode_flip,0,0.680556,all components
full_failed_rollout_audit,cluttered_navigation_grasp,contact_mode_flip,1,0.694444,all components
full_failed_rollout_audit,cluttered_navigation_grasp,contact_mode_flip,2,0.777778,all components
full_failed_rollout_audit,cluttered_navigation_grasp,contact_mode_flip,3,0.597222,all components
full_failed_rollout_audit,cluttered_navigation_grasp,contact_mode_flip,4,0.805556,all components
full_failed_rollout_audit,cluttered_navigation_grasp,contact_mode_flip,5,0.777778,all components
full_failed_rollout_audit,cluttered_navigation_grasp,contact_mode_flip,6,0.736111,all components
full_failed_rollout_audit,cluttered_navigation_grasp,actuator_lag,0,0.652778,all components
full_failed_rollout_audit,cluttered_navigation_grasp,actuator_lag,1,0.722222,all components
full_failed_rollout_audit,cluttered_navigation_grasp,actuator_lag,2,0.736111,all components
full_failed_rollout_audit,cluttered_navigation_grasp,actuator_lag,3,0.736111,all components
full_failed_rollout_audit,cluttered_navigation_grasp,actuator_lag,4,0.652778,all components
full_failed_rollout_audit,cluttered_navigation_grasp,actuator_lag,5,0.597222,all components
full_failed_rollout_audit,cluttered_navigation_grasp,actuator_lag,6,0.833333,all components
full_failed_rollout_audit,cluttered_navigation_grasp,payload_shift,0,0.750000,all components
full_failed_rollout_audit,cluttered_navigation_grasp,payload_shift,1,0.708333,all components
full_failed_rollout_audit,cluttered_navigation_grasp,payload_shift,2,0.583333,all components
full_failed_rollout_audit,cluttered_navigation_grasp,payload_shift,3,0.638889,all components
full_failed_rollout_audit,cluttered_navigation_grasp,payload_shift,4,0.638889,all components
full_failed_rollout_audit,cluttered_navigation_grasp,payload_shift,5,0.638889,all components
full_failed_rollout_audit,cluttered_navigation_grasp,payload_shift,6,0.638889,all components
full_failed_rollout_audit,cluttered_navigation_grasp,combined_hidden_mechanisms,0,0.722222,all components
full_failed_rollout_audit,cluttered_navigation_grasp,combined_hidden_mechanisms,1,0.611111,all components
full_failed_rollout_audit,cluttered_navigation_grasp,combined_hidden_mechanisms,2,0.666667,all components
full_failed_rollout_audit,cluttered_navigation_grasp,combined_hidden_mechanisms,3,0.736111,all components
full_failed_rollout_audit,cluttered_navigation_grasp,combined_hidden_mechanisms,4,0.791667,all components
full_failed_rollout_audit,cluttered_navigation_grasp,combined_hidden_mechanisms,5,0.722222,all components
full_failed_rollout_audit,cluttered_navigation_grasp,combined_hidden_mechanisms,6,0.625000,all components
minus_failure_traces,drawer_contact_repair,nominal,0,0.736111,removes failed-rollout traces
minus_failure_traces,drawer_contact_repair,nominal,1,0.708333,removes failed-rollout traces
minus_failure_traces,drawer_contact_repair,nominal,2,0.736111,removes failed-rollout traces
minus_failure_traces,drawer_contact_repair,nominal,3,0.708333,removes failed-rollout traces
minus_failure_traces,drawer_contact_repair,nominal,4,0.777778,removes failed-rollout traces
minus_failure_traces,drawer_contact_repair,nominal,5,0.791667,removes failed-rollout traces
minus_failure_traces,drawer_contact_repair,nominal,6,0.666667,removes failed-rollout traces
minus_failure_traces,drawer_contact_repair,friction_shift,0,0.708333,removes failed-rollout traces
minus_failure_traces,drawer_contact_repair,friction_shift,1,0.652778,removes failed-rollout traces
minus_failure_traces,drawer_contact_repair,friction_shift,2,0.722222,removes failed-rollout traces
minus_failure_traces,drawer_contact_repair,friction_shift,3,0.722222,removes failed-rollout traces
minus_failure_traces,drawer_contact_repair,friction_shift,4,0.694444,removes failed-rollout traces
minus_failure_traces,drawer_contact_repair,friction_shift,5,0.666667,removes failed-rollout traces
minus_failure_traces,drawer_contact_repair,friction_shift,6,0.583333,removes failed-rollout traces
minus_failure_traces,drawer_contact_repair,compliance_shift,0,0.611111,removes failed-rollout traces
minus_failure_traces,drawer_contact_repair,compliance_shift,1,0.569444,removes failed-rollout traces
minus_failure_traces,drawer_contact_repair,compliance_shift,2,0.597222,removes failed-rollout traces
minus_failure_traces,drawer_contact_repair,compliance_shift,3,0.708333,removes failed-rollout traces
minus_failure_traces,drawer_contact_repair,compliance_shift,4,0.611111,removes failed-rollout traces
minus_failure_traces,drawer_contact_repair,compliance_shift,5,0.708333,removes failed-rollout traces
minus_failure_traces,drawer_contact_repair,compliance_shift,6,0.638889,removes failed-rollout traces
minus_failure_traces,drawer_contact_repair,occlusion_persistence,0,0.680556,removes failed-rollout traces
minus_failure_traces,drawer_contact_repair,occlusion_persistence,1,0.666667,removes failed-rollout traces
minus_failure_traces,drawer_contact_repair,occlusion_persistence,2,0.722222,removes failed-rollout traces
minus_failure_traces,drawer_contact_repair,occlusion_persistence,3,0.708333,removes failed-rollout traces
minus_failure_traces,drawer_contact_repair,occlusion_persistence,4,0.652778,removes failed-rollout traces
minus_failure_traces,drawer_contact_repair,occlusion_persistence,5,0.694444,removes failed-rollout traces
minus_failure_traces,drawer_contact_repair,occlusion_persistence,6,0.680556,removes failed-rollout traces
minus_failure_traces,drawer_contact_repair,contact_mode_flip,0,0.652778,removes failed-rollout traces
minus_failure_traces,drawer_contact_repair,contact_mode_flip,1,0.625000,removes failed-rollout traces
minus_failure_traces,drawer_contact_repair,contact_mode_flip,2,0.638889,removes failed-rollout traces
minus_failure_traces,drawer_contact_repair,contact_mode_flip,3,0.736111,removes failed-rollout traces
minus_failure_traces,drawer_contact_repair,contact_mode_flip,4,0.611111,removes failed-rollout traces
minus_failure_traces,drawer_contact_repair,contact_mode_flip,5,0.694444,removes failed-rollout traces
minus_failure_traces,drawer_contact_repair,contact_mode_flip,6,0.652778,removes failed-rollout traces
minus_failure_traces,drawer_contact_repair,actuator_lag,0,0.638889,removes failed-rollout traces
minus_failure_traces,drawer_contact_repair,actuator_lag,1,0.638889,removes failed-rollout traces
minus_failure_traces,drawer_contact_repair,actuator_lag,2,0.652778,removes failed-rollout traces
minus_failure_traces,drawer_contact_repair,actuator_lag,3,0.638889,removes failed-rollout traces
minus_failure_traces,drawer_contact_repair,actuator_lag,4,0.694444,removes failed-rollout traces
minus_failure_traces,drawer_contact_repair,actuator_lag,5,0.597222,removes failed-rollout traces
minus_failure_traces,drawer_contact_repair,actuator_lag,6,0.569444,removes failed-rollout traces
minus_failure_traces,drawer_contact_repair,payload_shift,0,0.694444,removes failed-rollout traces
minus_failure_traces,drawer_contact_repair,payload_shift,1,0.597222,removes failed-rollout traces
minus_failure_traces,drawer_contact_repair,payload_shift,2,0.611111,removes failed-rollout traces
minus_failure_traces,drawer_contact_repair,payload_shift,3,0.597222,removes failed-rollout traces
minus_failure_traces,drawer_contact_repair,payload_shift,4,0.652778,removes failed-rollout traces
minus_failure_traces,drawer_contact_repair,payload_shift,5,0.611111,removes failed-rollout traces
minus_failure_traces,drawer_contact_repair,payload_shift,6,0.680556,removes failed-rollout traces
minus_failure_traces,drawer_contact_repair,combined_hidden_mechanisms,0,0.527778,removes failed-rollout traces
minus_failure_traces,drawer_contact_repair,combined_hidden_mechanisms,1,0.569444,removes failed-rollout traces
minus_failure_traces,drawer_contact_repair,combined_hidden_mechanisms,2,0.652778,removes failed-rollout traces
minus_failure_traces,drawer_contact_repair,combined_hidden_mechanisms,3,0.625000,removes failed-rollout traces
minus_failure_traces,drawer_contact_repair,combined_hidden_mechanisms,4,0.486111,removes failed-rollout traces
minus_failure_traces,drawer_contact_repair,combined_hidden_mechanisms,5,0.569444,removes failed-rollout traces
minus_failure_traces,drawer_contact_repair,combined_hidden_mechanisms,6,0.569444,removes failed-rollout traces
minus_failure_traces,deformable_bin_pick,nominal,0,0.708333,removes failed-rollout traces
minus_failure_traces,deformable_bin_pick,nominal,1,0.763889,removes failed-rollout traces
minus_failure_traces,deformable_bin_pick,nominal,2,0.680556,removes failed-rollout traces
minus_failure_traces,deformable_bin_pick,nominal,3,0.611111,removes failed-rollout traces
minus_failure_traces,deformable_bin_pick,nominal,4,0.652778,removes failed-rollout traces
minus_failure_traces,deformable_bin_pick,nominal,5,0.638889,removes failed-rollout traces
minus_failure_traces,deformable_bin_pick,nominal,6,0.708333,removes failed-rollout traces
minus_failure_traces,deformable_bin_pick,friction_shift,0,0.513889,removes failed-rollout traces
minus_failure_traces,deformable_bin_pick,friction_shift,1,0.638889,removes failed-rollout traces
minus_failure_traces,deformable_bin_pick,friction_shift,2,0.708333,removes failed-rollout traces
minus_failure_traces,deformable_bin_pick,friction_shift,3,0.722222,removes failed-rollout traces
minus_failure_traces,deformable_bin_pick,friction_shift,4,0.652778,removes failed-rollout traces
minus_failure_traces,deformable_bin_pick,friction_shift,5,0.708333,removes failed-rollout traces
minus_failure_traces,deformable_bin_pick,friction_shift,6,0.611111,removes failed-rollout traces
minus_failure_traces,deformable_bin_pick,compliance_shift,0,0.583333,removes failed-rollout traces
minus_failure_traces,deformable_bin_pick,compliance_shift,1,0.625000,removes failed-rollout traces
minus_failure_traces,deformable_bin_pick,compliance_shift,2,0.652778,removes failed-rollout traces
minus_failure_traces,deformable_bin_pick,compliance_shift,3,0.638889,removes failed-rollout traces
minus_failure_traces,deformable_bin_pick,compliance_shift,4,0.722222,removes failed-rollout traces
minus_failure_traces,deformable_bin_pick,compliance_shift,5,0.694444,removes failed-rollout traces
minus_failure_traces,deformable_bin_pick,compliance_shift,6,0.722222,removes failed-rollout traces
minus_failure_traces,deformable_bin_pick,occlusion_persistence,0,0.638889,removes failed-rollout traces
minus_failure_traces,deformable_bin_pick,occlusion_persistence,1,0.722222,removes failed-rollout traces
minus_failure_traces,deformable_bin_pick,occlusion_persistence,2,0.625000,removes failed-rollout traces
minus_failure_traces,deformable_bin_pick,occlusion_persistence,3,0.652778,removes failed-rollout traces
minus_failure_traces,deformable_bin_pick,occlusion_persistence,4,0.680556,removes failed-rollout traces
minus_failure_traces,deformable_bin_pick,occlusion_persistence,5,0.625000,removes failed-rollout traces
minus_failure_traces,deformable_bin_pick,occlusion_persistence,6,0.805556,removes failed-rollout traces
minus_failure_traces,deformable_bin_pick,contact_mode_flip,0,0.611111,removes failed-rollout traces
minus_failure_traces,deformable_bin_pick,contact_mode_flip,1,0.569444,removes failed-rollout traces
minus_failure_traces,deformable_bin_pick,contact_mode_flip,2,0.694444,removes failed-rollout traces
minus_failure_traces,deformable_bin_pick,contact_mode_flip,3,0.555556,removes failed-rollout traces
minus_failure_traces,deformable_bin_pick,contact_mode_flip,4,0.680556,removes failed-rollout traces
minus_failure_traces,deformable_bin_pick,contact_mode_flip,5,0.666667,removes failed-rollout traces
minus_failure_traces,deformable_bin_pick,contact_mode_flip,6,0.736111,removes failed-rollout traces
minus_failure_traces,deformable_bin_pick,actuator_lag,0,0.638889,removes failed-rollout traces
minus_failure_traces,deformable_bin_pick,actuator_lag,1,0.694444,removes failed-rollout traces
minus_failure_traces,deformable_bin_pick,actuator_lag,2,0.708333,removes failed-rollout traces
minus_failure_traces,deformable_bin_pick,actuator_lag,3,0.611111,removes failed-rollout traces
minus_failure_traces,deformable_bin_pick,actuator_lag,4,0.666667,removes failed-rollout traces
minus_failure_traces,deformable_bin_pick,actuator_lag,5,0.597222,removes failed-rollout traces
minus_failure_traces,deformable_bin_pick,actuator_lag,6,0.597222,removes failed-rollout traces
minus_failure_traces,deformable_bin_pick,payload_shift,0,0.694444,removes failed-rollout traces
minus_failure_traces,deformable_bin_pick,payload_shift,1,0.680556,removes failed-rollout traces
minus_failure_traces,deformable_bin_pick,payload_shift,2,0.638889,removes failed-rollout traces
minus_failure_traces,deformable_bin_pick,payload_shift,3,0.472222,removes failed-rollout traces
minus_failure_traces,deformable_bin_pick,payload_shift,4,0.583333,removes failed-rollout traces
minus_failure_traces,deformable_bin_pick,payload_shift,5,0.652778,removes failed-rollout traces
minus_failure_traces,deformable_bin_pick,payload_shift,6,0.555556,removes failed-rollout traces
minus_failure_traces,deformable_bin_pick,combined_hidden_mechanisms,0,0.527778,removes failed-rollout traces
minus_failure_traces,deformable_bin_pick,combined_hidden_mechanisms,1,0.625000,removes failed-rollout traces
minus_failure_traces,deformable_bin_pick,combined_hidden_mechanisms,2,0.666667,removes failed-rollout traces
minus_failure_traces,deformable_bin_pick,combined_hidden_mechanisms,3,0.583333,removes failed-rollout traces
minus_failure_traces,deformable_bin_pick,combined_hidden_mechanisms,4,0.583333,removes failed-rollout traces
minus_failure_traces,deformable_bin_pick,combined_hidden_mechanisms,5,0.486111,removes failed-rollout traces
minus_failure_traces,deformable_bin_pick,combined_hidden_mechanisms,6,0.597222,removes failed-rollout traces
minus_failure_traces,occluded_push_recovery,nominal,0,0.791667,removes failed-rollout traces
minus_failure_traces,occluded_push_recovery,nominal,1,0.736111,removes failed-rollout traces
minus_failure_traces,occluded_push_recovery,nominal,2,0.638889,removes failed-rollout traces
minus_failure_traces,occluded_push_recovery,nominal,3,0.777778,removes failed-rollout traces
minus_failure_traces,occluded_push_recovery,nominal,4,0.611111,removes failed-rollout traces
minus_failure_traces,occluded_push_recovery,nominal,5,0.694444,removes failed-rollout traces
minus_failure_traces,occluded_push_recovery,nominal,6,0.708333,removes failed-rollout traces
minus_failure_traces,occluded_push_recovery,friction_shift,0,0.555556,removes failed-rollout traces
minus_failure_traces,occluded_push_recovery,friction_shift,1,0.611111,removes failed-rollout traces
minus_failure_traces,occluded_push_recovery,friction_shift,2,0.625000,removes failed-rollout traces
minus_failure_traces,occluded_push_recovery,friction_shift,3,0.666667,removes failed-rollout traces
minus_failure_traces,occluded_push_recovery,friction_shift,4,0.763889,removes failed-rollout traces
minus_failure_traces,occluded_push_recovery,friction_shift,5,0.652778,removes failed-rollout traces
minus_failure_traces,occluded_push_recovery,friction_shift,6,0.625000,removes failed-rollout traces
minus_failure_traces,occluded_push_recovery,compliance_shift,0,0.666667,removes failed-rollout traces
minus_failure_traces,occluded_push_recovery,compliance_shift,1,0.708333,removes failed-rollout traces
minus_failure_traces,occluded_push_recovery,compliance_shift,2,0.625000,removes failed-rollout traces
minus_failure_traces,occluded_push_recovery,compliance_shift,3,0.569444,removes failed-rollout traces
minus_failure_traces,occluded_push_recovery,compliance_shift,4,0.680556,removes failed-rollout traces
minus_failure_traces,occluded_push_recovery,compliance_shift,5,0.638889,removes failed-rollout traces
minus_failure_traces,occluded_push_recovery,compliance_shift,6,0.569444,removes failed-rollout traces
minus_failure_traces,occluded_push_recovery,occlusion_persistence,0,0.694444,removes failed-rollout traces
minus_failure_traces,occluded_push_recovery,occlusion_persistence,1,0.625000,removes failed-rollout traces
minus_failure_traces,occluded_push_recovery,occlusion_persistence,2,0.638889,removes failed-rollout traces
minus_failure_traces,occluded_push_recovery,occlusion_persistence,3,0.597222,removes failed-rollout traces
minus_failure_traces,occluded_push_recovery,occlusion_persistence,4,0.694444,removes failed-rollout traces
minus_failure_traces,occluded_push_recovery,occlusion_persistence,5,0.750000,removes failed-rollout traces
minus_failure_traces,occluded_push_recovery,occlusion_persistence,6,0.625000,removes failed-rollout traces
minus_failure_traces,occluded_push_recovery,contact_mode_flip,0,0.638889,removes failed-rollout traces
minus_failure_traces,occluded_push_recovery,contact_mode_flip,1,0.680556,removes failed-rollout traces
minus_failure_traces,occluded_push_recovery,contact_mode_flip,2,0.597222,removes failed-rollout traces
minus_failure_traces,occluded_push_recovery,contact_mode_flip,3,0.597222,removes failed-rollout traces
minus_failure_traces,occluded_push_recovery,contact_mode_flip,4,0.513889,removes failed-rollout traces
minus_failure_traces,occluded_push_recovery,contact_mode_flip,5,0.555556,removes failed-rollout traces
minus_failure_traces,occluded_push_recovery,contact_mode_flip,6,0.597222,removes failed-rollout traces
minus_failure_traces,occluded_push_recovery,actuator_lag,0,0.708333,removes failed-rollout traces
minus_failure_traces,occluded_push_recovery,actuator_lag,1,0.694444,removes failed-rollout traces
minus_failure_traces,occluded_push_recovery,actuator_lag,2,0.652778,removes failed-rollout traces
minus_failure_traces,occluded_push_recovery,actuator_lag,3,0.638889,removes failed-rollout traces
minus_failure_traces,occluded_push_recovery,actuator_lag,4,0.541667,removes failed-rollout traces
minus_failure_traces,occluded_push_recovery,actuator_lag,5,0.666667,removes failed-rollout traces
minus_failure_traces,occluded_push_recovery,actuator_lag,6,0.638889,removes failed-rollout traces
minus_failure_traces,occluded_push_recovery,payload_shift,0,0.736111,removes failed-rollout traces
minus_failure_traces,occluded_push_recovery,payload_shift,1,0.555556,removes failed-rollout traces
minus_failure_traces,occluded_push_recovery,payload_shift,2,0.736111,removes failed-rollout traces
minus_failure_traces,occluded_push_recovery,payload_shift,3,0.583333,removes failed-rollout traces
minus_failure_traces,occluded_push_recovery,payload_shift,4,0.555556,removes failed-rollout traces
minus_failure_traces,occluded_push_recovery,payload_shift,5,0.736111,removes failed-rollout traces
minus_failure_traces,occluded_push_recovery,payload_shift,6,0.583333,removes failed-rollout traces
minus_failure_traces,occluded_push_recovery,combined_hidden_mechanisms,0,0.541667,removes failed-rollout traces
minus_failure_traces,occluded_push_recovery,combined_hidden_mechanisms,1,0.583333,removes failed-rollout traces
minus_failure_traces,occluded_push_recovery,combined_hidden_mechanisms,2,0.541667,removes failed-rollout traces
minus_failure_traces,occluded_push_recovery,combined_hidden_mechanisms,3,0.486111,removes failed-rollout traces
minus_failure_traces,occluded_push_recovery,combined_hidden_mechanisms,4,0.527778,removes failed-rollout traces
minus_failure_traces,occluded_push_recovery,combined_hidden_mechanisms,5,0.555556,removes failed-rollout traces
minus_failure_traces,occluded_push_recovery,combined_hidden_mechanisms,6,0.652778,removes failed-rollout traces
minus_failure_traces,payload_handover,nominal,0,0.652778,removes failed-rollout traces
minus_failure_traces,payload_handover,nominal,1,0.597222,removes failed-rollout traces
minus_failure_traces,payload_handover,nominal,2,0.625000,removes failed-rollout traces
minus_failure_traces,payload_handover,nominal,3,0.708333,removes failed-rollout traces
minus_failure_traces,payload_handover,nominal,4,0.777778,removes failed-rollout traces
minus_failure_traces,payload_handover,nominal,5,0.736111,removes failed-rollout traces
minus_failure_traces,payload_handover,nominal,6,0.638889,removes failed-rollout traces
minus_failure_traces,payload_handover,friction_shift,0,0.652778,removes failed-rollout traces
minus_failure_traces,payload_handover,friction_shift,1,0.597222,removes failed-rollout traces
minus_failure_traces,payload_handover,friction_shift,2,0.694444,removes failed-rollout traces
minus_failure_traces,payload_handover,friction_shift,3,0.638889,removes failed-rollout traces
minus_failure_traces,payload_handover,friction_shift,4,0.694444,removes failed-rollout traces
minus_failure_traces,payload_handover,friction_shift,5,0.666667,removes failed-rollout traces
minus_failure_traces,payload_handover,friction_shift,6,0.680556,removes failed-rollout traces
minus_failure_traces,payload_handover,compliance_shift,0,0.597222,removes failed-rollout traces
minus_failure_traces,payload_handover,compliance_shift,1,0.611111,removes failed-rollout traces
minus_failure_traces,payload_handover,compliance_shift,2,0.652778,removes failed-rollout traces
minus_failure_traces,payload_handover,compliance_shift,3,0.680556,removes failed-rollout traces
minus_failure_traces,payload_handover,compliance_shift,4,0.652778,removes failed-rollout traces
minus_failure_traces,payload_handover,compliance_shift,5,0.625000,removes failed-rollout traces
minus_failure_traces,payload_handover,compliance_shift,6,0.736111,removes failed-rollout traces
minus_failure_traces,payload_handover,occlusion_persistence,0,0.652778,removes failed-rollout traces
minus_failure_traces,payload_handover,occlusion_persistence,1,0.625000,removes failed-rollout traces
minus_failure_traces,payload_handover,occlusion_persistence,2,0.666667,removes failed-rollout traces
minus_failure_traces,payload_handover,occlusion_persistence,3,0.597222,removes failed-rollout traces
minus_failure_traces,payload_handover,occlusion_persistence,4,0.652778,removes failed-rollout traces
minus_failure_traces,payload_handover,occlusion_persistence,5,0.736111,removes failed-rollout traces
minus_failure_traces,payload_handover,occlusion_persistence,6,0.625000,removes failed-rollout traces
minus_failure_traces,payload_handover,contact_mode_flip,0,0.583333,removes failed-rollout traces
minus_failure_traces,payload_handover,contact_mode_flip,1,0.611111,removes failed-rollout traces
minus_failure_traces,payload_handover,contact_mode_flip,2,0.652778,removes failed-rollout traces
minus_failure_traces,payload_handover,contact_mode_flip,3,0.583333,removes failed-rollout traces
minus_failure_traces,payload_handover,contact_mode_flip,4,0.625000,removes failed-rollout traces
minus_failure_traces,payload_handover,contact_mode_flip,5,0.666667,removes failed-rollout traces
minus_failure_traces,payload_handover,contact_mode_flip,6,0.638889,removes failed-rollout traces
minus_failure_traces,payload_handover,actuator_lag,0,0.694444,removes failed-rollout traces
minus_failure_traces,payload_handover,actuator_lag,1,0.625000,removes failed-rollout traces
minus_failure_traces,payload_handover,actuator_lag,2,0.694444,removes failed-rollout traces
minus_failure_traces,payload_handover,actuator_lag,3,0.694444,removes failed-rollout traces
minus_failure_traces,payload_handover,actuator_lag,4,0.652778,removes failed-rollout traces
minus_failure_traces,payload_handover,actuator_lag,5,0.569444,removes failed-rollout traces
minus_failure_traces,payload_handover,actuator_lag,6,0.638889,removes failed-rollout traces
minus_failure_traces,payload_handover,payload_shift,0,0.555556,removes failed-rollout traces
minus_failure_traces,payload_handover,payload_shift,1,0.611111,removes failed-rollout traces
minus_failure_traces,payload_handover,payload_shift,2,0.708333,removes failed-rollout traces
minus_failure_traces,payload_handover,payload_shift,3,0.583333,removes failed-rollout traces
minus_failure_traces,payload_handover,payload_shift,4,0.652778,removes failed-rollout traces
minus_failure_traces,payload_handover,payload_shift,5,0.638889,removes failed-rollout traces
minus_failure_traces,payload_handover,payload_shift,6,0.597222,removes failed-rollout traces
minus_failure_traces,payload_handover,combined_hidden_mechanisms,0,0.513889,removes failed-rollout traces
minus_failure_traces,payload_handover,combined_hidden_mechanisms,1,0.583333,removes failed-rollout traces
minus_failure_traces,payload_handover,combined_hidden_mechanisms,2,0.541667,removes failed-rollout traces
minus_failure_traces,payload_handover,combined_hidden_mechanisms,3,0.597222,removes failed-rollout traces
minus_failure_traces,payload_handover,combined_hidden_mechanisms,4,0.666667,removes failed-rollout traces
minus_failure_traces,payload_handover,combined_hidden_mechanisms,5,0.638889,removes failed-rollout traces
minus_failure_traces,payload_handover,combined_hidden_mechanisms,6,0.611111,removes failed-rollout traces
minus_failure_traces,peg_insert_with_lag,nominal,0,0.666667,removes failed-rollout traces
minus_failure_traces,peg_insert_with_lag,nominal,1,0.583333,removes failed-rollout traces
minus_failure_traces,peg_insert_with_lag,nominal,2,0.652778,removes failed-rollout traces
minus_failure_traces,peg_insert_with_lag,nominal,3,0.694444,removes failed-rollout traces
minus_failure_traces,peg_insert_with_lag,nominal,4,0.638889,removes failed-rollout traces
minus_failure_traces,peg_insert_with_lag,nominal,5,0.736111,removes failed-rollout traces
minus_failure_traces,peg_insert_with_lag,nominal,6,0.708333,removes failed-rollout traces
minus_failure_traces,peg_insert_with_lag,friction_shift,0,0.638889,removes failed-rollout traces
minus_failure_traces,peg_insert_with_lag,friction_shift,1,0.736111,removes failed-rollout traces
minus_failure_traces,peg_insert_with_lag,friction_shift,2,0.597222,removes failed-rollout traces
minus_failure_traces,peg_insert_with_lag,friction_shift,3,0.569444,removes failed-rollout traces
minus_failure_traces,peg_insert_with_lag,friction_shift,4,0.680556,removes failed-rollout traces
minus_failure_traces,peg_insert_with_lag,friction_shift,5,0.569444,removes failed-rollout traces
minus_failure_traces,peg_insert_with_lag,friction_shift,6,0.625000,removes failed-rollout traces
minus_failure_traces,peg_insert_with_lag,compliance_shift,0,0.652778,removes failed-rollout traces
minus_failure_traces,peg_insert_with_lag,compliance_shift,1,0.638889,removes failed-rollout traces
minus_failure_traces,peg_insert_with_lag,compliance_shift,2,0.680556,removes failed-rollout traces
minus_failure_traces,peg_insert_with_lag,compliance_shift,3,0.638889,removes failed-rollout traces
minus_failure_traces,peg_insert_with_lag,compliance_shift,4,0.736111,removes failed-rollout traces
minus_failure_traces,peg_insert_with_lag,compliance_shift,5,0.555556,removes failed-rollout traces
minus_failure_traces,peg_insert_with_lag,compliance_shift,6,0.680556,removes failed-rollout traces
minus_failure_traces,peg_insert_with_lag,occlusion_persistence,0,0.708333,removes failed-rollout traces
minus_failure_traces,peg_insert_with_lag,occlusion_persistence,1,0.638889,removes failed-rollout traces
minus_failure_traces,peg_insert_with_lag,occlusion_persistence,2,0.638889,removes failed-rollout traces
minus_failure_traces,peg_insert_with_lag,occlusion_persistence,3,0.638889,removes failed-rollout traces
minus_failure_traces,peg_insert_with_lag,occlusion_persistence,4,0.666667,removes failed-rollout traces
minus_failure_traces,peg_insert_with_lag,occlusion_persistence,5,0.500000,removes failed-rollout traces
minus_failure_traces,peg_insert_with_lag,occlusion_persistence,6,0.597222,removes failed-rollout traces
minus_failure_traces,peg_insert_with_lag,contact_mode_flip,0,0.555556,removes failed-rollout traces
minus_failure_traces,peg_insert_with_lag,contact_mode_flip,1,0.625000,removes failed-rollout traces
minus_failure_traces,peg_insert_with_lag,contact_mode_flip,2,0.638889,removes failed-rollout traces
minus_failure_traces,peg_insert_with_lag,contact_mode_flip,3,0.527778,removes failed-rollout traces
minus_failure_traces,peg_insert_with_lag,contact_mode_flip,4,0.694444,removes failed-rollout traces
minus_failure_traces,peg_insert_with_lag,contact_mode_flip,5,0.666667,removes failed-rollout traces
minus_failure_traces,peg_insert_with_lag,contact_mode_flip,6,0.569444,removes failed-rollout traces
minus_failure_traces,peg_insert_with_lag,actuator_lag,0,0.680556,removes failed-rollout traces
minus_failure_traces,peg_insert_with_lag,actuator_lag,1,0.583333,removes failed-rollout traces
minus_failure_traces,peg_insert_with_lag,actuator_lag,2,0.583333,removes failed-rollout traces
minus_failure_traces,peg_insert_with_lag,actuator_lag,3,0.750000,removes failed-rollout traces
minus_failure_traces,peg_insert_with_lag,actuator_lag,4,0.722222,removes failed-rollout traces
minus_failure_traces,peg_insert_with_lag,actuator_lag,5,0.694444,removes failed-rollout traces
minus_failure_traces,peg_insert_with_lag,actuator_lag,6,0.652778,removes failed-rollout traces
minus_failure_traces,peg_insert_with_lag,payload_shift,0,0.541667,removes failed-rollout traces
minus_failure_traces,peg_insert_with_lag,payload_shift,1,0.680556,removes failed-rollout traces
minus_failure_traces,peg_insert_with_lag,payload_shift,2,0.555556,removes failed-rollout traces
minus_failure_traces,peg_insert_with_lag,payload_shift,3,0.583333,removes failed-rollout traces
minus_failure_traces,peg_insert_with_lag,payload_shift,4,0.555556,removes failed-rollout traces
minus_failure_traces,peg_insert_with_lag,payload_shift,5,0.611111,removes failed-rollout traces
minus_failure_traces,peg_insert_with_lag,payload_shift,6,0.666667,removes failed-rollout traces
minus_failure_traces,peg_insert_with_lag,combined_hidden_mechanisms,0,0.625000,removes failed-rollout traces
minus_failure_traces,peg_insert_with_lag,combined_hidden_mechanisms,1,0.597222,removes failed-rollout traces
minus_failure_traces,peg_insert_with_lag,combined_hidden_mechanisms,2,0.638889,removes failed-rollout traces
minus_failure_traces,peg_insert_with_lag,combined_hidden_mechanisms,3,0.597222,removes failed-rollout traces
minus_failure_traces,peg_insert_with_lag,combined_hidden_mechanisms,4,0.513889,removes failed-rollout traces
minus_failure_traces,peg_insert_with_lag,combined_hidden_mechanisms,5,0.583333,removes failed-rollout traces
minus_failure_traces,peg_insert_with_lag,combined_hidden_mechanisms,6,0.527778,removes failed-rollout traces
minus_failure_traces,cluttered_navigation_grasp,nominal,0,0.722222,removes failed-rollout traces
minus_failure_traces,cluttered_navigation_grasp,nominal,1,0.805556,removes failed-rollout traces
minus_failure_traces,cluttered_navigation_grasp,nominal,2,0.680556,removes failed-rollout traces
minus_failure_traces,cluttered_navigation_grasp,nominal,3,0.583333,removes failed-rollout traces
minus_failure_traces,cluttered_navigation_grasp,nominal,4,0.625000,removes failed-rollout traces
minus_failure_traces,cluttered_navigation_grasp,nominal,5,0.791667,removes failed-rollout traces
minus_failure_traces,cluttered_navigation_grasp,nominal,6,0.708333,removes failed-rollout traces
minus_failure_traces,cluttered_navigation_grasp,friction_shift,0,0.638889,removes failed-rollout traces
minus_failure_traces,cluttered_navigation_grasp,friction_shift,1,0.694444,removes failed-rollout traces
minus_failure_traces,cluttered_navigation_grasp,friction_shift,2,0.722222,removes failed-rollout traces
minus_failure_traces,cluttered_navigation_grasp,friction_shift,3,0.652778,removes failed-rollout traces
minus_failure_traces,cluttered_navigation_grasp,friction_shift,4,0.611111,removes failed-rollout traces
minus_failure_traces,cluttered_navigation_grasp,friction_shift,5,0.638889,removes failed-rollout traces
minus_failure_traces,cluttered_navigation_grasp,friction_shift,6,0.569444,removes failed-rollout traces
minus_failure_traces,cluttered_navigation_grasp,compliance_shift,0,0.722222,removes failed-rollout traces
minus_failure_traces,cluttered_navigation_grasp,compliance_shift,1,0.638889,removes failed-rollout traces
minus_failure_traces,cluttered_navigation_grasp,compliance_shift,2,0.722222,removes failed-rollout traces
minus_failure_traces,cluttered_navigation_grasp,compliance_shift,3,0.625000,removes failed-rollout traces
minus_failure_traces,cluttered_navigation_grasp,compliance_shift,4,0.583333,removes failed-rollout traces
minus_failure_traces,cluttered_navigation_grasp,compliance_shift,5,0.666667,removes failed-rollout traces
minus_failure_traces,cluttered_navigation_grasp,compliance_shift,6,0.625000,removes failed-rollout traces
minus_failure_traces,cluttered_navigation_grasp,occlusion_persistence,0,0.583333,removes failed-rollout traces
minus_failure_traces,cluttered_navigation_grasp,occlusion_persistence,1,0.708333,removes failed-rollout traces
minus_failure_traces,cluttered_navigation_grasp,occlusion_persistence,2,0.708333,removes failed-rollout traces
minus_failure_traces,cluttered_navigation_grasp,occlusion_persistence,3,0.486111,removes failed-rollout traces
minus_failure_traces,cluttered_navigation_grasp,occlusion_persistence,4,0.638889,removes failed-rollout traces
minus_failure_traces,cluttered_navigation_grasp,occlusion_persistence,5,0.625000,removes failed-rollout traces
minus_failure_traces,cluttered_navigation_grasp,occlusion_persistence,6,0.666667,removes failed-rollout traces
minus_failure_traces,cluttered_navigation_grasp,contact_mode_flip,0,0.541667,removes failed-rollout traces
minus_failure_traces,cluttered_navigation_grasp,contact_mode_flip,1,0.680556,removes failed-rollout traces
minus_failure_traces,cluttered_navigation_grasp,contact_mode_flip,2,0.652778,removes failed-rollout traces
minus_failure_traces,cluttered_navigation_grasp,contact_mode_flip,3,0.708333,removes failed-rollout traces
minus_failure_traces,cluttered_navigation_grasp,contact_mode_flip,4,0.652778,removes failed-rollout traces
minus_failure_traces,cluttered_navigation_grasp,contact_mode_flip,5,0.680556,removes failed-rollout traces
minus_failure_traces,cluttered_navigation_grasp,contact_mode_flip,6,0.541667,removes failed-rollout traces
minus_failure_traces,cluttered_navigation_grasp,actuator_lag,0,0.708333,removes failed-rollout traces
minus_failure_traces,cluttered_navigation_grasp,actuator_lag,1,0.541667,removes failed-rollout traces
minus_failure_traces,cluttered_navigation_grasp,actuator_lag,2,0.597222,removes failed-rollout traces
minus_failure_traces,cluttered_navigation_grasp,actuator_lag,3,0.583333,removes failed-rollout traces
minus_failure_traces,cluttered_navigation_grasp,actuator_lag,4,0.513889,removes failed-rollout traces
minus_failure_traces,cluttered_navigation_grasp,actuator_lag,5,0.763889,removes failed-rollout traces
minus_failure_traces,cluttered_navigation_grasp,actuator_lag,6,0.708333,removes failed-rollout traces
minus_failure_traces,cluttered_navigation_grasp,payload_shift,0,0.611111,removes failed-rollout traces
minus_failure_traces,cluttered_navigation_grasp,payload_shift,1,0.736111,removes failed-rollout traces
minus_failure_traces,cluttered_navigation_grasp,payload_shift,2,0.555556,removes failed-rollout traces
minus_failure_traces,cluttered_navigation_grasp,payload_shift,3,0.569444,removes failed-rollout traces
minus_failure_traces,cluttered_navigation_grasp,payload_shift,4,0.569444,removes failed-rollout traces
minus_failure_traces,cluttered_navigation_grasp,payload_shift,5,0.652778,removes failed-rollout traces
minus_failure_traces,cluttered_navigation_grasp,payload_shift,6,0.583333,removes failed-rollout traces
minus_failure_traces,cluttered_navigation_grasp,combined_hidden_mechanisms,0,0.527778,removes failed-rollout traces
minus_failure_traces,cluttered_navigation_grasp,combined_hidden_mechanisms,1,0.583333,removes failed-rollout traces
minus_failure_traces,cluttered_navigation_grasp,combined_hidden_mechanisms,2,0.583333,removes failed-rollout traces
minus_failure_traces,cluttered_navigation_grasp,combined_hidden_mechanisms,3,0.513889,removes failed-rollout traces
minus_failure_traces,cluttered_navigation_grasp,combined_hidden_mechanisms,4,0.597222,removes failed-rollout traces
minus_failure_traces,cluttered_navigation_grasp,combined_hidden_mechanisms,5,0.527778,removes failed-rollout traces
minus_failure_traces,cluttered_navigation_grasp,combined_hidden_mechanisms,6,0.569444,removes failed-rollout traces
minus_mechanism_taxonomy,drawer_contact_repair,nominal,0,0.666667,collapses mechanism labels
minus_mechanism_taxonomy,drawer_contact_repair,nominal,1,0.722222,collapses mechanism labels
minus_mechanism_taxonomy,drawer_contact_repair,nominal,2,0.763889,collapses mechanism labels
minus_mechanism_taxonomy,drawer_contact_repair,nominal,3,0.694444,collapses mechanism labels
minus_mechanism_taxonomy,drawer_contact_repair,nominal,4,0.763889,collapses mechanism labels
minus_mechanism_taxonomy,drawer_contact_repair,nominal,5,0.680556,collapses mechanism labels
minus_mechanism_taxonomy,drawer_contact_repair,nominal,6,0.694444,collapses mechanism labels
minus_mechanism_taxonomy,drawer_contact_repair,friction_shift,0,0.625000,collapses mechanism labels
minus_mechanism_taxonomy,drawer_contact_repair,friction_shift,1,0.680556,collapses mechanism labels
minus_mechanism_taxonomy,drawer_contact_repair,friction_shift,2,0.680556,collapses mechanism labels
minus_mechanism_taxonomy,drawer_contact_repair,friction_shift,3,0.555556,collapses mechanism labels
minus_mechanism_taxonomy,drawer_contact_repair,friction_shift,4,0.694444,collapses mechanism labels
minus_mechanism_taxonomy,drawer_contact_repair,friction_shift,5,0.625000,collapses mechanism labels
minus_mechanism_taxonomy,drawer_contact_repair,friction_shift,6,0.694444,collapses mechanism labels
minus_mechanism_taxonomy,drawer_contact_repair,compliance_shift,0,0.652778,collapses mechanism labels
minus_mechanism_taxonomy,drawer_contact_repair,compliance_shift,1,0.666667,collapses mechanism labels
minus_mechanism_taxonomy,drawer_contact_repair,compliance_shift,2,0.652778,collapses mechanism labels
minus_mechanism_taxonomy,drawer_contact_repair,compliance_shift,3,0.763889,collapses mechanism labels
minus_mechanism_taxonomy,drawer_contact_repair,compliance_shift,4,0.736111,collapses mechanism labels
minus_mechanism_taxonomy,drawer_contact_repair,compliance_shift,5,0.694444,collapses mechanism labels
minus_mechanism_taxonomy,drawer_contact_repair,compliance_shift,6,0.597222,collapses mechanism labels
minus_mechanism_taxonomy,drawer_contact_repair,occlusion_persistence,0,0.694444,collapses mechanism labels
minus_mechanism_taxonomy,drawer_contact_repair,occlusion_persistence,1,0.736111,collapses mechanism labels
minus_mechanism_taxonomy,drawer_contact_repair,occlusion_persistence,2,0.680556,collapses mechanism labels
minus_mechanism_taxonomy,drawer_contact_repair,occlusion_persistence,3,0.652778,collapses mechanism labels
minus_mechanism_taxonomy,drawer_contact_repair,occlusion_persistence,4,0.694444,collapses mechanism labels
minus_mechanism_taxonomy,drawer_contact_repair,occlusion_persistence,5,0.625000,collapses mechanism labels
minus_mechanism_taxonomy,drawer_contact_repair,occlusion_persistence,6,0.694444,collapses mechanism labels
minus_mechanism_taxonomy,drawer_contact_repair,contact_mode_flip,0,0.666667,collapses mechanism labels
minus_mechanism_taxonomy,drawer_contact_repair,contact_mode_flip,1,0.694444,collapses mechanism labels
minus_mechanism_taxonomy,drawer_contact_repair,contact_mode_flip,2,0.666667,collapses mechanism labels
minus_mechanism_taxonomy,drawer_contact_repair,contact_mode_flip,3,0.625000,collapses mechanism labels
minus_mechanism_taxonomy,drawer_contact_repair,contact_mode_flip,4,0.569444,collapses mechanism labels
minus_mechanism_taxonomy,drawer_contact_repair,contact_mode_flip,5,0.583333,collapses mechanism labels
minus_mechanism_taxonomy,drawer_contact_repair,contact_mode_flip,6,0.638889,collapses mechanism labels
minus_mechanism_taxonomy,drawer_contact_repair,actuator_lag,0,0.638889,collapses mechanism labels
minus_mechanism_taxonomy,drawer_contact_repair,actuator_lag,1,0.611111,collapses mechanism labels
minus_mechanism_taxonomy,drawer_contact_repair,actuator_lag,2,0.625000,collapses mechanism labels
minus_mechanism_taxonomy,drawer_contact_repair,actuator_lag,3,0.625000,collapses mechanism labels
minus_mechanism_taxonomy,drawer_contact_repair,actuator_lag,4,0.666667,collapses mechanism labels
minus_mechanism_taxonomy,drawer_contact_repair,actuator_lag,5,0.708333,collapses mechanism labels
minus_mechanism_taxonomy,drawer_contact_repair,actuator_lag,6,0.583333,collapses mechanism labels
minus_mechanism_taxonomy,drawer_contact_repair,payload_shift,0,0.694444,collapses mechanism labels
minus_mechanism_taxonomy,drawer_contact_repair,payload_shift,1,0.611111,collapses mechanism labels
minus_mechanism_taxonomy,drawer_contact_repair,payload_shift,2,0.597222,collapses mechanism labels
minus_mechanism_taxonomy,drawer_contact_repair,payload_shift,3,0.583333,collapses mechanism labels
minus_mechanism_taxonomy,drawer_contact_repair,payload_shift,4,0.666667,collapses mechanism labels
minus_mechanism_taxonomy,drawer_contact_repair,payload_shift,5,0.638889,collapses mechanism labels
minus_mechanism_taxonomy,drawer_contact_repair,payload_shift,6,0.652778,collapses mechanism labels
minus_mechanism_taxonomy,drawer_contact_repair,combined_hidden_mechanisms,0,0.569444,collapses mechanism labels
minus_mechanism_taxonomy,drawer_contact_repair,combined_hidden_mechanisms,1,0.527778,collapses mechanism labels
minus_mechanism_taxonomy,drawer_contact_repair,combined_hidden_mechanisms,2,0.611111,collapses mechanism labels
minus_mechanism_taxonomy,drawer_contact_repair,combined_hidden_mechanisms,3,0.625000,collapses mechanism labels
minus_mechanism_taxonomy,drawer_contact_repair,combined_hidden_mechanisms,4,0.555556,collapses mechanism labels
minus_mechanism_taxonomy,drawer_contact_repair,combined_hidden_mechanisms,5,0.680556,collapses mechanism labels
minus_mechanism_taxonomy,drawer_contact_repair,combined_hidden_mechanisms,6,0.583333,collapses mechanism labels
minus_mechanism_taxonomy,deformable_bin_pick,nominal,0,0.625000,collapses mechanism labels
minus_mechanism_taxonomy,deformable_bin_pick,nominal,1,0.527778,collapses mechanism labels
minus_mechanism_taxonomy,deformable_bin_pick,nominal,2,0.791667,collapses mechanism labels
minus_mechanism_taxonomy,deformable_bin_pick,nominal,3,0.680556,collapses mechanism labels
minus_mechanism_taxonomy,deformable_bin_pick,nominal,4,0.680556,collapses mechanism labels
minus_mechanism_taxonomy,deformable_bin_pick,nominal,5,0.638889,collapses mechanism labels
minus_mechanism_taxonomy,deformable_bin_pick,nominal,6,0.666667,collapses mechanism labels
minus_mechanism_taxonomy,deformable_bin_pick,friction_shift,0,0.583333,collapses mechanism labels
minus_mechanism_taxonomy,deformable_bin_pick,friction_shift,1,0.763889,collapses mechanism labels
minus_mechanism_taxonomy,deformable_bin_pick,friction_shift,2,0.736111,collapses mechanism labels
minus_mechanism_taxonomy,deformable_bin_pick,friction_shift,3,0.555556,collapses mechanism labels
minus_mechanism_taxonomy,deformable_bin_pick,friction_shift,4,0.597222,collapses mechanism labels
minus_mechanism_taxonomy,deformable_bin_pick,friction_shift,5,0.652778,collapses mechanism labels
minus_mechanism_taxonomy,deformable_bin_pick,friction_shift,6,0.486111,collapses mechanism labels
minus_mechanism_taxonomy,deformable_bin_pick,compliance_shift,0,0.638889,collapses mechanism labels
minus_mechanism_taxonomy,deformable_bin_pick,compliance_shift,1,0.652778,collapses mechanism labels
minus_mechanism_taxonomy,deformable_bin_pick,compliance_shift,2,0.680556,collapses mechanism labels
minus_mechanism_taxonomy,deformable_bin_pick,compliance_shift,3,0.652778,collapses mechanism labels
minus_mechanism_taxonomy,deformable_bin_pick,compliance_shift,4,0.527778,collapses mechanism labels
minus_mechanism_taxonomy,deformable_bin_pick,compliance_shift,5,0.666667,collapses mechanism labels
minus_mechanism_taxonomy,deformable_bin_pick,compliance_shift,6,0.597222,collapses mechanism labels
minus_mechanism_taxonomy,deformable_bin_pick,occlusion_persistence,0,0.555556,collapses mechanism labels
minus_mechanism_taxonomy,deformable_bin_pick,occlusion_persistence,1,0.666667,collapses mechanism labels
minus_mechanism_taxonomy,deformable_bin_pick,occlusion_persistence,2,0.652778,collapses mechanism labels
minus_mechanism_taxonomy,deformable_bin_pick,occlusion_persistence,3,0.541667,collapses mechanism labels
minus_mechanism_taxonomy,deformable_bin_pick,occlusion_persistence,4,0.680556,collapses mechanism labels
minus_mechanism_taxonomy,deformable_bin_pick,occlusion_persistence,5,0.583333,collapses mechanism labels
minus_mechanism_taxonomy,deformable_bin_pick,occlusion_persistence,6,0.527778,collapses mechanism labels
minus_mechanism_taxonomy,deformable_bin_pick,contact_mode_flip,0,0.569444,collapses mechanism labels
minus_mechanism_taxonomy,deformable_bin_pick,contact_mode_flip,1,0.541667,collapses mechanism labels
minus_mechanism_taxonomy,deformable_bin_pick,contact_mode_flip,2,0.597222,collapses mechanism labels
minus_mechanism_taxonomy,deformable_bin_pick,contact_mode_flip,3,0.638889,collapses mechanism labels
minus_mechanism_taxonomy,deformable_bin_pick,contact_mode_flip,4,0.569444,collapses mechanism labels
minus_mechanism_taxonomy,deformable_bin_pick,contact_mode_flip,5,0.555556,collapses mechanism labels
minus_mechanism_taxonomy,deformable_bin_pick,contact_mode_flip,6,0.791667,collapses mechanism labels
minus_mechanism_taxonomy,deformable_bin_pick,actuator_lag,0,0.541667,collapses mechanism labels
minus_mechanism_taxonomy,deformable_bin_pick,actuator_lag,1,0.680556,collapses mechanism labels
minus_mechanism_taxonomy,deformable_bin_pick,actuator_lag,2,0.583333,collapses mechanism labels
minus_mechanism_taxonomy,deformable_bin_pick,actuator_lag,3,0.472222,collapses mechanism labels
minus_mechanism_taxonomy,deformable_bin_pick,actuator_lag,4,0.625000,collapses mechanism labels
minus_mechanism_taxonomy,deformable_bin_pick,actuator_lag,5,0.583333,collapses mechanism labels
minus_mechanism_taxonomy,deformable_bin_pick,actuator_lag,6,0.625000,collapses mechanism labels
minus_mechanism_taxonomy,deformable_bin_pick,payload_shift,0,0.569444,collapses mechanism labels
minus_mechanism_taxonomy,deformable_bin_pick,payload_shift,1,0.625000,collapses mechanism labels
minus_mechanism_taxonomy,deformable_bin_pick,payload_shift,2,0.597222,collapses mechanism labels
minus_mechanism_taxonomy,deformable_bin_pick,payload_shift,3,0.486111,collapses mechanism labels
minus_mechanism_taxonomy,deformable_bin_pick,payload_shift,4,0.597222,collapses mechanism labels
minus_mechanism_taxonomy,deformable_bin_pick,payload_shift,5,0.625000,collapses mechanism labels
minus_mechanism_taxonomy,deformable_bin_pick,payload_shift,6,0.555556,collapses mechanism labels
minus_mechanism_taxonomy,deformable_bin_pick,combined_hidden_mechanisms,0,0.513889,collapses mechanism labels
minus_mechanism_taxonomy,deformable_bin_pick,combined_hidden_mechanisms,1,0.527778,collapses mechanism labels
minus_mechanism_taxonomy,deformable_bin_pick,combined_hidden_mechanisms,2,0.555556,collapses mechanism labels
minus_mechanism_taxonomy,deformable_bin_pick,combined_hidden_mechanisms,3,0.555556,collapses mechanism labels
minus_mechanism_taxonomy,deformable_bin_pick,combined_hidden_mechanisms,4,0.541667,collapses mechanism labels
minus_mechanism_taxonomy,deformable_bin_pick,combined_hidden_mechanisms,5,0.513889,collapses mechanism labels
minus_mechanism_taxonomy,deformable_bin_pick,combined_hidden_mechanisms,6,0.541667,collapses mechanism labels
minus_mechanism_taxonomy,occluded_push_recovery,nominal,0,0.680556,collapses mechanism labels
minus_mechanism_taxonomy,occluded_push_recovery,nominal,1,0.652778,collapses mechanism labels
minus_mechanism_taxonomy,occluded_push_recovery,nominal,2,0.750000,collapses mechanism labels
minus_mechanism_taxonomy,occluded_push_recovery,nominal,3,0.680556,collapses mechanism labels
minus_mechanism_taxonomy,occluded_push_recovery,nominal,4,0.625000,collapses mechanism labels
minus_mechanism_taxonomy,occluded_push_recovery,nominal,5,0.763889,collapses mechanism labels
minus_mechanism_taxonomy,occluded_push_recovery,nominal,6,0.694444,collapses mechanism labels
minus_mechanism_taxonomy,occluded_push_recovery,friction_shift,0,0.625000,collapses mechanism labels
minus_mechanism_taxonomy,occluded_push_recovery,friction_shift,1,0.611111,collapses mechanism labels
minus_mechanism_taxonomy,occluded_push_recovery,friction_shift,2,0.597222,collapses mechanism labels
minus_mechanism_taxonomy,occluded_push_recovery,friction_shift,3,0.541667,collapses mechanism labels
minus_mechanism_taxonomy,occluded_push_recovery,friction_shift,4,0.666667,collapses mechanism labels
minus_mechanism_taxonomy,occluded_push_recovery,friction_shift,5,0.680556,collapses mechanism labels
minus_mechanism_taxonomy,occluded_push_recovery,friction_shift,6,0.541667,collapses mechanism labels
minus_mechanism_taxonomy,occluded_push_recovery,compliance_shift,0,0.638889,collapses mechanism labels
minus_mechanism_taxonomy,occluded_push_recovery,compliance_shift,1,0.583333,collapses mechanism labels
minus_mechanism_taxonomy,occluded_push_recovery,compliance_shift,2,0.625000,collapses mechanism labels
minus_mechanism_taxonomy,occluded_push_recovery,compliance_shift,3,0.680556,collapses mechanism labels
minus_mechanism_taxonomy,occluded_push_recovery,compliance_shift,4,0.652778,collapses mechanism labels
minus_mechanism_taxonomy,occluded_push_recovery,compliance_shift,5,0.694444,collapses mechanism labels
minus_mechanism_taxonomy,occluded_push_recovery,compliance_shift,6,0.694444,collapses mechanism labels
minus_mechanism_taxonomy,occluded_push_recovery,occlusion_persistence,0,0.694444,collapses mechanism labels
minus_mechanism_taxonomy,occluded_push_recovery,occlusion_persistence,1,0.680556,collapses mechanism labels
minus_mechanism_taxonomy,occluded_push_recovery,occlusion_persistence,2,0.694444,collapses mechanism labels
minus_mechanism_taxonomy,occluded_push_recovery,occlusion_persistence,3,0.611111,collapses mechanism labels
minus_mechanism_taxonomy,occluded_push_recovery,occlusion_persistence,4,0.569444,collapses mechanism labels
minus_mechanism_taxonomy,occluded_push_recovery,occlusion_persistence,5,0.597222,collapses mechanism labels
minus_mechanism_taxonomy,occluded_push_recovery,occlusion_persistence,6,0.680556,collapses mechanism labels
minus_mechanism_taxonomy,occluded_push_recovery,contact_mode_flip,0,0.652778,collapses mechanism labels
minus_mechanism_taxonomy,occluded_push_recovery,contact_mode_flip,1,0.638889,collapses mechanism labels
minus_mechanism_taxonomy,occluded_push_recovery,contact_mode_flip,2,0.513889,collapses mechanism labels
minus_mechanism_taxonomy,occluded_push_recovery,contact_mode_flip,3,0.625000,collapses mechanism labels
minus_mechanism_taxonomy,occluded_push_recovery,contact_mode_flip,4,0.513889,collapses mechanism labels
minus_mechanism_taxonomy,occluded_push_recovery,contact_mode_flip,5,0.625000,collapses mechanism labels
minus_mechanism_taxonomy,occluded_push_recovery,contact_mode_flip,6,0.541667,collapses mechanism labels
minus_mechanism_taxonomy,occluded_push_recovery,actuator_lag,0,0.666667,collapses mechanism labels
minus_mechanism_taxonomy,occluded_push_recovery,actuator_lag,1,0.597222,collapses mechanism labels
minus_mechanism_taxonomy,occluded_push_recovery,actuator_lag,2,0.541667,collapses mechanism labels
minus_mechanism_taxonomy,occluded_push_recovery,actuator_lag,3,0.722222,collapses mechanism labels
minus_mechanism_taxonomy,occluded_push_recovery,actuator_lag,4,0.611111,collapses mechanism labels
minus_mechanism_taxonomy,occluded_push_recovery,actuator_lag,5,0.569444,collapses mechanism labels
minus_mechanism_taxonomy,occluded_push_recovery,actuator_lag,6,0.736111,collapses mechanism labels
minus_mechanism_taxonomy,occluded_push_recovery,payload_shift,0,0.638889,collapses mechanism labels
minus_mechanism_taxonomy,occluded_push_recovery,payload_shift,1,0.541667,collapses mechanism labels
minus_mechanism_taxonomy,occluded_push_recovery,payload_shift,2,0.541667,collapses mechanism labels
minus_mechanism_taxonomy,occluded_push_recovery,payload_shift,3,0.583333,collapses mechanism labels
minus_mechanism_taxonomy,occluded_push_recovery,payload_shift,4,0.583333,collapses mechanism labels
minus_mechanism_taxonomy,occluded_push_recovery,payload_shift,5,0.555556,collapses mechanism labels
minus_mechanism_taxonomy,occluded_push_recovery,payload_shift,6,0.625000,collapses mechanism labels
minus_mechanism_taxonomy,occluded_push_recovery,combined_hidden_mechanisms,0,0.597222,collapses mechanism labels
minus_mechanism_taxonomy,occluded_push_recovery,combined_hidden_mechanisms,1,0.486111,collapses mechanism labels
minus_mechanism_taxonomy,occluded_push_recovery,combined_hidden_mechanisms,2,0.444444,collapses mechanism labels
minus_mechanism_taxonomy,occluded_push_recovery,combined_hidden_mechanisms,3,0.527778,collapses mechanism labels
minus_mechanism_taxonomy,occluded_push_recovery,combined_hidden_mechanisms,4,0.513889,collapses mechanism labels
minus_mechanism_taxonomy,occluded_push_recovery,combined_hidden_mechanisms,5,0.486111,collapses mechanism labels
minus_mechanism_taxonomy,occluded_push_recovery,combined_hidden_mechanisms,6,0.472222,collapses mechanism labels
minus_mechanism_taxonomy,payload_handover,nominal,0,0.694444,collapses mechanism labels
minus_mechanism_taxonomy,payload_handover,nominal,1,0.708333,collapses mechanism labels
minus_mechanism_taxonomy,payload_handover,nominal,2,0.652778,collapses mechanism labels
minus_mechanism_taxonomy,payload_handover,nominal,3,0.708333,collapses mechanism labels
minus_mechanism_taxonomy,payload_handover,nominal,4,0.722222,collapses mechanism labels
minus_mechanism_taxonomy,payload_handover,nominal,5,0.736111,collapses mechanism labels
minus_mechanism_taxonomy,payload_handover,nominal,6,0.666667,collapses mechanism labels
minus_mechanism_taxonomy,payload_handover,friction_shift,0,0.638889,collapses mechanism labels
minus_mechanism_taxonomy,payload_handover,friction_shift,1,0.652778,collapses mechanism labels
minus_mechanism_taxonomy,payload_handover,friction_shift,2,0.611111,collapses mechanism labels
minus_mechanism_taxonomy,payload_handover,friction_shift,3,0.541667,collapses mechanism labels
minus_mechanism_taxonomy,payload_handover,friction_shift,4,0.666667,collapses mechanism labels
minus_mechanism_taxonomy,payload_handover,friction_shift,5,0.652778,collapses mechanism labels
minus_mechanism_taxonomy,payload_handover,friction_shift,6,0.666667,collapses mechanism labels
minus_mechanism_taxonomy,payload_handover,compliance_shift,0,0.611111,collapses mechanism labels
minus_mechanism_taxonomy,payload_handover,compliance_shift,1,0.652778,collapses mechanism labels
minus_mechanism_taxonomy,payload_handover,compliance_shift,2,0.611111,collapses mechanism labels
minus_mechanism_taxonomy,payload_handover,compliance_shift,3,0.583333,collapses mechanism labels
minus_mechanism_taxonomy,payload_handover,compliance_shift,4,0.583333,collapses mechanism labels
minus_mechanism_taxonomy,payload_handover,compliance_shift,5,0.694444,collapses mechanism labels
minus_mechanism_taxonomy,payload_handover,compliance_shift,6,0.708333,collapses mechanism labels
minus_mechanism_taxonomy,payload_handover,occlusion_persistence,0,0.638889,collapses mechanism labels
minus_mechanism_taxonomy,payload_handover,occlusion_persistence,1,0.680556,collapses mechanism labels
minus_mechanism_taxonomy,payload_handover,occlusion_persistence,2,0.708333,collapses mechanism labels
minus_mechanism_taxonomy,payload_handover,occlusion_persistence,3,0.638889,collapses mechanism labels
minus_mechanism_taxonomy,payload_handover,occlusion_persistence,4,0.652778,collapses mechanism labels
minus_mechanism_taxonomy,payload_handover,occlusion_persistence,5,0.652778,collapses mechanism labels
minus_mechanism_taxonomy,payload_handover,occlusion_persistence,6,0.680556,collapses mechanism labels
minus_mechanism_taxonomy,payload_handover,contact_mode_flip,0,0.486111,collapses mechanism labels
minus_mechanism_taxonomy,payload_handover,contact_mode_flip,1,0.611111,collapses mechanism labels
minus_mechanism_taxonomy,payload_handover,contact_mode_flip,2,0.708333,collapses mechanism labels
minus_mechanism_taxonomy,payload_handover,contact_mode_flip,3,0.625000,collapses mechanism labels
minus_mechanism_taxonomy,payload_handover,contact_mode_flip,4,0.513889,collapses mechanism labels
minus_mechanism_taxonomy,payload_handover,contact_mode_flip,5,0.625000,collapses mechanism labels
minus_mechanism_taxonomy,payload_handover,contact_mode_flip,6,0.666667,collapses mechanism labels
minus_mechanism_taxonomy,payload_handover,actuator_lag,0,0.597222,collapses mechanism labels
minus_mechanism_taxonomy,payload_handover,actuator_lag,1,0.652778,collapses mechanism labels
minus_mechanism_taxonomy,payload_handover,actuator_lag,2,0.541667,collapses mechanism labels
minus_mechanism_taxonomy,payload_handover,actuator_lag,3,0.597222,collapses mechanism labels
minus_mechanism_taxonomy,payload_handover,actuator_lag,4,0.555556,collapses mechanism labels
minus_mechanism_taxonomy,payload_handover,actuator_lag,5,0.666667,collapses mechanism labels
minus_mechanism_taxonomy,payload_handover,actuator_lag,6,0.597222,collapses mechanism labels
minus_mechanism_taxonomy,payload_handover,payload_shift,0,0.625000,collapses mechanism labels
minus_mechanism_taxonomy,payload_handover,payload_shift,1,0.597222,collapses mechanism labels
minus_mechanism_taxonomy,payload_handover,payload_shift,2,0.625000,collapses mechanism labels
minus_mechanism_taxonomy,payload_handover,payload_shift,3,0.513889,collapses mechanism labels
minus_mechanism_taxonomy,payload_handover,payload_shift,4,0.680556,collapses mechanism labels
minus_mechanism_taxonomy,payload_handover,payload_shift,5,0.611111,collapses mechanism labels
minus_mechanism_taxonomy,payload_handover,payload_shift,6,0.708333,collapses mechanism labels
minus_mechanism_taxonomy,payload_handover,combined_hidden_mechanisms,0,0.569444,collapses mechanism labels
minus_mechanism_taxonomy,payload_handover,combined_hidden_mechanisms,1,0.486111,collapses mechanism labels
minus_mechanism_taxonomy,payload_handover,combined_hidden_mechanisms,2,0.625000,collapses mechanism labels
minus_mechanism_taxonomy,payload_handover,combined_hidden_mechanisms,3,0.625000,collapses mechanism labels
minus_mechanism_taxonomy,payload_handover,combined_hidden_mechanisms,4,0.555556,collapses mechanism labels
minus_mechanism_taxonomy,payload_handover,combined_hidden_mechanisms,5,0.555556,collapses mechanism labels
minus_mechanism_taxonomy,payload_handover,combined_hidden_mechanisms,6,0.500000,collapses mechanism labels
minus_mechanism_taxonomy,peg_insert_with_lag,nominal,0,0.638889,collapses mechanism labels
minus_mechanism_taxonomy,peg_insert_with_lag,nominal,1,0.680556,collapses mechanism labels
minus_mechanism_taxonomy,peg_insert_with_lag,nominal,2,0.722222,collapses mechanism labels
minus_mechanism_taxonomy,peg_insert_with_lag,nominal,3,0.694444,collapses mechanism labels
minus_mechanism_taxonomy,peg_insert_with_lag,nominal,4,0.583333,collapses mechanism labels
minus_mechanism_taxonomy,peg_insert_with_lag,nominal,5,0.625000,collapses mechanism labels
minus_mechanism_taxonomy,peg_insert_with_lag,nominal,6,0.708333,collapses mechanism labels
minus_mechanism_taxonomy,peg_insert_with_lag,friction_shift,0,0.597222,collapses mechanism labels
minus_mechanism_taxonomy,peg_insert_with_lag,friction_shift,1,0.569444,collapses mechanism labels
minus_mechanism_taxonomy,peg_insert_with_lag,friction_shift,2,0.597222,collapses mechanism labels
minus_mechanism_taxonomy,peg_insert_with_lag,friction_shift,3,0.625000,collapses mechanism labels
minus_mechanism_taxonomy,peg_insert_with_lag,friction_shift,4,0.625000,collapses mechanism labels
minus_mechanism_taxonomy,peg_insert_with_lag,friction_shift,5,0.611111,collapses mechanism labels
minus_mechanism_taxonomy,peg_insert_with_lag,friction_shift,6,0.680556,collapses mechanism labels
minus_mechanism_taxonomy,peg_insert_with_lag,compliance_shift,0,0.708333,collapses mechanism labels
minus_mechanism_taxonomy,peg_insert_with_lag,compliance_shift,1,0.611111,collapses mechanism labels
minus_mechanism_taxonomy,peg_insert_with_lag,compliance_shift,2,0.597222,collapses mechanism labels
minus_mechanism_taxonomy,peg_insert_with_lag,compliance_shift,3,0.597222,collapses mechanism labels
minus_mechanism_taxonomy,peg_insert_with_lag,compliance_shift,4,0.611111,collapses mechanism labels
minus_mechanism_taxonomy,peg_insert_with_lag,compliance_shift,5,0.625000,collapses mechanism labels
minus_mechanism_taxonomy,peg_insert_with_lag,compliance_shift,6,0.625000,collapses mechanism labels
minus_mechanism_taxonomy,peg_insert_with_lag,occlusion_persistence,0,0.625000,collapses mechanism labels
minus_mechanism_taxonomy,peg_insert_with_lag,occlusion_persistence,1,0.569444,collapses mechanism labels
minus_mechanism_taxonomy,peg_insert_with_lag,occlusion_persistence,2,0.680556,collapses mechanism labels
minus_mechanism_taxonomy,peg_insert_with_lag,occlusion_persistence,3,0.611111,collapses mechanism labels
minus_mechanism_taxonomy,peg_insert_with_lag,occlusion_persistence,4,0.541667,collapses mechanism labels
minus_mechanism_taxonomy,peg_insert_with_lag,occlusion_persistence,5,0.555556,collapses mechanism labels
minus_mechanism_taxonomy,peg_insert_with_lag,occlusion_persistence,6,0.625000,collapses mechanism labels
minus_mechanism_taxonomy,peg_insert_with_lag,contact_mode_flip,0,0.638889,collapses mechanism labels
minus_mechanism_taxonomy,peg_insert_with_lag,contact_mode_flip,1,0.583333,collapses mechanism labels
minus_mechanism_taxonomy,peg_insert_with_lag,contact_mode_flip,2,0.652778,collapses mechanism labels
minus_mechanism_taxonomy,peg_insert_with_lag,contact_mode_flip,3,0.694444,collapses mechanism labels
minus_mechanism_taxonomy,peg_insert_with_lag,contact_mode_flip,4,0.583333,collapses mechanism labels
minus_mechanism_taxonomy,peg_insert_with_lag,contact_mode_flip,5,0.694444,collapses mechanism labels
minus_mechanism_taxonomy,peg_insert_with_lag,contact_mode_flip,6,0.625000,collapses mechanism labels
minus_mechanism_taxonomy,peg_insert_with_lag,actuator_lag,0,0.597222,collapses mechanism labels
minus_mechanism_taxonomy,peg_insert_with_lag,actuator_lag,1,0.500000,collapses mechanism labels
minus_mechanism_taxonomy,peg_insert_with_lag,actuator_lag,2,0.611111,collapses mechanism labels
minus_mechanism_taxonomy,peg_insert_with_lag,actuator_lag,3,0.555556,collapses mechanism labels
minus_mechanism_taxonomy,peg_insert_with_lag,actuator_lag,4,0.722222,collapses mechanism labels
minus_mechanism_taxonomy,peg_insert_with_lag,actuator_lag,5,0.597222,collapses mechanism labels
minus_mechanism_taxonomy,peg_insert_with_lag,actuator_lag,6,0.513889,collapses mechanism labels
minus_mechanism_taxonomy,peg_insert_with_lag,payload_shift,0,0.694444,collapses mechanism labels
minus_mechanism_taxonomy,peg_insert_with_lag,payload_shift,1,0.555556,collapses mechanism labels
minus_mechanism_taxonomy,peg_insert_with_lag,payload_shift,2,0.458333,collapses mechanism labels
minus_mechanism_taxonomy,peg_insert_with_lag,payload_shift,3,0.583333,collapses mechanism labels
minus_mechanism_taxonomy,peg_insert_with_lag,payload_shift,4,0.527778,collapses mechanism labels
minus_mechanism_taxonomy,peg_insert_with_lag,payload_shift,5,0.569444,collapses mechanism labels
minus_mechanism_taxonomy,peg_insert_with_lag,payload_shift,6,0.569444,collapses mechanism labels
minus_mechanism_taxonomy,peg_insert_with_lag,combined_hidden_mechanisms,0,0.513889,collapses mechanism labels
minus_mechanism_taxonomy,peg_insert_with_lag,combined_hidden_mechanisms,1,0.430556,collapses mechanism labels
minus_mechanism_taxonomy,peg_insert_with_lag,combined_hidden_mechanisms,2,0.555556,collapses mechanism labels
minus_mechanism_taxonomy,peg_insert_with_lag,combined_hidden_mechanisms,3,0.555556,collapses mechanism labels
minus_mechanism_taxonomy,peg_insert_with_lag,combined_hidden_mechanisms,4,0.513889,collapses mechanism labels
minus_mechanism_taxonomy,peg_insert_with_lag,combined_hidden_mechanisms,5,0.513889,collapses mechanism labels
minus_mechanism_taxonomy,peg_insert_with_lag,combined_hidden_mechanisms,6,0.541667,collapses mechanism labels
minus_mechanism_taxonomy,cluttered_navigation_grasp,nominal,0,0.750000,collapses mechanism labels
minus_mechanism_taxonomy,cluttered_navigation_grasp,nominal,1,0.680556,collapses mechanism labels
minus_mechanism_taxonomy,cluttered_navigation_grasp,nominal,2,0.652778,collapses mechanism labels
minus_mechanism_taxonomy,cluttered_navigation_grasp,nominal,3,0.750000,collapses mechanism labels
minus_mechanism_taxonomy,cluttered_navigation_grasp,nominal,4,0.750000,collapses mechanism labels
minus_mechanism_taxonomy,cluttered_navigation_grasp,nominal,5,0.680556,collapses mechanism labels
minus_mechanism_taxonomy,cluttered_navigation_grasp,nominal,6,0.708333,collapses mechanism labels
minus_mechanism_taxonomy,cluttered_navigation_grasp,friction_shift,0,0.638889,collapses mechanism labels
minus_mechanism_taxonomy,cluttered_navigation_grasp,friction_shift,1,0.666667,collapses mechanism labels
minus_mechanism_taxonomy,cluttered_navigation_grasp,friction_shift,2,0.694444,collapses mechanism labels
minus_mechanism_taxonomy,cluttered_navigation_grasp,friction_shift,3,0.611111,collapses mechanism labels
minus_mechanism_taxonomy,cluttered_navigation_grasp,friction_shift,4,0.625000,collapses mechanism labels
minus_mechanism_taxonomy,cluttered_navigation_grasp,friction_shift,5,0.611111,collapses mechanism labels
minus_mechanism_taxonomy,cluttered_navigation_grasp,friction_shift,6,0.569444,collapses mechanism labels
minus_mechanism_taxonomy,cluttered_navigation_grasp,compliance_shift,0,0.625000,collapses mechanism labels
minus_mechanism_taxonomy,cluttered_navigation_grasp,compliance_shift,1,0.611111,collapses mechanism labels
minus_mechanism_taxonomy,cluttered_navigation_grasp,compliance_shift,2,0.652778,collapses mechanism labels
minus_mechanism_taxonomy,cluttered_navigation_grasp,compliance_shift,3,0.500000,collapses mechanism labels
minus_mechanism_taxonomy,cluttered_navigation_grasp,compliance_shift,4,0.638889,collapses mechanism labels
minus_mechanism_taxonomy,cluttered_navigation_grasp,compliance_shift,5,0.597222,collapses mechanism labels
minus_mechanism_taxonomy,cluttered_navigation_grasp,compliance_shift,6,0.652778,collapses mechanism labels
minus_mechanism_taxonomy,cluttered_navigation_grasp,occlusion_persistence,0,0.583333,collapses mechanism labels
minus_mechanism_taxonomy,cluttered_navigation_grasp,occlusion_persistence,1,0.569444,collapses mechanism labels
minus_mechanism_taxonomy,cluttered_navigation_grasp,occlusion_persistence,2,0.597222,collapses mechanism labels
minus_mechanism_taxonomy,cluttered_navigation_grasp,occlusion_persistence,3,0.625000,collapses mechanism labels
minus_mechanism_taxonomy,cluttered_navigation_grasp,occlusion_persistence,4,0.569444,collapses mechanism labels
minus_mechanism_taxonomy,cluttered_navigation_grasp,occlusion_persistence,5,0.722222,collapses mechanism labels
minus_mechanism_taxonomy,cluttered_navigation_grasp,occlusion_persistence,6,0.652778,collapses mechanism labels
minus_mechanism_taxonomy,cluttered_navigation_grasp,contact_mode_flip,0,0.652778,collapses mechanism labels
minus_mechanism_taxonomy,cluttered_navigation_grasp,contact_mode_flip,1,0.625000,collapses mechanism labels
minus_mechanism_taxonomy,cluttered_navigation_grasp,contact_mode_flip,2,0.611111,collapses mechanism labels
minus_mechanism_taxonomy,cluttered_navigation_grasp,contact_mode_flip,3,0.611111,collapses mechanism labels
minus_mechanism_taxonomy,cluttered_navigation_grasp,contact_mode_flip,4,0.458333,collapses mechanism labels
minus_mechanism_taxonomy,cluttered_navigation_grasp,contact_mode_flip,5,0.666667,collapses mechanism labels
minus_mechanism_taxonomy,cluttered_navigation_grasp,contact_mode_flip,6,0.583333,collapses mechanism labels
minus_mechanism_taxonomy,cluttered_navigation_grasp,actuator_lag,0,0.597222,collapses mechanism labels
minus_mechanism_taxonomy,cluttered_navigation_grasp,actuator_lag,1,0.541667,collapses mechanism labels
minus_mechanism_taxonomy,cluttered_navigation_grasp,actuator_lag,2,0.513889,collapses mechanism labels
minus_mechanism_taxonomy,cluttered_navigation_grasp,actuator_lag,3,0.638889,collapses mechanism labels
minus_mechanism_taxonomy,cluttered_navigation_grasp,actuator_lag,4,0.555556,collapses mechanism labels
minus_mechanism_taxonomy,cluttered_navigation_grasp,actuator_lag,5,0.555556,collapses mechanism labels
minus_mechanism_taxonomy,cluttered_navigation_grasp,actuator_lag,6,0.611111,collapses mechanism labels
minus_mechanism_taxonomy,cluttered_navigation_grasp,payload_shift,0,0.625000,collapses mechanism labels
minus_mechanism_taxonomy,cluttered_navigation_grasp,payload_shift,1,0.611111,collapses mechanism labels
minus_mechanism_taxonomy,cluttered_navigation_grasp,payload_shift,2,0.569444,collapses mechanism labels
minus_mechanism_taxonomy,cluttered_navigation_grasp,payload_shift,3,0.638889,collapses mechanism labels
minus_mechanism_taxonomy,cluttered_navigation_grasp,payload_shift,4,0.541667,collapses mechanism labels
minus_mechanism_taxonomy,cluttered_navigation_grasp,payload_shift,5,0.694444,collapses mechanism labels
minus_mechanism_taxonomy,cluttered_navigation_grasp,payload_shift,6,0.611111,collapses mechanism labels
minus_mechanism_taxonomy,cluttered_navigation_grasp,combined_hidden_mechanisms,0,0.625000,collapses mechanism labels
minus_mechanism_taxonomy,cluttered_navigation_grasp,combined_hidden_mechanisms,1,0.652778,collapses mechanism labels
minus_mechanism_taxonomy,cluttered_navigation_grasp,combined_hidden_mechanisms,2,0.500000,collapses mechanism labels
minus_mechanism_taxonomy,cluttered_navigation_grasp,combined_hidden_mechanisms,3,0.680556,collapses mechanism labels
minus_mechanism_taxonomy,cluttered_navigation_grasp,combined_hidden_mechanisms,4,0.541667,collapses mechanism labels
minus_mechanism_taxonomy,cluttered_navigation_grasp,combined_hidden_mechanisms,5,0.500000,collapses mechanism labels
minus_mechanism_taxonomy,cluttered_navigation_grasp,combined_hidden_mechanisms,6,0.555556,collapses mechanism labels
minus_counterfactual_replay,drawer_contact_repair,nominal,0,0.805556,removes counterfactual replay
minus_counterfactual_replay,drawer_contact_repair,nominal,1,0.694444,removes counterfactual replay
minus_counterfactual_replay,drawer_contact_repair,nominal,2,0.708333,removes counterfactual replay
minus_counterfactual_replay,drawer_contact_repair,nominal,3,0.791667,removes counterfactual replay
minus_counterfactual_replay,drawer_contact_repair,nominal,4,0.708333,removes counterfactual replay
minus_counterfactual_replay,drawer_contact_repair,nominal,5,0.680556,removes counterfactual replay
minus_counterfactual_replay,drawer_contact_repair,nominal,6,0.750000,removes counterfactual replay
minus_counterfactual_replay,drawer_contact_repair,friction_shift,0,0.652778,removes counterfactual replay
minus_counterfactual_replay,drawer_contact_repair,friction_shift,1,0.708333,removes counterfactual replay
minus_counterfactual_replay,drawer_contact_repair,friction_shift,2,0.791667,removes counterfactual replay
minus_counterfactual_replay,drawer_contact_repair,friction_shift,3,0.736111,removes counterfactual replay
minus_counterfactual_replay,drawer_contact_repair,friction_shift,4,0.708333,removes counterfactual replay
minus_counterfactual_replay,drawer_contact_repair,friction_shift,5,0.750000,removes counterfactual replay
minus_counterfactual_replay,drawer_contact_repair,friction_shift,6,0.708333,removes counterfactual replay
minus_counterfactual_replay,drawer_contact_repair,compliance_shift,0,0.625000,removes counterfactual replay
minus_counterfactual_replay,drawer_contact_repair,compliance_shift,1,0.722222,removes counterfactual replay
minus_counterfactual_replay,drawer_contact_repair,compliance_shift,2,0.652778,removes counterfactual replay
minus_counterfactual_replay,drawer_contact_repair,compliance_shift,3,0.694444,removes counterfactual replay
minus_counterfactual_replay,drawer_contact_repair,compliance_shift,4,0.722222,removes counterfactual replay
minus_counterfactual_replay,drawer_contact_repair,compliance_shift,5,0.777778,removes counterfactual replay
minus_counterfactual_replay,drawer_contact_repair,compliance_shift,6,0.625000,removes counterfactual replay
minus_counterfactual_replay,drawer_contact_repair,occlusion_persistence,0,0.708333,removes counterfactual replay
minus_counterfactual_replay,drawer_contact_repair,occlusion_persistence,1,0.638889,removes counterfactual replay
minus_counterfactual_replay,drawer_contact_repair,occlusion_persistence,2,0.652778,removes counterfactual replay
minus_counterfactual_replay,drawer_contact_repair,occlusion_persistence,3,0.597222,removes counterfactual replay
minus_counterfactual_replay,drawer_contact_repair,occlusion_persistence,4,0.722222,removes counterfactual replay
minus_counterfactual_replay,drawer_contact_repair,occlusion_persistence,5,0.680556,removes counterfactual replay
minus_counterfactual_replay,drawer_contact_repair,occlusion_persistence,6,0.694444,removes counterfactual replay
minus_counterfactual_replay,drawer_contact_repair,contact_mode_flip,0,0.597222,removes counterfactual replay
minus_counterfactual_replay,drawer_contact_repair,contact_mode_flip,1,0.611111,removes counterfactual replay
minus_counterfactual_replay,drawer_contact_repair,contact_mode_flip,2,0.694444,removes counterfactual replay
minus_counterfactual_replay,drawer_contact_repair,contact_mode_flip,3,0.638889,removes counterfactual replay
minus_counterfactual_replay,drawer_contact_repair,contact_mode_flip,4,0.666667,removes counterfactual replay
minus_counterfactual_replay,drawer_contact_repair,contact_mode_flip,5,0.694444,removes counterfactual replay
minus_counterfactual_replay,drawer_contact_repair,contact_mode_flip,6,0.680556,removes counterfactual replay
minus_counterfactual_replay,drawer_contact_repair,actuator_lag,0,0.680556,removes counterfactual replay
minus_counterfactual_replay,drawer_contact_repair,actuator_lag,1,0.625000,removes counterfactual replay
minus_counterfactual_replay,drawer_contact_repair,actuator_lag,2,0.722222,removes counterfactual replay
minus_counterfactual_replay,drawer_contact_repair,actuator_lag,3,0.708333,removes counterfactual replay
minus_counterfactual_replay,drawer_contact_repair,actuator_lag,4,0.680556,removes counterfactual replay
minus_counterfactual_replay,drawer_contact_repair,actuator_lag,5,0.555556,removes counterfactual replay
minus_counterfactual_replay,drawer_contact_repair,actuator_lag,6,0.652778,removes counterfactual replay
minus_counterfactual_replay,drawer_contact_repair,payload_shift,0,0.652778,removes counterfactual replay
minus_counterfactual_replay,drawer_contact_repair,payload_shift,1,0.763889,removes counterfactual replay
minus_counterfactual_replay,drawer_contact_repair,payload_shift,2,0.611111,removes counterfactual replay
minus_counterfactual_replay,drawer_contact_repair,payload_shift,3,0.569444,removes counterfactual replay
minus_counterfactual_replay,drawer_contact_repair,payload_shift,4,0.555556,removes counterfactual replay
minus_counterfactual_replay,drawer_contact_repair,payload_shift,5,0.708333,removes counterfactual replay
minus_counterfactual_replay,drawer_contact_repair,payload_shift,6,0.708333,removes counterfactual replay
minus_counterfactual_replay,drawer_contact_repair,combined_hidden_mechanisms,0,0.625000,removes counterfactual replay
minus_counterfactual_replay,drawer_contact_repair,combined_hidden_mechanisms,1,0.527778,removes counterfactual replay
minus_counterfactual_replay,drawer_contact_repair,combined_hidden_mechanisms,2,0.680556,removes counterfactual replay
minus_counterfactual_replay,drawer_contact_repair,combined_hidden_mechanisms,3,0.625000,removes counterfactual replay
minus_counterfactual_replay,drawer_contact_repair,combined_hidden_mechanisms,4,0.722222,removes counterfactual replay
minus_counterfactual_replay,drawer_contact_repair,combined_hidden_mechanisms,5,0.680556,removes counterfactual replay
minus_counterfactual_replay,drawer_contact_repair,combined_hidden_mechanisms,6,0.611111,removes counterfactual replay
minus_counterfactual_replay,deformable_bin_pick,nominal,0,0.791667,removes counterfactual replay
minus_counterfactual_replay,deformable_bin_pick,nominal,1,0.722222,removes counterfactual replay
minus_counterfactual_replay,deformable_bin_pick,nominal,2,0.597222,removes counterfactual replay
minus_counterfactual_replay,deformable_bin_pick,nominal,3,0.708333,removes counterfactual replay
minus_counterfactual_replay,deformable_bin_pick,nominal,4,0.750000,removes counterfactual replay
minus_counterfactual_replay,deformable_bin_pick,nominal,5,0.750000,removes counterfactual replay
minus_counterfactual_replay,deformable_bin_pick,nominal,6,0.652778,removes counterfactual replay
minus_counterfactual_replay,deformable_bin_pick,friction_shift,0,0.625000,removes counterfactual replay
minus_counterfactual_replay,deformable_bin_pick,friction_shift,1,0.680556,removes counterfactual replay
minus_counterfactual_replay,deformable_bin_pick,friction_shift,2,0.652778,removes counterfactual replay
minus_counterfactual_replay,deformable_bin_pick,friction_shift,3,0.666667,removes counterfactual replay
minus_counterfactual_replay,deformable_bin_pick,friction_shift,4,0.652778,removes counterfactual replay
minus_counterfactual_replay,deformable_bin_pick,friction_shift,5,0.708333,removes counterfactual replay
minus_counterfactual_replay,deformable_bin_pick,friction_shift,6,0.638889,removes counterfactual replay
minus_counterfactual_replay,deformable_bin_pick,compliance_shift,0,0.638889,removes counterfactual replay
minus_counterfactual_replay,deformable_bin_pick,compliance_shift,1,0.694444,removes counterfactual replay
minus_counterfactual_replay,deformable_bin_pick,compliance_shift,2,0.652778,removes counterfactual replay
minus_counterfactual_replay,deformable_bin_pick,compliance_shift,3,0.583333,removes counterfactual replay
minus_counterfactual_replay,deformable_bin_pick,compliance_shift,4,0.750000,removes counterfactual replay
minus_counterfactual_replay,deformable_bin_pick,compliance_shift,5,0.708333,removes counterfactual replay
minus_counterfactual_replay,deformable_bin_pick,compliance_shift,6,0.638889,removes counterfactual replay
minus_counterfactual_replay,deformable_bin_pick,occlusion_persistence,0,0.611111,removes counterfactual replay
minus_counterfactual_replay,deformable_bin_pick,occlusion_persistence,1,0.680556,removes counterfactual replay
minus_counterfactual_replay,deformable_bin_pick,occlusion_persistence,2,0.638889,removes counterfactual replay
minus_counterfactual_replay,deformable_bin_pick,occlusion_persistence,3,0.736111,removes counterfactual replay
minus_counterfactual_replay,deformable_bin_pick,occlusion_persistence,4,0.652778,removes counterfactual replay
minus_counterfactual_replay,deformable_bin_pick,occlusion_persistence,5,0.597222,removes counterfactual replay
minus_counterfactual_replay,deformable_bin_pick,occlusion_persistence,6,0.680556,removes counterfactual replay
minus_counterfactual_replay,deformable_bin_pick,contact_mode_flip,0,0.597222,removes counterfactual replay
minus_counterfactual_replay,deformable_bin_pick,contact_mode_flip,1,0.680556,removes counterfactual replay
minus_counterfactual_replay,deformable_bin_pick,contact_mode_flip,2,0.708333,removes counterfactual replay
minus_counterfactual_replay,deformable_bin_pick,contact_mode_flip,3,0.680556,removes counterfactual replay
minus_counterfactual_replay,deformable_bin_pick,contact_mode_flip,4,0.666667,removes counterfactual replay
minus_counterfactual_replay,deformable_bin_pick,contact_mode_flip,5,0.555556,removes counterfactual replay
minus_counterfactual_replay,deformable_bin_pick,contact_mode_flip,6,0.708333,removes counterfactual replay
minus_counterfactual_replay,deformable_bin_pick,actuator_lag,0,0.638889,removes counterfactual replay
minus_counterfactual_replay,deformable_bin_pick,actuator_lag,1,0.597222,removes counterfactual replay
minus_counterfactual_replay,deformable_bin_pick,actuator_lag,2,0.458333,removes counterfactual replay
minus_counterfactual_replay,deformable_bin_pick,actuator_lag,3,0.694444,removes counterfactual replay
minus_counterfactual_replay,deformable_bin_pick,actuator_lag,4,0.583333,removes counterfactual replay
minus_counterfactual_replay,deformable_bin_pick,actuator_lag,5,0.652778,removes counterfactual replay
minus_counterfactual_replay,deformable_bin_pick,actuator_lag,6,0.680556,removes counterfactual replay
minus_counterfactual_replay,deformable_bin_pick,payload_shift,0,0.666667,removes counterfactual replay
minus_counterfactual_replay,deformable_bin_pick,payload_shift,1,0.652778,removes counterfactual replay
minus_counterfactual_replay,deformable_bin_pick,payload_shift,2,0.625000,removes counterfactual replay
minus_counterfactual_replay,deformable_bin_pick,payload_shift,3,0.638889,removes counterfactual replay
minus_counterfactual_replay,deformable_bin_pick,payload_shift,4,0.736111,removes counterfactual replay
minus_counterfactual_replay,deformable_bin_pick,payload_shift,5,0.583333,removes counterfactual replay
minus_counterfactual_replay,deformable_bin_pick,payload_shift,6,0.513889,removes counterfactual replay
minus_counterfactual_replay,deformable_bin_pick,combined_hidden_mechanisms,0,0.569444,removes counterfactual replay
minus_counterfactual_replay,deformable_bin_pick,combined_hidden_mechanisms,1,0.555556,removes counterfactual replay
minus_counterfactual_replay,deformable_bin_pick,combined_hidden_mechanisms,2,0.611111,removes counterfactual replay
minus_counterfactual_replay,deformable_bin_pick,combined_hidden_mechanisms,3,0.652778,removes counterfactual replay
minus_counterfactual_replay,deformable_bin_pick,combined_hidden_mechanisms,4,0.611111,removes counterfactual replay
minus_counterfactual_replay,deformable_bin_pick,combined_hidden_mechanisms,5,0.583333,removes counterfactual replay
minus_counterfactual_replay,deformable_bin_pick,combined_hidden_mechanisms,6,0.611111,removes counterfactual replay
minus_counterfactual_replay,occluded_push_recovery,nominal,0,0.888889,removes counterfactual replay
minus_counterfactual_replay,occluded_push_recovery,nominal,1,0.736111,removes counterfactual replay
minus_counterfactual_replay,occluded_push_recovery,nominal,2,0.736111,removes counterfactual replay
minus_counterfactual_replay,occluded_push_recovery,nominal,3,0.763889,removes counterfactual replay
minus_counterfactual_replay,occluded_push_recovery,nominal,4,0.750000,removes counterfactual replay
minus_counterfactual_replay,occluded_push_recovery,nominal,5,0.777778,removes counterfactual replay
minus_counterfactual_replay,occluded_push_recovery,nominal,6,0.736111,removes counterfactual replay
minus_counterfactual_replay,occluded_push_recovery,friction_shift,0,0.597222,removes counterfactual replay
minus_counterfactual_replay,occluded_push_recovery,friction_shift,1,0.722222,removes counterfactual replay
minus_counterfactual_replay,occluded_push_recovery,friction_shift,2,0.680556,removes counterfactual replay
minus_counterfactual_replay,occluded_push_recovery,friction_shift,3,0.638889,removes counterfactual replay
minus_counterfactual_replay,occluded_push_recovery,friction_shift,4,0.541667,removes counterfactual replay
minus_counterfactual_replay,occluded_push_recovery,friction_shift,5,0.638889,removes counterfactual replay
minus_counterfactual_replay,occluded_push_recovery,friction_shift,6,0.625000,removes counterfactual replay
minus_counterfactual_replay,occluded_push_recovery,compliance_shift,0,0.750000,removes counterfactual replay
minus_counterfactual_replay,occluded_push_recovery,compliance_shift,1,0.625000,removes counterfactual replay
minus_counterfactual_replay,occluded_push_recovery,compliance_shift,2,0.708333,removes counterfactual replay
minus_counterfactual_replay,occluded_push_recovery,compliance_shift,3,0.652778,removes counterfactual replay
minus_counterfactual_replay,occluded_push_recovery,compliance_shift,4,0.652778,removes counterfactual replay
minus_counterfactual_replay,occluded_push_recovery,compliance_shift,5,0.638889,removes counterfactual replay
minus_counterfactual_replay,occluded_push_recovery,compliance_shift,6,0.652778,removes counterfactual replay
minus_counterfactual_replay,occluded_push_recovery,occlusion_persistence,0,0.638889,removes counterfactual replay
minus_counterfactual_replay,occluded_push_recovery,occlusion_persistence,1,0.597222,removes counterfactual replay
minus_counterfactual_replay,occluded_push_recovery,occlusion_persistence,2,0.611111,removes counterfactual replay
minus_counterfactual_replay,occluded_push_recovery,occlusion_persistence,3,0.638889,removes counterfactual replay
minus_counterfactual_replay,occluded_push_recovery,occlusion_persistence,4,0.625000,removes counterfactual replay
minus_counterfactual_replay,occluded_push_recovery,occlusion_persistence,5,0.625000,removes counterfactual replay
minus_counterfactual_replay,occluded_push_recovery,occlusion_persistence,6,0.694444,removes counterfactual replay
minus_counterfactual_replay,occluded_push_recovery,contact_mode_flip,0,0.680556,removes counterfactual replay
minus_counterfactual_replay,occluded_push_recovery,contact_mode_flip,1,0.708333,removes counterfactual replay
minus_counterfactual_replay,occluded_push_recovery,contact_mode_flip,2,0.597222,removes counterfactual replay
minus_counterfactual_replay,occluded_push_recovery,contact_mode_flip,3,0.750000,removes counterfactual replay
minus_counterfactual_replay,occluded_push_recovery,contact_mode_flip,4,0.666667,removes counterfactual replay
minus_counterfactual_replay,occluded_push_recovery,contact_mode_flip,5,0.638889,removes counterfactual replay
minus_counterfactual_replay,occluded_push_recovery,contact_mode_flip,6,0.652778,removes counterfactual replay
minus_counterfactual_replay,occluded_push_recovery,actuator_lag,0,0.708333,removes counterfactual replay
minus_counterfactual_replay,occluded_push_recovery,actuator_lag,1,0.527778,removes counterfactual replay
minus_counterfactual_replay,occluded_push_recovery,actuator_lag,2,0.597222,removes counterfactual replay
minus_counterfactual_replay,occluded_push_recovery,actuator_lag,3,0.722222,removes counterfactual replay
minus_counterfactual_replay,occluded_push_recovery,actuator_lag,4,0.527778,removes counterfactual replay
minus_counterfactual_replay,occluded_push_recovery,actuator_lag,5,0.611111,removes counterfactual replay
minus_counterfactual_replay,occluded_push_recovery,actuator_lag,6,0.611111,removes counterfactual replay
minus_counterfactual_replay,occluded_push_recovery,payload_shift,0,0.638889,removes counterfactual replay
minus_counterfactual_replay,occluded_push_recovery,payload_shift,1,0.652778,removes counterfactual replay
minus_counterfactual_replay,occluded_push_recovery,payload_shift,2,0.541667,removes counterfactual replay
minus_counterfactual_replay,occluded_push_recovery,payload_shift,3,0.625000,removes counterfactual replay
minus_counterfactual_replay,occluded_push_recovery,payload_shift,4,0.597222,removes counterfactual replay
minus_counterfactual_replay,occluded_push_recovery,payload_shift,5,0.625000,removes counterfactual replay
minus_counterfactual_replay,occluded_push_recovery,payload_shift,6,0.583333,removes counterfactual replay
minus_counterfactual_replay,occluded_push_recovery,combined_hidden_mechanisms,0,0.555556,removes counterfactual replay
minus_counterfactual_replay,occluded_push_recovery,combined_hidden_mechanisms,1,0.583333,removes counterfactual replay
minus_counterfactual_replay,occluded_push_recovery,combined_hidden_mechanisms,2,0.611111,removes counterfactual replay
minus_counterfactual_replay,occluded_push_recovery,combined_hidden_mechanisms,3,0.625000,removes counterfactual replay
minus_counterfactual_replay,occluded_push_recovery,combined_hidden_mechanisms,4,0.625000,removes counterfactual replay
minus_counterfactual_replay,occluded_push_recovery,combined_hidden_mechanisms,5,0.666667,removes counterfactual replay
minus_counterfactual_replay,occluded_push_recovery,combined_hidden_mechanisms,6,0.583333,removes counterfactual replay
minus_counterfactual_replay,payload_handover,nominal,0,0.819444,removes counterfactual replay
minus_counterfactual_replay,payload_handover,nominal,1,0.694444,removes counterfactual replay
minus_counterfactual_replay,payload_handover,nominal,2,0.666667,removes counterfactual replay
minus_counterfactual_replay,payload_handover,nominal,3,0.694444,removes counterfactual replay
minus_counterfactual_replay,payload_handover,nominal,4,0.666667,removes counterfactual replay
minus_counterfactual_replay,payload_handover,nominal,5,0.750000,removes counterfactual replay
minus_counterfactual_replay,payload_handover,nominal,6,0.652778,removes counterfactual replay
minus_counterfactual_replay,payload_handover,friction_shift,0,0.680556,removes counterfactual replay
minus_counterfactual_replay,payload_handover,friction_shift,1,0.666667,removes counterfactual replay
minus_counterfactual_replay,payload_handover,friction_shift,2,0.777778,removes counterfactual replay
minus_counterfactual_replay,payload_handover,friction_shift,3,0.708333,removes counterfactual replay
minus_counterfactual_replay,payload_handover,friction_shift,4,0.611111,removes counterfactual replay
minus_counterfactual_replay,payload_handover,friction_shift,5,0.694444,removes counterfactual replay
minus_counterfactual_replay,payload_handover,friction_shift,6,0.597222,removes counterfactual replay
minus_counterfactual_replay,payload_handover,compliance_shift,0,0.694444,removes counterfactual replay
minus_counterfactual_replay,payload_handover,compliance_shift,1,0.750000,removes counterfactual replay
minus_counterfactual_replay,payload_handover,compliance_shift,2,0.583333,removes counterfactual replay
minus_counterfactual_replay,payload_handover,compliance_shift,3,0.638889,removes counterfactual replay
minus_counterfactual_replay,payload_handover,compliance_shift,4,0.680556,removes counterfactual replay
minus_counterfactual_replay,payload_handover,compliance_shift,5,0.722222,removes counterfactual replay
minus_counterfactual_replay,payload_handover,compliance_shift,6,0.680556,removes counterfactual replay
minus_counterfactual_replay,payload_handover,occlusion_persistence,0,0.777778,removes counterfactual replay
minus_counterfactual_replay,payload_handover,occlusion_persistence,1,0.625000,removes counterfactual replay
minus_counterfactual_replay,payload_handover,occlusion_persistence,2,0.694444,removes counterfactual replay
minus_counterfactual_replay,payload_handover,occlusion_persistence,3,0.722222,removes counterfactual replay
minus_counterfactual_replay,payload_handover,occlusion_persistence,4,0.763889,removes counterfactual replay
minus_counterfactual_replay,payload_handover,occlusion_persistence,5,0.611111,removes counterfactual replay
minus_counterfactual_replay,payload_handover,occlusion_persistence,6,0.722222,removes counterfactual replay
minus_counterfactual_replay,payload_handover,contact_mode_flip,0,0.708333,removes counterfactual replay
minus_counterfactual_replay,payload_handover,contact_mode_flip,1,0.666667,removes counterfactual replay
minus_counterfactual_replay,payload_handover,contact_mode_flip,2,0.611111,removes counterfactual replay
minus_counterfactual_replay,payload_handover,contact_mode_flip,3,0.597222,removes counterfactual replay
minus_counterfactual_replay,payload_handover,contact_mode_flip,4,0.569444,removes counterfactual replay
minus_counterfactual_replay,payload_handover,contact_mode_flip,5,0.652778,removes counterfactual replay
minus_counterfactual_replay,payload_handover,contact_mode_flip,6,0.638889,removes counterfactual replay
minus_counterfactual_replay,payload_handover,actuator_lag,0,0.680556,removes counterfactual replay
minus_counterfactual_replay,payload_handover,actuator_lag,1,0.638889,removes counterfactual replay
minus_counterfactual_replay,payload_handover,actuator_lag,2,0.555556,removes counterfactual replay
minus_counterfactual_replay,payload_handover,actuator_lag,3,0.652778,removes counterfactual replay
minus_counterfactual_replay,payload_handover,actuator_lag,4,0.750000,removes counterfactual replay
minus_counterfactual_replay,payload_handover,actuator_lag,5,0.694444,removes counterfactual replay
minus_counterfactual_replay,payload_handover,actuator_lag,6,0.708333,removes counterfactual replay
minus_counterfactual_replay,payload_handover,payload_shift,0,0.694444,removes counterfactual replay
minus_counterfactual_replay,payload_handover,payload_shift,1,0.694444,removes counterfactual replay
minus_counterfactual_replay,payload_handover,payload_shift,2,0.569444,removes counterfactual replay
minus_counterfactual_replay,payload_handover,payload_shift,3,0.750000,removes counterfactual replay
minus_counterfactual_replay,payload_handover,payload_shift,4,0.680556,removes counterfactual replay
minus_counterfactual_replay,payload_handover,payload_shift,5,0.611111,removes counterfactual replay
minus_counterfactual_replay,payload_handover,payload_shift,6,0.763889,removes counterfactual replay
minus_counterfactual_replay,payload_handover,combined_hidden_mechanisms,0,0.500000,removes counterfactual replay
minus_counterfactual_replay,payload_handover,combined_hidden_mechanisms,1,0.611111,removes counterfactual replay
minus_counterfactual_replay,payload_handover,combined_hidden_mechanisms,2,0.652778,removes counterfactual replay
minus_counterfactual_replay,payload_handover,combined_hidden_mechanisms,3,0.541667,removes counterfactual replay
minus_counterfactual_replay,payload_handover,combined_hidden_mechanisms,4,0.652778,removes counterfactual replay
minus_counterfactual_replay,payload_handover,combined_hidden_mechanisms,5,0.638889,removes counterfactual replay
minus_counterfactual_replay,payload_handover,combined_hidden_mechanisms,6,0.541667,removes counterfactual replay
minus_counterfactual_replay,peg_insert_with_lag,nominal,0,0.652778,removes counterfactual replay
minus_counterfactual_replay,peg_insert_with_lag,nominal,1,0.694444,removes counterfactual replay
minus_counterfactual_replay,peg_insert_with_lag,nominal,2,0.583333,removes counterfactual replay
minus_counterfactual_replay,peg_insert_with_lag,nominal,3,0.666667,removes counterfactual replay
minus_counterfactual_replay,peg_insert_with_lag,nominal,4,0.666667,removes counterfactual replay
minus_counterfactual_replay,peg_insert_with_lag,nominal,5,0.583333,removes counterfactual replay
minus_counterfactual_replay,peg_insert_with_lag,nominal,6,0.722222,removes counterfactual replay
minus_counterfactual_replay,peg_insert_with_lag,friction_shift,0,0.763889,removes counterfactual replay
minus_counterfactual_replay,peg_insert_with_lag,friction_shift,1,0.680556,removes counterfactual replay
minus_counterfactual_replay,peg_insert_with_lag,friction_shift,2,0.708333,removes counterfactual replay
minus_counterfactual_replay,peg_insert_with_lag,friction_shift,3,0.708333,removes counterfactual replay
minus_counterfactual_replay,peg_insert_with_lag,friction_shift,4,0.638889,removes counterfactual replay
minus_counterfactual_replay,peg_insert_with_lag,friction_shift,5,0.597222,removes counterfactual replay
minus_counterfactual_replay,peg_insert_with_lag,friction_shift,6,0.763889,removes counterfactual replay
minus_counterfactual_replay,peg_insert_with_lag,compliance_shift,0,0.652778,removes counterfactual replay
minus_counterfactual_replay,peg_insert_with_lag,compliance_shift,1,0.736111,removes counterfactual replay
minus_counterfactual_replay,peg_insert_with_lag,compliance_shift,2,0.708333,removes counterfactual replay
minus_counterfactual_replay,peg_insert_with_lag,compliance_shift,3,0.736111,removes counterfactual replay
minus_counterfactual_replay,peg_insert_with_lag,compliance_shift,4,0.638889,removes counterfactual replay
minus_counterfactual_replay,peg_insert_with_lag,compliance_shift,5,0.555556,removes counterfactual replay
minus_counterfactual_replay,peg_insert_with_lag,compliance_shift,6,0.652778,removes counterfactual replay
minus_counterfactual_replay,peg_insert_with_lag,occlusion_persistence,0,0.694444,removes counterfactual replay
minus_counterfactual_replay,peg_insert_with_lag,occlusion_persistence,1,0.694444,removes counterfactual replay
minus_counterfactual_replay,peg_insert_with_lag,occlusion_persistence,2,0.694444,removes counterfactual replay
minus_counterfactual_replay,peg_insert_with_lag,occlusion_persistence,3,0.638889,removes counterfactual replay
minus_counterfactual_replay,peg_insert_with_lag,occlusion_persistence,4,0.680556,removes counterfactual replay
minus_counterfactual_replay,peg_insert_with_lag,occlusion_persistence,5,0.652778,removes counterfactual replay
minus_counterfactual_replay,peg_insert_with_lag,occlusion_persistence,6,0.611111,removes counterfactual replay
minus_counterfactual_replay,peg_insert_with_lag,contact_mode_flip,0,0.638889,removes counterfactual replay
minus_counterfactual_replay,peg_insert_with_lag,contact_mode_flip,1,0.666667,removes counterfactual replay
minus_counterfactual_replay,peg_insert_with_lag,contact_mode_flip,2,0.597222,removes counterfactual replay
minus_counterfactual_replay,peg_insert_with_lag,contact_mode_flip,3,0.625000,removes counterfactual replay
minus_counterfactual_replay,peg_insert_with_lag,contact_mode_flip,4,0.597222,removes counterfactual replay
minus_counterfactual_replay,peg_insert_with_lag,contact_mode_flip,5,0.694444,removes counterfactual replay
minus_counterfactual_replay,peg_insert_with_lag,contact_mode_flip,6,0.666667,removes counterfactual replay
minus_counterfactual_replay,peg_insert_with_lag,actuator_lag,0,0.611111,removes counterfactual replay
minus_counterfactual_replay,peg_insert_with_lag,actuator_lag,1,0.666667,removes counterfactual replay
minus_counterfactual_replay,peg_insert_with_lag,actuator_lag,2,0.569444,removes counterfactual replay
minus_counterfactual_replay,peg_insert_with_lag,actuator_lag,3,0.736111,removes counterfactual replay
minus_counterfactual_replay,peg_insert_with_lag,actuator_lag,4,0.638889,removes counterfactual replay
minus_counterfactual_replay,peg_insert_with_lag,actuator_lag,5,0.583333,removes counterfactual replay
minus_counterfactual_replay,peg_insert_with_lag,actuator_lag,6,0.638889,removes counterfactual replay
minus_counterfactual_replay,peg_insert_with_lag,payload_shift,0,0.597222,removes counterfactual replay
minus_counterfactual_replay,peg_insert_with_lag,payload_shift,1,0.611111,removes counterfactual replay
minus_counterfactual_replay,peg_insert_with_lag,payload_shift,2,0.666667,removes counterfactual replay
minus_counterfactual_replay,peg_insert_with_lag,payload_shift,3,0.652778,removes counterfactual replay
minus_counterfactual_replay,peg_insert_with_lag,payload_shift,4,0.583333,removes counterfactual replay
minus_counterfactual_replay,peg_insert_with_lag,payload_shift,5,0.708333,removes counterfactual replay
minus_counterfactual_replay,peg_insert_with_lag,payload_shift,6,0.638889,removes counterfactual replay
minus_counterfactual_replay,peg_insert_with_lag,combined_hidden_mechanisms,0,0.555556,removes counterfactual replay
minus_counterfactual_replay,peg_insert_with_lag,combined_hidden_mechanisms,1,0.680556,removes counterfactual replay
minus_counterfactual_replay,peg_insert_with_lag,combined_hidden_mechanisms,2,0.555556,removes counterfactual replay
minus_counterfactual_replay,peg_insert_with_lag,combined_hidden_mechanisms,3,0.486111,removes counterfactual replay
minus_counterfactual_replay,peg_insert_with_lag,combined_hidden_mechanisms,4,0.541667,removes counterfactual replay
minus_counterfactual_replay,peg_insert_with_lag,combined_hidden_mechanisms,5,0.500000,removes counterfactual replay
minus_counterfactual_replay,peg_insert_with_lag,combined_hidden_mechanisms,6,0.722222,removes counterfactual replay
minus_counterfactual_replay,cluttered_navigation_grasp,nominal,0,0.736111,removes counterfactual replay
minus_counterfactual_replay,cluttered_navigation_grasp,nominal,1,0.750000,removes counterfactual replay
minus_counterfactual_replay,cluttered_navigation_grasp,nominal,2,0.736111,removes counterfactual replay
minus_counterfactual_replay,cluttered_navigation_grasp,nominal,3,0.680556,removes counterfactual replay
minus_counterfactual_replay,cluttered_navigation_grasp,nominal,4,0.722222,removes counterfactual replay
minus_counterfactual_replay,cluttered_navigation_grasp,nominal,5,0.736111,removes counterfactual replay
minus_counterfactual_replay,cluttered_navigation_grasp,nominal,6,0.638889,removes counterfactual replay
minus_counterfactual_replay,cluttered_navigation_grasp,friction_shift,0,0.708333,removes counterfactual replay
minus_counterfactual_replay,cluttered_navigation_grasp,friction_shift,1,0.625000,removes counterfactual replay
minus_counterfactual_replay,cluttered_navigation_grasp,friction_shift,2,0.708333,removes counterfactual replay
minus_counterfactual_replay,cluttered_navigation_grasp,friction_shift,3,0.680556,removes counterfactual replay
minus_counterfactual_replay,cluttered_navigation_grasp,friction_shift,4,0.666667,removes counterfactual replay
minus_counterfactual_replay,cluttered_navigation_grasp,friction_shift,5,0.625000,removes counterfactual replay
minus_counterfactual_replay,cluttered_navigation_grasp,friction_shift,6,0.680556,removes counterfactual replay
minus_counterfactual_replay,cluttered_navigation_grasp,compliance_shift,0,0.555556,removes counterfactual replay
minus_counterfactual_replay,cluttered_navigation_grasp,compliance_shift,1,0.652778,removes counterfactual replay
minus_counterfactual_replay,cluttered_navigation_grasp,compliance_shift,2,0.694444,removes counterfactual replay
minus_counterfactual_replay,cluttered_navigation_grasp,compliance_shift,3,0.680556,removes counterfactual replay
minus_counterfactual_replay,cluttered_navigation_grasp,compliance_shift,4,0.680556,removes counterfactual replay
minus_counterfactual_replay,cluttered_navigation_grasp,compliance_shift,5,0.513889,removes counterfactual replay
minus_counterfactual_replay,cluttered_navigation_grasp,compliance_shift,6,0.722222,removes counterfactual replay
minus_counterfactual_replay,cluttered_navigation_grasp,occlusion_persistence,0,0.541667,removes counterfactual replay
minus_counterfactual_replay,cluttered_navigation_grasp,occlusion_persistence,1,0.666667,removes counterfactual replay
minus_counterfactual_replay,cluttered_navigation_grasp,occlusion_persistence,2,0.763889,removes counterfactual replay
minus_counterfactual_replay,cluttered_navigation_grasp,occlusion_persistence,3,0.708333,removes counterfactual replay
minus_counterfactual_replay,cluttered_navigation_grasp,occlusion_persistence,4,0.513889,removes counterfactual replay
minus_counterfactual_replay,cluttered_navigation_grasp,occlusion_persistence,5,0.472222,removes counterfactual replay
minus_counterfactual_replay,cluttered_navigation_grasp,occlusion_persistence,6,0.611111,removes counterfactual replay
minus_counterfactual_replay,cluttered_navigation_grasp,contact_mode_flip,0,0.680556,removes counterfactual replay
minus_counterfactual_replay,cluttered_navigation_grasp,contact_mode_flip,1,0.625000,removes counterfactual replay
minus_counterfactual_replay,cluttered_navigation_grasp,contact_mode_flip,2,0.625000,removes counterfactual replay
minus_counterfactual_replay,cluttered_navigation_grasp,contact_mode_flip,3,0.666667,removes counterfactual replay
minus_counterfactual_replay,cluttered_navigation_grasp,contact_mode_flip,4,0.500000,removes counterfactual replay
minus_counterfactual_replay,cluttered_navigation_grasp,contact_mode_flip,5,0.722222,removes counterfactual replay
minus_counterfactual_replay,cluttered_navigation_grasp,contact_mode_flip,6,0.680556,removes counterfactual replay
minus_counterfactual_replay,cluttered_navigation_grasp,actuator_lag,0,0.569444,removes counterfactual replay
minus_counterfactual_replay,cluttered_navigation_grasp,actuator_lag,1,0.569444,removes counterfactual replay
minus_counterfactual_replay,cluttered_navigation_grasp,actuator_lag,2,0.541667,removes counterfactual replay
minus_counterfactual_replay,cluttered_navigation_grasp,actuator_lag,3,0.694444,removes counterfactual replay
minus_counterfactual_replay,cluttered_navigation_grasp,actuator_lag,4,0.708333,removes counterfactual replay
minus_counterfactual_replay,cluttered_navigation_grasp,actuator_lag,5,0.583333,removes counterfactual replay
minus_counterfactual_replay,cluttered_navigation_grasp,actuator_lag,6,0.694444,removes counterfactual replay
minus_counterfactual_replay,cluttered_navigation_grasp,payload_shift,0,0.666667,removes counterfactual replay
minus_counterfactual_replay,cluttered_navigation_grasp,payload_shift,1,0.611111,removes counterfactual replay
minus_counterfactual_replay,cluttered_navigation_grasp,payload_shift,2,0.513889,removes counterfactual replay
minus_counterfactual_replay,cluttered_navigation_grasp,payload_shift,3,0.736111,removes counterfactual replay
minus_counterfactual_replay,cluttered_navigation_grasp,payload_shift,4,0.750000,removes counterfactual replay
minus_counterfactual_replay,cluttered_navigation_grasp,payload_shift,5,0.527778,removes counterfactual replay
minus_counterfactual_replay,cluttered_navigation_grasp,payload_shift,6,0.597222,removes counterfactual replay
minus_counterfactual_replay,cluttered_navigation_grasp,combined_hidden_mechanisms,0,0.611111,removes counterfactual replay
minus_counterfactual_replay,cluttered_navigation_grasp,combined_hidden_mechanisms,1,0.555556,removes counterfactual replay
minus_counterfactual_replay,cluttered_navigation_grasp,combined_hidden_mechanisms,2,0.597222,removes counterfactual replay
minus_counterfactual_replay,cluttered_navigation_grasp,combined_hidden_mechanisms,3,0.569444,removes counterfactual replay
minus_counterfactual_replay,cluttered_navigation_grasp,combined_hidden_mechanisms,4,0.555556,removes counterfactual replay
minus_counterfactual_replay,cluttered_navigation_grasp,combined_hidden_mechanisms,5,0.500000,removes counterfactual replay
minus_counterfactual_replay,cluttered_navigation_grasp,combined_hidden_mechanisms,6,0.666667,removes counterfactual replay
minus_active_probes,drawer_contact_repair,nominal,0,0.791667,does not probe ambiguous modes
minus_active_probes,drawer_contact_repair,nominal,1,0.638889,does not probe ambiguous modes
minus_active_probes,drawer_contact_repair,nominal,2,0.694444,does not probe ambiguous modes
minus_active_probes,drawer_contact_repair,nominal,3,0.763889,does not probe ambiguous modes
minus_active_probes,drawer_contact_repair,nominal,4,0.680556,does not probe ambiguous modes
minus_active_probes,drawer_contact_repair,nominal,5,0.777778,does not probe ambiguous modes
minus_active_probes,drawer_contact_repair,nominal,6,0.791667,does not probe ambiguous modes
minus_active_probes,drawer_contact_repair,friction_shift,0,0.694444,does not probe ambiguous modes
minus_active_probes,drawer_contact_repair,friction_shift,1,0.680556,does not probe ambiguous modes
minus_active_probes,drawer_contact_repair,friction_shift,2,0.722222,does not probe ambiguous modes
minus_active_probes,drawer_contact_repair,friction_shift,3,0.708333,does not probe ambiguous modes
minus_active_probes,drawer_contact_repair,friction_shift,4,0.722222,does not probe ambiguous modes
minus_active_probes,drawer_contact_repair,friction_shift,5,0.736111,does not probe ambiguous modes
minus_active_probes,drawer_contact_repair,friction_shift,6,0.625000,does not probe ambiguous modes
minus_active_probes,drawer_contact_repair,compliance_shift,0,0.583333,does not probe ambiguous modes
minus_active_probes,drawer_contact_repair,compliance_shift,1,0.750000,does not probe ambiguous modes
minus_active_probes,drawer_contact_repair,compliance_shift,2,0.722222,does not probe ambiguous modes
minus_active_probes,drawer_contact_repair,compliance_shift,3,0.722222,does not probe ambiguous modes
minus_active_probes,drawer_contact_repair,compliance_shift,4,0.638889,does not probe ambiguous modes
minus_active_probes,drawer_contact_repair,compliance_shift,5,0.652778,does not probe ambiguous modes
minus_active_probes,drawer_contact_repair,compliance_shift,6,0.694444,does not probe ambiguous modes
minus_active_probes,drawer_contact_repair,occlusion_persistence,0,0.625000,does not probe ambiguous modes
minus_active_probes,drawer_contact_repair,occlusion_persistence,1,0.625000,does not probe ambiguous modes
minus_active_probes,drawer_contact_repair,occlusion_persistence,2,0.625000,does not probe ambiguous modes
minus_active_probes,drawer_contact_repair,occlusion_persistence,3,0.652778,does not probe ambiguous modes
minus_active_probes,drawer_contact_repair,occlusion_persistence,4,0.652778,does not probe ambiguous modes
minus_active_probes,drawer_contact_repair,occlusion_persistence,5,0.680556,does not probe ambiguous modes
minus_active_probes,drawer_contact_repair,occlusion_persistence,6,0.680556,does not probe ambiguous modes
minus_active_probes,drawer_contact_repair,contact_mode_flip,0,0.652778,does not probe ambiguous modes
minus_active_probes,drawer_contact_repair,contact_mode_flip,1,0.694444,does not probe ambiguous modes
minus_active_probes,drawer_contact_repair,contact_mode_flip,2,0.736111,does not probe ambiguous modes
minus_active_probes,drawer_contact_repair,contact_mode_flip,3,0.555556,does not probe ambiguous modes
minus_active_probes,drawer_contact_repair,contact_mode_flip,4,0.722222,does not probe ambiguous modes
minus_active_probes,drawer_contact_repair,contact_mode_flip,5,0.638889,does not probe ambiguous modes
minus_active_probes,drawer_contact_repair,contact_mode_flip,6,0.680556,does not probe ambiguous modes
minus_active_probes,drawer_contact_repair,actuator_lag,0,0.750000,does not probe ambiguous modes
minus_active_probes,drawer_contact_repair,actuator_lag,1,0.722222,does not probe ambiguous modes
minus_active_probes,drawer_contact_repair,actuator_lag,2,0.722222,does not probe ambiguous modes
minus_active_probes,drawer_contact_repair,actuator_lag,3,0.736111,does not probe ambiguous modes
minus_active_probes,drawer_contact_repair,actuator_lag,4,0.763889,does not probe ambiguous modes
minus_active_probes,drawer_contact_repair,actuator_lag,5,0.750000,does not probe ambiguous modes
minus_active_probes,drawer_contact_repair,actuator_lag,6,0.680556,does not probe ambiguous modes
minus_active_probes,drawer_contact_repair,payload_shift,0,0.680556,does not probe ambiguous modes
minus_active_probes,drawer_contact_repair,payload_shift,1,0.666667,does not probe ambiguous modes
minus_active_probes,drawer_contact_repair,payload_shift,2,0.680556,does not probe ambiguous modes
minus_active_probes,drawer_contact_repair,payload_shift,3,0.666667,does not probe ambiguous modes
minus_active_probes,drawer_contact_repair,payload_shift,4,0.666667,does not probe ambiguous modes
minus_active_probes,drawer_contact_repair,payload_shift,5,0.638889,does not probe ambiguous modes
minus_active_probes,drawer_contact_repair,payload_shift,6,0.555556,does not probe ambiguous modes
minus_active_probes,drawer_contact_repair,combined_hidden_mechanisms,0,0.569444,does not probe ambiguous modes
minus_active_probes,drawer_contact_repair,combined_hidden_mechanisms,1,0.611111,does not probe ambiguous modes
minus_active_probes,drawer_contact_repair,combined_hidden_mechanisms,2,0.486111,does not probe ambiguous modes
minus_active_probes,drawer_contact_repair,combined_hidden_mechanisms,3,0.652778,does not probe ambiguous modes
minus_active_probes,drawer_contact_repair,combined_hidden_mechanisms,4,0.666667,does not probe ambiguous modes
minus_active_probes,drawer_contact_repair,combined_hidden_mechanisms,5,0.680556,does not probe ambiguous modes
minus_active_probes,drawer_contact_repair,combined_hidden_mechanisms,6,0.597222,does not probe ambiguous modes
minus_active_probes,deformable_bin_pick,nominal,0,0.666667,does not probe ambiguous modes
minus_active_probes,deformable_bin_pick,nominal,1,0.791667,does not probe ambiguous modes
minus_active_probes,deformable_bin_pick,nominal,2,0.777778,does not probe ambiguous modes
minus_active_probes,deformable_bin_pick,nominal,3,0.805556,does not probe ambiguous modes
minus_active_probes,deformable_bin_pick,nominal,4,0.666667,does not probe ambiguous modes
minus_active_probes,deformable_bin_pick,nominal,5,0.722222,does not probe ambiguous modes
minus_active_probes,deformable_bin_pick,nominal,6,0.833333,does not probe ambiguous modes
minus_active_probes,deformable_bin_pick,friction_shift,0,0.638889,does not probe ambiguous modes
minus_active_probes,deformable_bin_pick,friction_shift,1,0.680556,does not probe ambiguous modes
minus_active_probes,deformable_bin_pick,friction_shift,2,0.694444,does not probe ambiguous modes
minus_active_probes,deformable_bin_pick,friction_shift,3,0.694444,does not probe ambiguous modes
minus_active_probes,deformable_bin_pick,friction_shift,4,0.750000,does not probe ambiguous modes
minus_active_probes,deformable_bin_pick,friction_shift,5,0.666667,does not probe ambiguous modes
minus_active_probes,deformable_bin_pick,friction_shift,6,0.666667,does not probe ambiguous modes
minus_active_probes,deformable_bin_pick,compliance_shift,0,0.625000,does not probe ambiguous modes
minus_active_probes,deformable_bin_pick,compliance_shift,1,0.694444,does not probe ambiguous modes
minus_active_probes,deformable_bin_pick,compliance_shift,2,0.652778,does not probe ambiguous modes
minus_active_probes,deformable_bin_pick,compliance_shift,3,0.694444,does not probe ambiguous modes
minus_active_probes,deformable_bin_pick,compliance_shift,4,0.680556,does not probe ambiguous modes
minus_active_probes,deformable_bin_pick,compliance_shift,5,0.736111,does not probe ambiguous modes
minus_active_probes,deformable_bin_pick,compliance_shift,6,0.666667,does not probe ambiguous modes
minus_active_probes,deformable_bin_pick,occlusion_persistence,0,0.500000,does not probe ambiguous modes
minus_active_probes,deformable_bin_pick,occlusion_persistence,1,0.736111,does not probe ambiguous modes
minus_active_probes,deformable_bin_pick,occlusion_persistence,2,0.652778,does not probe ambiguous modes
minus_active_probes,deformable_bin_pick,occlusion_persistence,3,0.625000,does not probe ambiguous modes
minus_active_probes,deformable_bin_pick,occlusion_persistence,4,0.666667,does not probe ambiguous modes
minus_active_probes,deformable_bin_pick,occlusion_persistence,5,0.652778,does not probe ambiguous modes
minus_active_probes,deformable_bin_pick,occlusion_persistence,6,0.694444,does not probe ambiguous modes
minus_active_probes,deformable_bin_pick,contact_mode_flip,0,0.708333,does not probe ambiguous modes
minus_active_probes,deformable_bin_pick,contact_mode_flip,1,0.722222,does not probe ambiguous modes
minus_active_probes,deformable_bin_pick,contact_mode_flip,2,0.736111,does not probe ambiguous modes
minus_active_probes,deformable_bin_pick,contact_mode_flip,3,0.569444,does not probe ambiguous modes
minus_active_probes,deformable_bin_pick,contact_mode_flip,4,0.652778,does not probe ambiguous modes
minus_active_probes,deformable_bin_pick,contact_mode_flip,5,0.611111,does not probe ambiguous modes
minus_active_probes,deformable_bin_pick,contact_mode_flip,6,0.583333,does not probe ambiguous modes
minus_active_probes,deformable_bin_pick,actuator_lag,0,0.777778,does not probe ambiguous modes
minus_active_probes,deformable_bin_pick,actuator_lag,1,0.666667,does not probe ambiguous modes
minus_active_probes,deformable_bin_pick,actuator_lag,2,0.652778,does not probe ambiguous modes
minus_active_probes,deformable_bin_pick,actuator_lag,3,0.638889,does not probe ambiguous modes
minus_active_probes,deformable_bin_pick,actuator_lag,4,0.625000,does not probe ambiguous modes
minus_active_probes,deformable_bin_pick,actuator_lag,5,0.680556,does not probe ambiguous modes
minus_active_probes,deformable_bin_pick,actuator_lag,6,0.597222,does not probe ambiguous modes
minus_active_probes,deformable_bin_pick,payload_shift,0,0.694444,does not probe ambiguous modes
minus_active_probes,deformable_bin_pick,payload_shift,1,0.736111,does not probe ambiguous modes
minus_active_probes,deformable_bin_pick,payload_shift,2,0.708333,does not probe ambiguous modes
minus_active_probes,deformable_bin_pick,payload_shift,3,0.652778,does not probe ambiguous modes
minus_active_probes,deformable_bin_pick,payload_shift,4,0.625000,does not probe ambiguous modes
minus_active_probes,deformable_bin_pick,payload_shift,5,0.597222,does not probe ambiguous modes
minus_active_probes,deformable_bin_pick,payload_shift,6,0.666667,does not probe ambiguous modes
minus_active_probes,deformable_bin_pick,combined_hidden_mechanisms,0,0.486111,does not probe ambiguous modes
minus_active_probes,deformable_bin_pick,combined_hidden_mechanisms,1,0.680556,does not probe ambiguous modes
minus_active_probes,deformable_bin_pick,combined_hidden_mechanisms,2,0.611111,does not probe ambiguous modes
minus_active_probes,deformable_bin_pick,combined_hidden_mechanisms,3,0.541667,does not probe ambiguous modes
minus_active_probes,deformable_bin_pick,combined_hidden_mechanisms,4,0.666667,does not probe ambiguous modes
minus_active_probes,deformable_bin_pick,combined_hidden_mechanisms,5,0.555556,does not probe ambiguous modes
minus_active_probes,deformable_bin_pick,combined_hidden_mechanisms,6,0.625000,does not probe ambiguous modes
minus_active_probes,occluded_push_recovery,nominal,0,0.736111,does not probe ambiguous modes
minus_active_probes,occluded_push_recovery,nominal,1,0.847222,does not probe ambiguous modes
minus_active_probes,occluded_push_recovery,nominal,2,0.750000,does not probe ambiguous modes
minus_active_probes,occluded_push_recovery,nominal,3,0.680556,does not probe ambiguous modes
minus_active_probes,occluded_push_recovery,nominal,4,0.708333,does not probe ambiguous modes
minus_active_probes,occluded_push_recovery,nominal,5,0.666667,does not probe ambiguous modes
minus_active_probes,occluded_push_recovery,nominal,6,0.722222,does not probe ambiguous modes
minus_active_probes,occluded_push_recovery,friction_shift,0,0.736111,does not probe ambiguous modes
minus_active_probes,occluded_push_recovery,friction_shift,1,0.708333,does not probe ambiguous modes
minus_active_probes,occluded_push_recovery,friction_shift,2,0.708333,does not probe ambiguous modes
minus_active_probes,occluded_push_recovery,friction_shift,3,0.694444,does not probe ambiguous modes
minus_active_probes,occluded_push_recovery,friction_shift,4,0.652778,does not probe ambiguous modes
minus_active_probes,occluded_push_recovery,friction_shift,5,0.708333,does not probe ambiguous modes
minus_active_probes,occluded_push_recovery,friction_shift,6,0.694444,does not probe ambiguous modes
minus_active_probes,occluded_push_recovery,compliance_shift,0,0.638889,does not probe ambiguous modes
minus_active_probes,occluded_push_recovery,compliance_shift,1,0.694444,does not probe ambiguous modes
minus_active_probes,occluded_push_recovery,compliance_shift,2,0.680556,does not probe ambiguous modes
minus_active_probes,occluded_push_recovery,compliance_shift,3,0.736111,does not probe ambiguous modes
minus_active_probes,occluded_push_recovery,compliance_shift,4,0.736111,does not probe ambiguous modes
minus_active_probes,occluded_push_recovery,compliance_shift,5,0.652778,does not probe ambiguous modes
minus_active_probes,occluded_push_recovery,compliance_shift,6,0.638889,does not probe ambiguous modes
minus_active_probes,occluded_push_recovery,occlusion_persistence,0,0.638889,does not probe ambiguous modes
minus_active_probes,occluded_push_recovery,occlusion_persistence,1,0.722222,does not probe ambiguous modes
minus_active_probes,occluded_push_recovery,occlusion_persistence,2,0.763889,does not probe ambiguous modes
minus_active_probes,occluded_push_recovery,occlusion_persistence,3,0.708333,does not probe ambiguous modes
minus_active_probes,occluded_push_recovery,occlusion_persistence,4,0.736111,does not probe ambiguous modes
minus_active_probes,occluded_push_recovery,occlusion_persistence,5,0.708333,does not probe ambiguous modes
minus_active_probes,occluded_push_recovery,occlusion_persistence,6,0.625000,does not probe ambiguous modes
minus_active_probes,occluded_push_recovery,contact_mode_flip,0,0.722222,does not probe ambiguous modes
minus_active_probes,occluded_push_recovery,contact_mode_flip,1,0.736111,does not probe ambiguous modes
minus_active_probes,occluded_push_recovery,contact_mode_flip,2,0.666667,does not probe ambiguous modes
minus_active_probes,occluded_push_recovery,contact_mode_flip,3,0.722222,does not probe ambiguous modes
minus_active_probes,occluded_push_recovery,contact_mode_flip,4,0.541667,does not probe ambiguous modes
minus_active_probes,occluded_push_recovery,contact_mode_flip,5,0.708333,does not probe ambiguous modes
minus_active_probes,occluded_push_recovery,contact_mode_flip,6,0.625000,does not probe ambiguous modes
minus_active_probes,occluded_push_recovery,actuator_lag,0,0.694444,does not probe ambiguous modes
minus_active_probes,occluded_push_recovery,actuator_lag,1,0.597222,does not probe ambiguous modes
minus_active_probes,occluded_push_recovery,actuator_lag,2,0.750000,does not probe ambiguous modes
minus_active_probes,occluded_push_recovery,actuator_lag,3,0.666667,does not probe ambiguous modes
minus_active_probes,occluded_push_recovery,actuator_lag,4,0.666667,does not probe ambiguous modes
minus_active_probes,occluded_push_recovery,actuator_lag,5,0.555556,does not probe ambiguous modes
minus_active_probes,occluded_push_recovery,actuator_lag,6,0.638889,does not probe ambiguous modes
minus_active_probes,occluded_push_recovery,payload_shift,0,0.597222,does not probe ambiguous modes
minus_active_probes,occluded_push_recovery,payload_shift,1,0.638889,does not probe ambiguous modes
minus_active_probes,occluded_push_recovery,payload_shift,2,0.708333,does not probe ambiguous modes
minus_active_probes,occluded_push_recovery,payload_shift,3,0.708333,does not probe ambiguous modes
minus_active_probes,occluded_push_recovery,payload_shift,4,0.638889,does not probe ambiguous modes
minus_active_probes,occluded_push_recovery,payload_shift,5,0.597222,does not probe ambiguous modes
minus_active_probes,occluded_push_recovery,payload_shift,6,0.652778,does not probe ambiguous modes
minus_active_probes,occluded_push_recovery,combined_hidden_mechanisms,0,0.638889,does not probe ambiguous modes
minus_active_probes,occluded_push_recovery,combined_hidden_mechanisms,1,0.597222,does not probe ambiguous modes
minus_active_probes,occluded_push_recovery,combined_hidden_mechanisms,2,0.625000,does not probe ambiguous modes
minus_active_probes,occluded_push_recovery,combined_hidden_mechanisms,3,0.652778,does not probe ambiguous modes
minus_active_probes,occluded_push_recovery,combined_hidden_mechanisms,4,0.638889,does not probe ambiguous modes
minus_active_probes,occluded_push_recovery,combined_hidden_mechanisms,5,0.555556,does not probe ambiguous modes
minus_active_probes,occluded_push_recovery,combined_hidden_mechanisms,6,0.666667,does not probe ambiguous modes
minus_active_probes,payload_handover,nominal,0,0.736111,does not probe ambiguous modes
minus_active_probes,payload_handover,nominal,1,0.680556,does not probe ambiguous modes
minus_active_probes,payload_handover,nominal,2,0.680556,does not probe ambiguous modes
minus_active_probes,payload_handover,nominal,3,0.652778,does not probe ambiguous modes
minus_active_probes,payload_handover,nominal,4,0.736111,does not probe ambiguous modes
minus_active_probes,payload_handover,nominal,5,0.625000,does not probe ambiguous modes
minus_active_probes,payload_handover,nominal,6,0.777778,does not probe ambiguous modes
minus_active_probes,payload_handover,friction_shift,0,0.625000,does not probe ambiguous modes
minus_active_probes,payload_handover,friction_shift,1,0.666667,does not probe ambiguous modes
minus_active_probes,payload_handover,friction_shift,2,0.680556,does not probe ambiguous modes
minus_active_probes,payload_handover,friction_shift,3,0.680556,does not probe ambiguous modes
minus_active_probes,payload_handover,friction_shift,4,0.666667,does not probe ambiguous modes
minus_active_probes,payload_handover,friction_shift,5,0.777778,does not probe ambiguous modes
minus_active_probes,payload_handover,friction_shift,6,0.722222,does not probe ambiguous modes
minus_active_probes,payload_handover,compliance_shift,0,0.652778,does not probe ambiguous modes
minus_active_probes,payload_handover,compliance_shift,1,0.652778,does not probe ambiguous modes
minus_active_probes,payload_handover,compliance_shift,2,0.750000,does not probe ambiguous modes
minus_active_probes,payload_handover,compliance_shift,3,0.708333,does not probe ambiguous modes
minus_active_probes,payload_handover,compliance_shift,4,0.611111,does not probe ambiguous modes
minus_active_probes,payload_handover,compliance_shift,5,0.750000,does not probe ambiguous modes
minus_active_probes,payload_handover,compliance_shift,6,0.638889,does not probe ambiguous modes
minus_active_probes,payload_handover,occlusion_persistence,0,0.694444,does not probe ambiguous modes
minus_active_probes,payload_handover,occlusion_persistence,1,0.708333,does not probe ambiguous modes
minus_active_probes,payload_handover,occlusion_persistence,2,0.680556,does not probe ambiguous modes
minus_active_probes,payload_handover,occlusion_persistence,3,0.763889,does not probe ambiguous modes
minus_active_probes,payload_handover,occlusion_persistence,4,0.680556,does not probe ambiguous modes
minus_active_probes,payload_handover,occlusion_persistence,5,0.708333,does not probe ambiguous modes
minus_active_probes,payload_handover,occlusion_persistence,6,0.652778,does not probe ambiguous modes
minus_active_probes,payload_handover,contact_mode_flip,0,0.736111,does not probe ambiguous modes
minus_active_probes,payload_handover,contact_mode_flip,1,0.569444,does not probe ambiguous modes
minus_active_probes,payload_handover,contact_mode_flip,2,0.583333,does not probe ambiguous modes
minus_active_probes,payload_handover,contact_mode_flip,3,0.666667,does not probe ambiguous modes
minus_active_probes,payload_handover,contact_mode_flip,4,0.694444,does not probe ambiguous modes
minus_active_probes,payload_handover,contact_mode_flip,5,0.694444,does not probe ambiguous modes
minus_active_probes,payload_handover,contact_mode_flip,6,0.569444,does not probe ambiguous modes
minus_active_probes,payload_handover,actuator_lag,0,0.625000,does not probe ambiguous modes
minus_active_probes,payload_handover,actuator_lag,1,0.652778,does not probe ambiguous modes
minus_active_probes,payload_handover,actuator_lag,2,0.708333,does not probe ambiguous modes
minus_active_probes,payload_handover,actuator_lag,3,0.638889,does not probe ambiguous modes
minus_active_probes,payload_handover,actuator_lag,4,0.597222,does not probe ambiguous modes
minus_active_probes,payload_handover,actuator_lag,5,0.652778,does not probe ambiguous modes
minus_active_probes,payload_handover,actuator_lag,6,0.666667,does not probe ambiguous modes
minus_active_probes,payload_handover,payload_shift,0,0.583333,does not probe ambiguous modes
minus_active_probes,payload_handover,payload_shift,1,0.694444,does not probe ambiguous modes
minus_active_probes,payload_handover,payload_shift,2,0.652778,does not probe ambiguous modes
minus_active_probes,payload_handover,payload_shift,3,0.583333,does not probe ambiguous modes
minus_active_probes,payload_handover,payload_shift,4,0.652778,does not probe ambiguous modes
minus_active_probes,payload_handover,payload_shift,5,0.694444,does not probe ambiguous modes
minus_active_probes,payload_handover,payload_shift,6,0.597222,does not probe ambiguous modes
minus_active_probes,payload_handover,combined_hidden_mechanisms,0,0.527778,does not probe ambiguous modes
minus_active_probes,payload_handover,combined_hidden_mechanisms,1,0.597222,does not probe ambiguous modes
minus_active_probes,payload_handover,combined_hidden_mechanisms,2,0.597222,does not probe ambiguous modes
minus_active_probes,payload_handover,combined_hidden_mechanisms,3,0.708333,does not probe ambiguous modes
minus_active_probes,payload_handover,combined_hidden_mechanisms,4,0.611111,does not probe ambiguous modes
minus_active_probes,payload_handover,combined_hidden_mechanisms,5,0.513889,does not probe ambiguous modes
minus_active_probes,payload_handover,combined_hidden_mechanisms,6,0.680556,does not probe ambiguous modes
minus_active_probes,peg_insert_with_lag,nominal,0,0.666667,does not probe ambiguous modes
minus_active_probes,peg_insert_with_lag,nominal,1,0.763889,does not probe ambiguous modes
minus_active_probes,peg_insert_with_lag,nominal,2,0.736111,does not probe ambiguous modes
minus_active_probes,peg_insert_with_lag,nominal,3,0.708333,does not probe ambiguous modes
minus_active_probes,peg_insert_with_lag,nominal,4,0.597222,does not probe ambiguous modes
minus_active_probes,peg_insert_with_lag,nominal,5,0.708333,does not probe ambiguous modes
minus_active_probes,peg_insert_with_lag,nominal,6,0.666667,does not probe ambiguous modes
minus_active_probes,peg_insert_with_lag,friction_shift,0,0.680556,does not probe ambiguous modes
minus_active_probes,peg_insert_with_lag,friction_shift,1,0.819444,does not probe ambiguous modes
minus_active_probes,peg_insert_with_lag,friction_shift,2,0.597222,does not probe ambiguous modes
minus_active_probes,peg_insert_with_lag,friction_shift,3,0.638889,does not probe ambiguous modes
minus_active_probes,peg_insert_with_lag,friction_shift,4,0.708333,does not probe ambiguous modes
minus_active_probes,peg_insert_with_lag,friction_shift,5,0.750000,does not probe ambiguous modes
minus_active_probes,peg_insert_with_lag,friction_shift,6,0.597222,does not probe ambiguous modes
minus_active_probes,peg_insert_with_lag,compliance_shift,0,0.736111,does not probe ambiguous modes
minus_active_probes,peg_insert_with_lag,compliance_shift,1,0.583333,does not probe ambiguous modes
minus_active_probes,peg_insert_with_lag,compliance_shift,2,0.611111,does not probe ambiguous modes
minus_active_probes,peg_insert_with_lag,compliance_shift,3,0.680556,does not probe ambiguous modes
minus_active_probes,peg_insert_with_lag,compliance_shift,4,0.652778,does not probe ambiguous modes
minus_active_probes,peg_insert_with_lag,compliance_shift,5,0.555556,does not probe ambiguous modes
minus_active_probes,peg_insert_with_lag,compliance_shift,6,0.680556,does not probe ambiguous modes
minus_active_probes,peg_insert_with_lag,occlusion_persistence,0,0.611111,does not probe ambiguous modes
minus_active_probes,peg_insert_with_lag,occlusion_persistence,1,0.652778,does not probe ambiguous modes
minus_active_probes,peg_insert_with_lag,occlusion_persistence,2,0.611111,does not probe ambiguous modes
minus_active_probes,peg_insert_with_lag,occlusion_persistence,3,0.625000,does not probe ambiguous modes
minus_active_probes,peg_insert_with_lag,occlusion_persistence,4,0.583333,does not probe ambiguous modes
minus_active_probes,peg_insert_with_lag,occlusion_persistence,5,0.708333,does not probe ambiguous modes
minus_active_probes,peg_insert_with_lag,occlusion_persistence,6,0.652778,does not probe ambiguous modes
minus_active_probes,peg_insert_with_lag,contact_mode_flip,0,0.597222,does not probe ambiguous modes
minus_active_probes,peg_insert_with_lag,contact_mode_flip,1,0.583333,does not probe ambiguous modes
minus_active_probes,peg_insert_with_lag,contact_mode_flip,2,0.680556,does not probe ambiguous modes
minus_active_probes,peg_insert_with_lag,contact_mode_flip,3,0.638889,does not probe ambiguous modes
minus_active_probes,peg_insert_with_lag,contact_mode_flip,4,0.638889,does not probe ambiguous modes
minus_active_probes,peg_insert_with_lag,contact_mode_flip,5,0.625000,does not probe ambiguous modes
minus_active_probes,peg_insert_with_lag,contact_mode_flip,6,0.583333,does not probe ambiguous modes
minus_active_probes,peg_insert_with_lag,actuator_lag,0,0.750000,does not probe ambiguous modes
minus_active_probes,peg_insert_with_lag,actuator_lag,1,0.722222,does not probe ambiguous modes
minus_active_probes,peg_insert_with_lag,actuator_lag,2,0.611111,does not probe ambiguous modes
minus_active_probes,peg_insert_with_lag,actuator_lag,3,0.680556,does not probe ambiguous modes
minus_active_probes,peg_insert_with_lag,actuator_lag,4,0.638889,does not probe ambiguous modes
minus_active_probes,peg_insert_with_lag,actuator_lag,5,0.625000,does not probe ambiguous modes
minus_active_probes,peg_insert_with_lag,actuator_lag,6,0.638889,does not probe ambiguous modes
minus_active_probes,peg_insert_with_lag,payload_shift,0,0.625000,does not probe ambiguous modes
minus_active_probes,peg_insert_with_lag,payload_shift,1,0.666667,does not probe ambiguous modes
minus_active_probes,peg_insert_with_lag,payload_shift,2,0.708333,does not probe ambiguous modes
minus_active_probes,peg_insert_with_lag,payload_shift,3,0.597222,does not probe ambiguous modes
minus_active_probes,peg_insert_with_lag,payload_shift,4,0.625000,does not probe ambiguous modes
minus_active_probes,peg_insert_with_lag,payload_shift,5,0.652778,does not probe ambiguous modes
minus_active_probes,peg_insert_with_lag,payload_shift,6,0.652778,does not probe ambiguous modes
minus_active_probes,peg_insert_with_lag,combined_hidden_mechanisms,0,0.597222,does not probe ambiguous modes
minus_active_probes,peg_insert_with_lag,combined_hidden_mechanisms,1,0.625000,does not probe ambiguous modes
minus_active_probes,peg_insert_with_lag,combined_hidden_mechanisms,2,0.708333,does not probe ambiguous modes
minus_active_probes,peg_insert_with_lag,combined_hidden_mechanisms,3,0.486111,does not probe ambiguous modes
minus_active_probes,peg_insert_with_lag,combined_hidden_mechanisms,4,0.444444,does not probe ambiguous modes
minus_active_probes,peg_insert_with_lag,combined_hidden_mechanisms,5,0.458333,does not probe ambiguous modes
minus_active_probes,peg_insert_with_lag,combined_hidden_mechanisms,6,0.527778,does not probe ambiguous modes
minus_active_probes,cluttered_navigation_grasp,nominal,0,0.736111,does not probe ambiguous modes
minus_active_probes,cluttered_navigation_grasp,nominal,1,0.652778,does not probe ambiguous modes
minus_active_probes,cluttered_navigation_grasp,nominal,2,0.791667,does not probe ambiguous modes
minus_active_probes,cluttered_navigation_grasp,nominal,3,0.763889,does not probe ambiguous modes
minus_active_probes,cluttered_navigation_grasp,nominal,4,0.708333,does not probe ambiguous modes
minus_active_probes,cluttered_navigation_grasp,nominal,5,0.638889,does not probe ambiguous modes
minus_active_probes,cluttered_navigation_grasp,nominal,6,0.722222,does not probe ambiguous modes
minus_active_probes,cluttered_navigation_grasp,friction_shift,0,0.722222,does not probe ambiguous modes
minus_active_probes,cluttered_navigation_grasp,friction_shift,1,0.750000,does not probe ambiguous modes
minus_active_probes,cluttered_navigation_grasp,friction_shift,2,0.680556,does not probe ambiguous modes
minus_active_probes,cluttered_navigation_grasp,friction_shift,3,0.680556,does not probe ambiguous modes
minus_active_probes,cluttered_navigation_grasp,friction_shift,4,0.694444,does not probe ambiguous modes
minus_active_probes,cluttered_navigation_grasp,friction_shift,5,0.652778,does not probe ambiguous modes
minus_active_probes,cluttered_navigation_grasp,friction_shift,6,0.625000,does not probe ambiguous modes
minus_active_probes,cluttered_navigation_grasp,compliance_shift,0,0.625000,does not probe ambiguous modes
minus_active_probes,cluttered_navigation_grasp,compliance_shift,1,0.583333,does not probe ambiguous modes
minus_active_probes,cluttered_navigation_grasp,compliance_shift,2,0.638889,does not probe ambiguous modes
minus_active_probes,cluttered_navigation_grasp,compliance_shift,3,0.722222,does not probe ambiguous modes
minus_active_probes,cluttered_navigation_grasp,compliance_shift,4,0.583333,does not probe ambiguous modes
minus_active_probes,cluttered_navigation_grasp,compliance_shift,5,0.625000,does not probe ambiguous modes
minus_active_probes,cluttered_navigation_grasp,compliance_shift,6,0.680556,does not probe ambiguous modes
minus_active_probes,cluttered_navigation_grasp,occlusion_persistence,0,0.652778,does not probe ambiguous modes
minus_active_probes,cluttered_navigation_grasp,occlusion_persistence,1,0.625000,does not probe ambiguous modes
minus_active_probes,cluttered_navigation_grasp,occlusion_persistence,2,0.680556,does not probe ambiguous modes
minus_active_probes,cluttered_navigation_grasp,occlusion_persistence,3,0.625000,does not probe ambiguous modes
minus_active_probes,cluttered_navigation_grasp,occlusion_persistence,4,0.666667,does not probe ambiguous modes
minus_active_probes,cluttered_navigation_grasp,occlusion_persistence,5,0.708333,does not probe ambiguous modes
minus_active_probes,cluttered_navigation_grasp,occlusion_persistence,6,0.666667,does not probe ambiguous modes
minus_active_probes,cluttered_navigation_grasp,contact_mode_flip,0,0.638889,does not probe ambiguous modes
minus_active_probes,cluttered_navigation_grasp,contact_mode_flip,1,0.611111,does not probe ambiguous modes
minus_active_probes,cluttered_navigation_grasp,contact_mode_flip,2,0.694444,does not probe ambiguous modes
minus_active_probes,cluttered_navigation_grasp,contact_mode_flip,3,0.652778,does not probe ambiguous modes
minus_active_probes,cluttered_navigation_grasp,contact_mode_flip,4,0.652778,does not probe ambiguous modes
minus_active_probes,cluttered_navigation_grasp,contact_mode_flip,5,0.763889,does not probe ambiguous modes
minus_active_probes,cluttered_navigation_grasp,contact_mode_flip,6,0.736111,does not probe ambiguous modes
minus_active_probes,cluttered_navigation_grasp,actuator_lag,0,0.638889,does not probe ambiguous modes
minus_active_probes,cluttered_navigation_grasp,actuator_lag,1,0.750000,does not probe ambiguous modes
minus_active_probes,cluttered_navigation_grasp,actuator_lag,2,0.638889,does not probe ambiguous modes
minus_active_probes,cluttered_navigation_grasp,actuator_lag,3,0.625000,does not probe ambiguous modes
minus_active_probes,cluttered_navigation_grasp,actuator_lag,4,0.666667,does not probe ambiguous modes
minus_active_probes,cluttered_navigation_grasp,actuator_lag,5,0.597222,does not probe ambiguous modes
minus_active_probes,cluttered_navigation_grasp,actuator_lag,6,0.652778,does not probe ambiguous modes
minus_active_probes,cluttered_navigation_grasp,payload_shift,0,0.680556,does not probe ambiguous modes
minus_active_probes,cluttered_navigation_grasp,payload_shift,1,0.708333,does not probe ambiguous modes
minus_active_probes,cluttered_navigation_grasp,payload_shift,2,0.638889,does not probe ambiguous modes
minus_active_probes,cluttered_navigation_grasp,payload_shift,3,0.638889,does not probe ambiguous modes
minus_active_probes,cluttered_navigation_grasp,payload_shift,4,0.736111,does not probe ambiguous modes
minus_active_probes,cluttered_navigation_grasp,payload_shift,5,0.638889,does not probe ambiguous modes
minus_active_probes,cluttered_navigation_grasp,payload_shift,6,0.652778,does not probe ambiguous modes
minus_active_probes,cluttered_navigation_grasp,combined_hidden_mechanisms,0,0.625000,does not probe ambiguous modes
minus_active_probes,cluttered_navigation_grasp,combined_hidden_mechanisms,1,0.513889,does not probe ambiguous modes
minus_active_probes,cluttered_navigation_grasp,combined_hidden_mechanisms,2,0.680556,does not probe ambiguous modes
minus_active_probes,cluttered_navigation_grasp,combined_hidden_mechanisms,3,0.583333,does not probe ambiguous modes
minus_active_probes,cluttered_navigation_grasp,combined_hidden_mechanisms,4,0.722222,does not probe ambiguous modes
minus_active_probes,cluttered_navigation_grasp,combined_hidden_mechanisms,5,0.527778,does not probe ambiguous modes
minus_active_probes,cluttered_navigation_grasp,combined_hidden_mechanisms,6,0.638889,does not probe ambiguous modes
minus_repair_memory,drawer_contact_repair,nominal,0,0.736111,does not reuse repaired beliefs
minus_repair_memory,drawer_contact_repair,nominal,1,0.750000,does not reuse repaired beliefs
minus_repair_memory,drawer_contact_repair,nominal,2,0.583333,does not reuse repaired beliefs
minus_repair_memory,drawer_contact_repair,nominal,3,0.708333,does not reuse repaired beliefs
minus_repair_memory,drawer_contact_repair,nominal,4,0.819444,does not reuse repaired beliefs
minus_repair_memory,drawer_contact_repair,nominal,5,0.666667,does not reuse repaired beliefs
minus_repair_memory,drawer_contact_repair,nominal,6,0.708333,does not reuse repaired beliefs
minus_repair_memory,drawer_contact_repair,friction_shift,0,0.680556,does not reuse repaired beliefs
minus_repair_memory,drawer_contact_repair,friction_shift,1,0.638889,does not reuse repaired beliefs
minus_repair_memory,drawer_contact_repair,friction_shift,2,0.625000,does not reuse repaired beliefs
minus_repair_memory,drawer_contact_repair,friction_shift,3,0.666667,does not reuse repaired beliefs
minus_repair_memory,drawer_contact_repair,friction_shift,4,0.680556,does not reuse repaired beliefs
minus_repair_memory,drawer_contact_repair,friction_shift,5,0.708333,does not reuse repaired beliefs
minus_repair_memory,drawer_contact_repair,friction_shift,6,0.597222,does not reuse repaired beliefs
minus_repair_memory,drawer_contact_repair,compliance_shift,0,0.638889,does not reuse repaired beliefs
minus_repair_memory,drawer_contact_repair,compliance_shift,1,0.611111,does not reuse repaired beliefs
minus_repair_memory,drawer_contact_repair,compliance_shift,2,0.694444,does not reuse repaired beliefs
minus_repair_memory,drawer_contact_repair,compliance_shift,3,0.694444,does not reuse repaired beliefs
minus_repair_memory,drawer_contact_repair,compliance_shift,4,0.666667,does not reuse repaired beliefs
minus_repair_memory,drawer_contact_repair,compliance_shift,5,0.666667,does not reuse repaired beliefs
minus_repair_memory,drawer_contact_repair,compliance_shift,6,0.638889,does not reuse repaired beliefs
minus_repair_memory,drawer_contact_repair,occlusion_persistence,0,0.666667,does not reuse repaired beliefs
minus_repair_memory,drawer_contact_repair,occlusion_persistence,1,0.597222,does not reuse repaired beliefs
minus_repair_memory,drawer_contact_repair,occlusion_persistence,2,0.708333,does not reuse repaired beliefs
minus_repair_memory,drawer_contact_repair,occlusion_persistence,3,0.555556,does not reuse repaired beliefs
minus_repair_memory,drawer_contact_repair,occlusion_persistence,4,0.694444,does not reuse repaired beliefs
minus_repair_memory,drawer_contact_repair,occlusion_persistence,5,0.666667,does not reuse repaired beliefs
minus_repair_memory,drawer_contact_repair,occlusion_persistence,6,0.708333,does not reuse repaired beliefs
minus_repair_memory,drawer_contact_repair,contact_mode_flip,0,0.791667,does not reuse repaired beliefs
minus_repair_memory,drawer_contact_repair,contact_mode_flip,1,0.638889,does not reuse repaired beliefs
minus_repair_memory,drawer_contact_repair,contact_mode_flip,2,0.708333,does not reuse repaired beliefs
minus_repair_memory,drawer_contact_repair,contact_mode_flip,3,0.652778,does not reuse repaired beliefs
minus_repair_memory,drawer_contact_repair,contact_mode_flip,4,0.583333,does not reuse repaired beliefs
minus_repair_memory,drawer_contact_repair,contact_mode_flip,5,0.583333,does not reuse repaired beliefs
minus_repair_memory,drawer_contact_repair,contact_mode_flip,6,0.694444,does not reuse repaired beliefs
minus_repair_memory,drawer_contact_repair,actuator_lag,0,0.750000,does not reuse repaired beliefs
minus_repair_memory,drawer_contact_repair,actuator_lag,1,0.625000,does not reuse repaired beliefs
minus_repair_memory,drawer_contact_repair,actuator_lag,2,0.722222,does not reuse repaired beliefs
minus_repair_memory,drawer_contact_repair,actuator_lag,3,0.611111,does not reuse repaired beliefs
minus_repair_memory,drawer_contact_repair,actuator_lag,4,0.583333,does not reuse repaired beliefs
minus_repair_memory,drawer_contact_repair,actuator_lag,5,0.763889,does not reuse repaired beliefs
minus_repair_memory,drawer_contact_repair,actuator_lag,6,0.638889,does not reuse repaired beliefs
minus_repair_memory,drawer_contact_repair,payload_shift,0,0.666667,does not reuse repaired beliefs
minus_repair_memory,drawer_contact_repair,payload_shift,1,0.750000,does not reuse repaired beliefs
minus_repair_memory,drawer_contact_repair,payload_shift,2,0.694444,does not reuse repaired beliefs
minus_repair_memory,drawer_contact_repair,payload_shift,3,0.791667,does not reuse repaired beliefs
minus_repair_memory,drawer_contact_repair,payload_shift,4,0.694444,does not reuse repaired beliefs
minus_repair_memory,drawer_contact_repair,payload_shift,5,0.625000,does not reuse repaired beliefs
minus_repair_memory,drawer_contact_repair,payload_shift,6,0.638889,does not reuse repaired beliefs
minus_repair_memory,drawer_contact_repair,combined_hidden_mechanisms,0,0.652778,does not reuse repaired beliefs
minus_repair_memory,drawer_contact_repair,combined_hidden_mechanisms,1,0.638889,does not reuse repaired beliefs
minus_repair_memory,drawer_contact_repair,combined_hidden_mechanisms,2,0.666667,does not reuse repaired beliefs
minus_repair_memory,drawer_contact_repair,combined_hidden_mechanisms,3,0.597222,does not reuse repaired beliefs
minus_repair_memory,drawer_contact_repair,combined_hidden_mechanisms,4,0.680556,does not reuse repaired beliefs
minus_repair_memory,drawer_contact_repair,combined_hidden_mechanisms,5,0.555556,does not reuse repaired beliefs
minus_repair_memory,drawer_contact_repair,combined_hidden_mechanisms,6,0.555556,does not reuse repaired beliefs
minus_repair_memory,deformable_bin_pick,nominal,0,0.833333,does not reuse repaired beliefs
minus_repair_memory,deformable_bin_pick,nominal,1,0.666667,does not reuse repaired beliefs
minus_repair_memory,deformable_bin_pick,nominal,2,0.694444,does not reuse repaired beliefs
minus_repair_memory,deformable_bin_pick,nominal,3,0.736111,does not reuse repaired beliefs
minus_repair_memory,deformable_bin_pick,nominal,4,0.791667,does not reuse repaired beliefs
minus_repair_memory,deformable_bin_pick,nominal,5,0.722222,does not reuse repaired beliefs
minus_repair_memory,deformable_bin_pick,nominal,6,0.805556,does not reuse repaired beliefs
minus_repair_memory,deformable_bin_pick,friction_shift,0,0.708333,does not reuse repaired beliefs
minus_repair_memory,deformable_bin_pick,friction_shift,1,0.722222,does not reuse repaired beliefs
minus_repair_memory,deformable_bin_pick,friction_shift,2,0.680556,does not reuse repaired beliefs
minus_repair_memory,deformable_bin_pick,friction_shift,3,0.652778,does not reuse repaired beliefs
minus_repair_memory,deformable_bin_pick,friction_shift,4,0.652778,does not reuse repaired beliefs
minus_repair_memory,deformable_bin_pick,friction_shift,5,0.611111,does not reuse repaired beliefs
minus_repair_memory,deformable_bin_pick,friction_shift,6,0.666667,does not reuse repaired beliefs
minus_repair_memory,deformable_bin_pick,compliance_shift,0,0.680556,does not reuse repaired beliefs
minus_repair_memory,deformable_bin_pick,compliance_shift,1,0.722222,does not reuse repaired beliefs
minus_repair_memory,deformable_bin_pick,compliance_shift,2,0.666667,does not reuse repaired beliefs
minus_repair_memory,deformable_bin_pick,compliance_shift,3,0.680556,does not reuse repaired beliefs
minus_repair_memory,deformable_bin_pick,compliance_shift,4,0.722222,does not reuse repaired beliefs
minus_repair_memory,deformable_bin_pick,compliance_shift,5,0.708333,does not reuse repaired beliefs
minus_repair_memory,deformable_bin_pick,compliance_shift,6,0.611111,does not reuse repaired beliefs
minus_repair_memory,deformable_bin_pick,occlusion_persistence,0,0.625000,does not reuse repaired beliefs
minus_repair_memory,deformable_bin_pick,occlusion_persistence,1,0.652778,does not reuse repaired beliefs
minus_repair_memory,deformable_bin_pick,occlusion_persistence,2,0.583333,does not reuse repaired beliefs
minus_repair_memory,deformable_bin_pick,occlusion_persistence,3,0.666667,does not reuse repaired beliefs
minus_repair_memory,deformable_bin_pick,occlusion_persistence,4,0.555556,does not reuse repaired beliefs
minus_repair_memory,deformable_bin_pick,occlusion_persistence,5,0.625000,does not reuse repaired beliefs
minus_repair_memory,deformable_bin_pick,occlusion_persistence,6,0.777778,does not reuse repaired beliefs
minus_repair_memory,deformable_bin_pick,contact_mode_flip,0,0.625000,does not reuse repaired beliefs
minus_repair_memory,deformable_bin_pick,contact_mode_flip,1,0.652778,does not reuse repaired beliefs
minus_repair_memory,deformable_bin_pick,contact_mode_flip,2,0.638889,does not reuse repaired beliefs
minus_repair_memory,deformable_bin_pick,contact_mode_flip,3,0.652778,does not reuse repaired beliefs
minus_repair_memory,deformable_bin_pick,contact_mode_flip,4,0.597222,does not reuse repaired beliefs
minus_repair_memory,deformable_bin_pick,contact_mode_flip,5,0.680556,does not reuse repaired beliefs
minus_repair_memory,deformable_bin_pick,contact_mode_flip,6,0.694444,does not reuse repaired beliefs
minus_repair_memory,deformable_bin_pick,actuator_lag,0,0.513889,does not reuse repaired beliefs
minus_repair_memory,deformable_bin_pick,actuator_lag,1,0.680556,does not reuse repaired beliefs
minus_repair_memory,deformable_bin_pick,actuator_lag,2,0.583333,does not reuse repaired beliefs
minus_repair_memory,deformable_bin_pick,actuator_lag,3,0.555556,does not reuse repaired beliefs
minus_repair_memory,deformable_bin_pick,actuator_lag,4,0.666667,does not reuse repaired beliefs
minus_repair_memory,deformable_bin_pick,actuator_lag,5,0.611111,does not reuse repaired beliefs
minus_repair_memory,deformable_bin_pick,actuator_lag,6,0.666667,does not reuse repaired beliefs
minus_repair_memory,deformable_bin_pick,payload_shift,0,0.680556,does not reuse repaired beliefs
minus_repair_memory,deformable_bin_pick,payload_shift,1,0.597222,does not reuse repaired beliefs
minus_repair_memory,deformable_bin_pick,payload_shift,2,0.652778,does not reuse repaired beliefs
minus_repair_memory,deformable_bin_pick,payload_shift,3,0.680556,does not reuse repaired beliefs
minus_repair_memory,deformable_bin_pick,payload_shift,4,0.666667,does not reuse repaired beliefs
minus_repair_memory,deformable_bin_pick,payload_shift,5,0.666667,does not reuse repaired beliefs
minus_repair_memory,deformable_bin_pick,payload_shift,6,0.666667,does not reuse repaired beliefs
minus_repair_memory,deformable_bin_pick,combined_hidden_mechanisms,0,0.625000,does not reuse repaired beliefs
minus_repair_memory,deformable_bin_pick,combined_hidden_mechanisms,1,0.513889,does not reuse repaired beliefs
minus_repair_memory,deformable_bin_pick,combined_hidden_mechanisms,2,0.652778,does not reuse repaired beliefs
minus_repair_memory,deformable_bin_pick,combined_hidden_mechanisms,3,0.555556,does not reuse repaired beliefs
minus_repair_memory,deformable_bin_pick,combined_hidden_mechanisms,4,0.513889,does not reuse repaired beliefs
minus_repair_memory,deformable_bin_pick,combined_hidden_mechanisms,5,0.597222,does not reuse repaired beliefs
minus_repair_memory,deformable_bin_pick,combined_hidden_mechanisms,6,0.583333,does not reuse repaired beliefs
minus_repair_memory,occluded_push_recovery,nominal,0,0.736111,does not reuse repaired beliefs
minus_repair_memory,occluded_push_recovery,nominal,1,0.722222,does not reuse repaired beliefs
minus_repair_memory,occluded_push_recovery,nominal,2,0.652778,does not reuse repaired beliefs
minus_repair_memory,occluded_push_recovery,nominal,3,0.680556,does not reuse repaired beliefs
minus_repair_memory,occluded_push_recovery,nominal,4,0.597222,does not reuse repaired beliefs
minus_repair_memory,occluded_push_recovery,nominal,5,0.666667,does not reuse repaired beliefs
minus_repair_memory,occluded_push_recovery,nominal,6,0.638889,does not reuse repaired beliefs
minus_repair_memory,occluded_push_recovery,friction_shift,0,0.666667,does not reuse repaired beliefs
minus_repair_memory,occluded_push_recovery,friction_shift,1,0.652778,does not reuse repaired beliefs
minus_repair_memory,occluded_push_recovery,friction_shift,2,0.555556,does not reuse repaired beliefs
minus_repair_memory,occluded_push_recovery,friction_shift,3,0.791667,does not reuse repaired beliefs
minus_repair_memory,occluded_push_recovery,friction_shift,4,0.805556,does not reuse repaired beliefs
minus_repair_memory,occluded_push_recovery,friction_shift,5,0.680556,does not reuse repaired beliefs
minus_repair_memory,occluded_push_recovery,friction_shift,6,0.652778,does not reuse repaired beliefs
minus_repair_memory,occluded_push_recovery,compliance_shift,0,0.569444,does not reuse repaired beliefs
minus_repair_memory,occluded_push_recovery,compliance_shift,1,0.694444,does not reuse repaired beliefs
minus_repair_memory,occluded_push_recovery,compliance_shift,2,0.583333,does not reuse repaired beliefs
minus_repair_memory,occluded_push_recovery,compliance_shift,3,0.763889,does not reuse repaired beliefs
minus_repair_memory,occluded_push_recovery,compliance_shift,4,0.652778,does not reuse repaired beliefs
minus_repair_memory,occluded_push_recovery,compliance_shift,5,0.652778,does not reuse repaired beliefs
minus_repair_memory,occluded_push_recovery,compliance_shift,6,0.722222,does not reuse repaired beliefs
minus_repair_memory,occluded_push_recovery,occlusion_persistence,0,0.736111,does not reuse repaired beliefs
minus_repair_memory,occluded_push_recovery,occlusion_persistence,1,0.597222,does not reuse repaired beliefs
minus_repair_memory,occluded_push_recovery,occlusion_persistence,2,0.625000,does not reuse repaired beliefs
minus_repair_memory,occluded_push_recovery,occlusion_persistence,3,0.611111,does not reuse repaired beliefs
minus_repair_memory,occluded_push_recovery,occlusion_persistence,4,0.666667,does not reuse repaired beliefs
minus_repair_memory,occluded_push_recovery,occlusion_persistence,5,0.680556,does not reuse repaired beliefs
minus_repair_memory,occluded_push_recovery,occlusion_persistence,6,0.652778,does not reuse repaired beliefs
minus_repair_memory,occluded_push_recovery,contact_mode_flip,0,0.666667,does not reuse repaired beliefs
minus_repair_memory,occluded_push_recovery,contact_mode_flip,1,0.638889,does not reuse repaired beliefs
minus_repair_memory,occluded_push_recovery,contact_mode_flip,2,0.555556,does not reuse repaired beliefs
minus_repair_memory,occluded_push_recovery,contact_mode_flip,3,0.722222,does not reuse repaired beliefs
minus_repair_memory,occluded_push_recovery,contact_mode_flip,4,0.666667,does not reuse repaired beliefs
minus_repair_memory,occluded_push_recovery,contact_mode_flip,5,0.680556,does not reuse repaired beliefs
minus_repair_memory,occluded_push_recovery,contact_mode_flip,6,0.652778,does not reuse repaired beliefs
minus_repair_memory,occluded_push_recovery,actuator_lag,0,0.694444,does not reuse repaired beliefs
minus_repair_memory,occluded_push_recovery,actuator_lag,1,0.750000,does not reuse repaired beliefs
minus_repair_memory,occluded_push_recovery,actuator_lag,2,0.680556,does not reuse repaired beliefs
minus_repair_memory,occluded_push_recovery,actuator_lag,3,0.611111,does not reuse repaired beliefs
minus_repair_memory,occluded_push_recovery,actuator_lag,4,0.638889,does not reuse repaired beliefs
minus_repair_memory,occluded_push_recovery,actuator_lag,5,0.666667,does not reuse repaired beliefs
minus_repair_memory,occluded_push_recovery,actuator_lag,6,0.694444,does not reuse repaired beliefs
minus_repair_memory,occluded_push_recovery,payload_shift,0,0.666667,does not reuse repaired beliefs
minus_repair_memory,occluded_push_recovery,payload_shift,1,0.680556,does not reuse repaired beliefs
minus_repair_memory,occluded_push_recovery,payload_shift,2,0.666667,does not reuse repaired beliefs
minus_repair_memory,occluded_push_recovery,payload_shift,3,0.666667,does not reuse repaired beliefs
minus_repair_memory,occluded_push_recovery,payload_shift,4,0.638889,does not reuse repaired beliefs
minus_repair_memory,occluded_push_recovery,payload_shift,5,0.680556,does not reuse repaired beliefs
minus_repair_memory,occluded_push_recovery,payload_shift,6,0.652778,does not reuse repaired beliefs
minus_repair_memory,occluded_push_recovery,combined_hidden_mechanisms,0,0.680556,does not reuse repaired beliefs
minus_repair_memory,occluded_push_recovery,combined_hidden_mechanisms,1,0.597222,does not reuse repaired beliefs
minus_repair_memory,occluded_push_recovery,combined_hidden_mechanisms,2,0.541667,does not reuse repaired beliefs
minus_repair_memory,occluded_push_recovery,combined_hidden_mechanisms,3,0.569444,does not reuse repaired beliefs
minus_repair_memory,occluded_push_recovery,combined_hidden_mechanisms,4,0.666667,does not reuse repaired beliefs
minus_repair_memory,occluded_push_recovery,combined_hidden_mechanisms,5,0.555556,does not reuse repaired beliefs
minus_repair_memory,occluded_push_recovery,combined_hidden_mechanisms,6,0.583333,does not reuse repaired beliefs
minus_repair_memory,payload_handover,nominal,0,0.750000,does not reuse repaired beliefs
minus_repair_memory,payload_handover,nominal,1,0.638889,does not reuse repaired beliefs
minus_repair_memory,payload_handover,nominal,2,0.694444,does not reuse repaired beliefs
minus_repair_memory,payload_handover,nominal,3,0.722222,does not reuse repaired beliefs
minus_repair_memory,payload_handover,nominal,4,0.722222,does not reuse repaired beliefs
minus_repair_memory,payload_handover,nominal,5,0.777778,does not reuse repaired beliefs
minus_repair_memory,payload_handover,nominal,6,0.736111,does not reuse repaired beliefs
minus_repair_memory,payload_handover,friction_shift,0,0.722222,does not reuse repaired beliefs
minus_repair_memory,payload_handover,friction_shift,1,0.777778,does not reuse repaired beliefs
minus_repair_memory,payload_handover,friction_shift,2,0.736111,does not reuse repaired beliefs
minus_repair_memory,payload_handover,friction_shift,3,0.652778,does not reuse repaired beliefs
minus_repair_memory,payload_handover,friction_shift,4,0.638889,does not reuse repaired beliefs
minus_repair_memory,payload_handover,friction_shift,5,0.680556,does not reuse repaired beliefs
minus_repair_memory,payload_handover,friction_shift,6,0.666667,does not reuse repaired beliefs
minus_repair_memory,payload_handover,compliance_shift,0,0.555556,does not reuse repaired beliefs
minus_repair_memory,payload_handover,compliance_shift,1,0.666667,does not reuse repaired beliefs
minus_repair_memory,payload_handover,compliance_shift,2,0.680556,does not reuse repaired beliefs
minus_repair_memory,payload_handover,compliance_shift,3,0.680556,does not reuse repaired beliefs
minus_repair_memory,payload_handover,compliance_shift,4,0.722222,does not reuse repaired beliefs
minus_repair_memory,payload_handover,compliance_shift,5,0.625000,does not reuse repaired beliefs
minus_repair_memory,payload_handover,compliance_shift,6,0.625000,does not reuse repaired beliefs
minus_repair_memory,payload_handover,occlusion_persistence,0,0.652778,does not reuse repaired beliefs
minus_repair_memory,payload_handover,occlusion_persistence,1,0.708333,does not reuse repaired beliefs
minus_repair_memory,payload_handover,occlusion_persistence,2,0.625000,does not reuse repaired beliefs
minus_repair_memory,payload_handover,occlusion_persistence,3,0.652778,does not reuse repaired beliefs
minus_repair_memory,payload_handover,occlusion_persistence,4,0.680556,does not reuse repaired beliefs
minus_repair_memory,payload_handover,occlusion_persistence,5,0.638889,does not reuse repaired beliefs
minus_repair_memory,payload_handover,occlusion_persistence,6,0.666667,does not reuse repaired beliefs
minus_repair_memory,payload_handover,contact_mode_flip,0,0.625000,does not reuse repaired beliefs
minus_repair_memory,payload_handover,contact_mode_flip,1,0.652778,does not reuse repaired beliefs
minus_repair_memory,payload_handover,contact_mode_flip,2,0.625000,does not reuse repaired beliefs
minus_repair_memory,payload_handover,contact_mode_flip,3,0.638889,does not reuse repaired beliefs
minus_repair_memory,payload_handover,contact_mode_flip,4,0.597222,does not reuse repaired beliefs
minus_repair_memory,payload_handover,contact_mode_flip,5,0.583333,does not reuse repaired beliefs
minus_repair_memory,payload_handover,contact_mode_flip,6,0.625000,does not reuse repaired beliefs
minus_repair_memory,payload_handover,actuator_lag,0,0.666667,does not reuse repaired beliefs
minus_repair_memory,payload_handover,actuator_lag,1,0.694444,does not reuse repaired beliefs
minus_repair_memory,payload_handover,actuator_lag,2,0.583333,does not reuse repaired beliefs
minus_repair_memory,payload_handover,actuator_lag,3,0.500000,does not reuse repaired beliefs
minus_repair_memory,payload_handover,actuator_lag,4,0.652778,does not reuse repaired beliefs
minus_repair_memory,payload_handover,actuator_lag,5,0.694444,does not reuse repaired beliefs
minus_repair_memory,payload_handover,actuator_lag,6,0.694444,does not reuse repaired beliefs
minus_repair_memory,payload_handover,payload_shift,0,0.652778,does not reuse repaired beliefs
minus_repair_memory,payload_handover,payload_shift,1,0.736111,does not reuse repaired beliefs
minus_repair_memory,payload_handover,payload_shift,2,0.763889,does not reuse repaired beliefs
minus_repair_memory,payload_handover,payload_shift,3,0.638889,does not reuse repaired beliefs
minus_repair_memory,payload_handover,payload_shift,4,0.638889,does not reuse repaired beliefs
minus_repair_memory,payload_handover,payload_shift,5,0.611111,does not reuse repaired beliefs
minus_repair_memory,payload_handover,payload_shift,6,0.569444,does not reuse repaired beliefs
minus_repair_memory,payload_handover,combined_hidden_mechanisms,0,0.680556,does not reuse repaired beliefs
minus_repair_memory,payload_handover,combined_hidden_mechanisms,1,0.611111,does not reuse repaired beliefs
minus_repair_memory,payload_handover,combined_hidden_mechanisms,2,0.638889,does not reuse repaired beliefs
minus_repair_memory,payload_handover,combined_hidden_mechanisms,3,0.625000,does not reuse repaired beliefs
minus_repair_memory,payload_handover,combined_hidden_mechanisms,4,0.652778,does not reuse repaired beliefs
minus_repair_memory,payload_handover,combined_hidden_mechanisms,5,0.680556,does not reuse repaired beliefs
minus_repair_memory,payload_handover,combined_hidden_mechanisms,6,0.638889,does not reuse repaired beliefs
minus_repair_memory,peg_insert_with_lag,nominal,0,0.763889,does not reuse repaired beliefs
minus_repair_memory,peg_insert_with_lag,nominal,1,0.583333,does not reuse repaired beliefs
minus_repair_memory,peg_insert_with_lag,nominal,2,0.666667,does not reuse repaired beliefs
minus_repair_memory,peg_insert_with_lag,nominal,3,0.680556,does not reuse repaired beliefs
minus_repair_memory,peg_insert_with_lag,nominal,4,0.736111,does not reuse repaired beliefs
minus_repair_memory,peg_insert_with_lag,nominal,5,0.722222,does not reuse repaired beliefs
minus_repair_memory,peg_insert_with_lag,nominal,6,0.736111,does not reuse repaired beliefs
minus_repair_memory,peg_insert_with_lag,friction_shift,0,0.708333,does not reuse repaired beliefs
minus_repair_memory,peg_insert_with_lag,friction_shift,1,0.666667,does not reuse repaired beliefs
minus_repair_memory,peg_insert_with_lag,friction_shift,2,0.611111,does not reuse repaired beliefs
minus_repair_memory,peg_insert_with_lag,friction_shift,3,0.666667,does not reuse repaired beliefs
minus_repair_memory,peg_insert_with_lag,friction_shift,4,0.763889,does not reuse repaired beliefs
minus_repair_memory,peg_insert_with_lag,friction_shift,5,0.611111,does not reuse repaired beliefs
minus_repair_memory,peg_insert_with_lag,friction_shift,6,0.625000,does not reuse repaired beliefs
minus_repair_memory,peg_insert_with_lag,compliance_shift,0,0.611111,does not reuse repaired beliefs
minus_repair_memory,peg_insert_with_lag,compliance_shift,1,0.666667,does not reuse repaired beliefs
minus_repair_memory,peg_insert_with_lag,compliance_shift,2,0.708333,does not reuse repaired beliefs
minus_repair_memory,peg_insert_with_lag,compliance_shift,3,0.625000,does not reuse repaired beliefs
minus_repair_memory,peg_insert_with_lag,compliance_shift,4,0.652778,does not reuse repaired beliefs
minus_repair_memory,peg_insert_with_lag,compliance_shift,5,0.708333,does not reuse repaired beliefs
minus_repair_memory,peg_insert_with_lag,compliance_shift,6,0.472222,does not reuse repaired beliefs
minus_repair_memory,peg_insert_with_lag,occlusion_persistence,0,0.680556,does not reuse repaired beliefs
minus_repair_memory,peg_insert_with_lag,occlusion_persistence,1,0.611111,does not reuse repaired beliefs
minus_repair_memory,peg_insert_with_lag,occlusion_persistence,2,0.625000,does not reuse repaired beliefs
minus_repair_memory,peg_insert_with_lag,occlusion_persistence,3,0.763889,does not reuse repaired beliefs
minus_repair_memory,peg_insert_with_lag,occlusion_persistence,4,0.611111,does not reuse repaired beliefs
minus_repair_memory,peg_insert_with_lag,occlusion_persistence,5,0.583333,does not reuse repaired beliefs
minus_repair_memory,peg_insert_with_lag,occlusion_persistence,6,0.666667,does not reuse repaired beliefs
minus_repair_memory,peg_insert_with_lag,contact_mode_flip,0,0.638889,does not reuse repaired beliefs
minus_repair_memory,peg_insert_with_lag,contact_mode_flip,1,0.638889,does not reuse repaired beliefs
minus_repair_memory,peg_insert_with_lag,contact_mode_flip,2,0.736111,does not reuse repaired beliefs
minus_repair_memory,peg_insert_with_lag,contact_mode_flip,3,0.625000,does not reuse repaired beliefs
minus_repair_memory,peg_insert_with_lag,contact_mode_flip,4,0.680556,does not reuse repaired beliefs
minus_repair_memory,peg_insert_with_lag,contact_mode_flip,5,0.555556,does not reuse repaired beliefs
minus_repair_memory,peg_insert_with_lag,contact_mode_flip,6,0.597222,does not reuse repaired beliefs
minus_repair_memory,peg_insert_with_lag,actuator_lag,0,0.638889,does not reuse repaired beliefs
minus_repair_memory,peg_insert_with_lag,actuator_lag,1,0.583333,does not reuse repaired beliefs
minus_repair_memory,peg_insert_with_lag,actuator_lag,2,0.652778,does not reuse repaired beliefs
minus_repair_memory,peg_insert_with_lag,actuator_lag,3,0.680556,does not reuse repaired beliefs
minus_repair_memory,peg_insert_with_lag,actuator_lag,4,0.652778,does not reuse repaired beliefs
minus_repair_memory,peg_insert_with_lag,actuator_lag,5,0.597222,does not reuse repaired beliefs
minus_repair_memory,peg_insert_with_lag,actuator_lag,6,0.638889,does not reuse repaired beliefs
minus_repair_memory,peg_insert_with_lag,payload_shift,0,0.569444,does not reuse repaired beliefs
minus_repair_memory,peg_insert_with_lag,payload_shift,1,0.666667,does not reuse repaired beliefs
minus_repair_memory,peg_insert_with_lag,payload_shift,2,0.569444,does not reuse repaired beliefs
minus_repair_memory,peg_insert_with_lag,payload_shift,3,0.611111,does not reuse repaired beliefs
minus_repair_memory,peg_insert_with_lag,payload_shift,4,0.638889,does not reuse repaired beliefs
minus_repair_memory,peg_insert_with_lag,payload_shift,5,0.694444,does not reuse repaired beliefs
minus_repair_memory,peg_insert_with_lag,payload_shift,6,0.666667,does not reuse repaired beliefs
minus_repair_memory,peg_insert_with_lag,combined_hidden_mechanisms,0,0.666667,does not reuse repaired beliefs
minus_repair_memory,peg_insert_with_lag,combined_hidden_mechanisms,1,0.597222,does not reuse repaired beliefs
minus_repair_memory,peg_insert_with_lag,combined_hidden_mechanisms,2,0.541667,does not reuse repaired beliefs
minus_repair_memory,peg_insert_with_lag,combined_hidden_mechanisms,3,0.541667,does not reuse repaired beliefs
minus_repair_memory,peg_insert_with_lag,combined_hidden_mechanisms,4,0.597222,does not reuse repaired beliefs
minus_repair_memory,peg_insert_with_lag,combined_hidden_mechanisms,5,0.680556,does not reuse repaired beliefs
minus_repair_memory,peg_insert_with_lag,combined_hidden_mechanisms,6,0.555556,does not reuse repaired beliefs
minus_repair_memory,cluttered_navigation_grasp,nominal,0,0.680556,does not reuse repaired beliefs
minus_repair_memory,cluttered_navigation_grasp,nominal,1,0.708333,does not reuse repaired beliefs
minus_repair_memory,cluttered_navigation_grasp,nominal,2,0.708333,does not reuse repaired beliefs
minus_repair_memory,cluttered_navigation_grasp,nominal,3,0.763889,does not reuse repaired beliefs
minus_repair_memory,cluttered_navigation_grasp,nominal,4,0.777778,does not reuse repaired beliefs
minus_repair_memory,cluttered_navigation_grasp,nominal,5,0.750000,does not reuse repaired beliefs
minus_repair_memory,cluttered_navigation_grasp,nominal,6,0.722222,does not reuse repaired beliefs
minus_repair_memory,cluttered_navigation_grasp,friction_shift,0,0.555556,does not reuse repaired beliefs
minus_repair_memory,cluttered_navigation_grasp,friction_shift,1,0.652778,does not reuse repaired beliefs
minus_repair_memory,cluttered_navigation_grasp,friction_shift,2,0.625000,does not reuse repaired beliefs
minus_repair_memory,cluttered_navigation_grasp,friction_shift,3,0.694444,does not reuse repaired beliefs
minus_repair_memory,cluttered_navigation_grasp,friction_shift,4,0.638889,does not reuse repaired beliefs
minus_repair_memory,cluttered_navigation_grasp,friction_shift,5,0.708333,does not reuse repaired beliefs
minus_repair_memory,cluttered_navigation_grasp,friction_shift,6,0.722222,does not reuse repaired beliefs
minus_repair_memory,cluttered_navigation_grasp,compliance_shift,0,0.611111,does not reuse repaired beliefs
minus_repair_memory,cluttered_navigation_grasp,compliance_shift,1,0.694444,does not reuse repaired beliefs
minus_repair_memory,cluttered_navigation_grasp,compliance_shift,2,0.652778,does not reuse repaired beliefs
minus_repair_memory,cluttered_navigation_grasp,compliance_shift,3,0.625000,does not reuse repaired beliefs
minus_repair_memory,cluttered_navigation_grasp,compliance_shift,4,0.638889,does not reuse repaired beliefs
minus_repair_memory,cluttered_navigation_grasp,compliance_shift,5,0.694444,does not reuse repaired beliefs
minus_repair_memory,cluttered_navigation_grasp,compliance_shift,6,0.569444,does not reuse repaired beliefs
minus_repair_memory,cluttered_navigation_grasp,occlusion_persistence,0,0.722222,does not reuse repaired beliefs
minus_repair_memory,cluttered_navigation_grasp,occlusion_persistence,1,0.638889,does not reuse repaired beliefs
minus_repair_memory,cluttered_navigation_grasp,occlusion_persistence,2,0.722222,does not reuse repaired beliefs
minus_repair_memory,cluttered_navigation_grasp,occlusion_persistence,3,0.680556,does not reuse repaired beliefs
minus_repair_memory,cluttered_navigation_grasp,occlusion_persistence,4,0.708333,does not reuse repaired beliefs
minus_repair_memory,cluttered_navigation_grasp,occlusion_persistence,5,0.638889,does not reuse repaired beliefs
minus_repair_memory,cluttered_navigation_grasp,occlusion_persistence,6,0.736111,does not reuse repaired beliefs
minus_repair_memory,cluttered_navigation_grasp,contact_mode_flip,0,0.611111,does not reuse repaired beliefs
minus_repair_memory,cluttered_navigation_grasp,contact_mode_flip,1,0.625000,does not reuse repaired beliefs
minus_repair_memory,cluttered_navigation_grasp,contact_mode_flip,2,0.652778,does not reuse repaired beliefs
minus_repair_memory,cluttered_navigation_grasp,contact_mode_flip,3,0.583333,does not reuse repaired beliefs
minus_repair_memory,cluttered_navigation_grasp,contact_mode_flip,4,0.736111,does not reuse repaired beliefs
minus_repair_memory,cluttered_navigation_grasp,contact_mode_flip,5,0.583333,does not reuse repaired beliefs
minus_repair_memory,cluttered_navigation_grasp,contact_mode_flip,6,0.555556,does not reuse repaired beliefs
minus_repair_memory,cluttered_navigation_grasp,actuator_lag,0,0.527778,does not reuse repaired beliefs
minus_repair_memory,cluttered_navigation_grasp,actuator_lag,1,0.583333,does not reuse repaired beliefs
minus_repair_memory,cluttered_navigation_grasp,actuator_lag,2,0.625000,does not reuse repaired beliefs
minus_repair_memory,cluttered_navigation_grasp,actuator_lag,3,0.708333,does not reuse repaired beliefs
minus_repair_memory,cluttered_navigation_grasp,actuator_lag,4,0.597222,does not reuse repaired beliefs
minus_repair_memory,cluttered_navigation_grasp,actuator_lag,5,0.652778,does not reuse repaired beliefs
minus_repair_memory,cluttered_navigation_grasp,actuator_lag,6,0.763889,does not reuse repaired beliefs
minus_repair_memory,cluttered_navigation_grasp,payload_shift,0,0.625000,does not reuse repaired beliefs
minus_repair_memory,cluttered_navigation_grasp,payload_shift,1,0.583333,does not reuse repaired beliefs
minus_repair_memory,cluttered_navigation_grasp,payload_shift,2,0.680556,does not reuse repaired beliefs
minus_repair_memory,cluttered_navigation_grasp,payload_shift,3,0.694444,does not reuse repaired beliefs
minus_repair_memory,cluttered_navigation_grasp,payload_shift,4,0.555556,does not reuse repaired beliefs
minus_repair_memory,cluttered_navigation_grasp,payload_shift,5,0.652778,does not reuse repaired beliefs
minus_repair_memory,cluttered_navigation_grasp,payload_shift,6,0.680556,does not reuse repaired beliefs
minus_repair_memory,cluttered_navigation_grasp,combined_hidden_mechanisms,0,0.569444,does not reuse repaired beliefs
minus_repair_memory,cluttered_navigation_grasp,combined_hidden_mechanisms,1,0.611111,does not reuse repaired beliefs
minus_repair_memory,cluttered_navigation_grasp,combined_hidden_mechanisms,2,0.541667,does not reuse repaired beliefs
minus_repair_memory,cluttered_navigation_grasp,combined_hidden_mechanisms,3,0.708333,does not reuse repaired beliefs
minus_repair_memory,cluttered_navigation_grasp,combined_hidden_mechanisms,4,0.625000,does not reuse repaired beliefs
minus_repair_memory,cluttered_navigation_grasp,combined_hidden_mechanisms,5,0.555556,does not reuse repaired beliefs
minus_repair_memory,cluttered_navigation_grasp,combined_hidden_mechanisms,6,0.708333,does not reuse repaired beliefs
risk_only_audit,drawer_contact_repair,nominal,0,0.666667,keeps only scalar risk
risk_only_audit,drawer_contact_repair,nominal,1,0.638889,keeps only scalar risk
risk_only_audit,drawer_contact_repair,nominal,2,0.625000,keeps only scalar risk
risk_only_audit,drawer_contact_repair,nominal,3,0.666667,keeps only scalar risk
risk_only_audit,drawer_contact_repair,nominal,4,0.680556,keeps only scalar risk
risk_only_audit,drawer_contact_repair,nominal,5,0.722222,keeps only scalar risk
risk_only_audit,drawer_contact_repair,nominal,6,0.666667,keeps only scalar risk
risk_only_audit,drawer_contact_repair,friction_shift,0,0.583333,keeps only scalar risk
risk_only_audit,drawer_contact_repair,friction_shift,1,0.583333,keeps only scalar risk
risk_only_audit,drawer_contact_repair,friction_shift,2,0.652778,keeps only scalar risk
risk_only_audit,drawer_contact_repair,friction_shift,3,0.638889,keeps only scalar risk
risk_only_audit,drawer_contact_repair,friction_shift,4,0.736111,keeps only scalar risk
risk_only_audit,drawer_contact_repair,friction_shift,5,0.638889,keeps only scalar risk
risk_only_audit,drawer_contact_repair,friction_shift,6,0.458333,keeps only scalar risk
risk_only_audit,drawer_contact_repair,compliance_shift,0,0.541667,keeps only scalar risk
risk_only_audit,drawer_contact_repair,compliance_shift,1,0.569444,keeps only scalar risk
risk_only_audit,drawer_contact_repair,compliance_shift,2,0.652778,keeps only scalar risk
risk_only_audit,drawer_contact_repair,compliance_shift,3,0.625000,keeps only scalar risk
risk_only_audit,drawer_contact_repair,compliance_shift,4,0.500000,keeps only scalar risk
risk_only_audit,drawer_contact_repair,compliance_shift,5,0.666667,keeps only scalar risk
risk_only_audit,drawer_contact_repair,compliance_shift,6,0.583333,keeps only scalar risk
risk_only_audit,drawer_contact_repair,occlusion_persistence,0,0.666667,keeps only scalar risk
risk_only_audit,drawer_contact_repair,occlusion_persistence,1,0.625000,keeps only scalar risk
risk_only_audit,drawer_contact_repair,occlusion_persistence,2,0.583333,keeps only scalar risk
risk_only_audit,drawer_contact_repair,occlusion_persistence,3,0.597222,keeps only scalar risk
risk_only_audit,drawer_contact_repair,occlusion_persistence,4,0.625000,keeps only scalar risk
risk_only_audit,drawer_contact_repair,occlusion_persistence,5,0.611111,keeps only scalar risk
risk_only_audit,drawer_contact_repair,occlusion_persistence,6,0.472222,keeps only scalar risk
risk_only_audit,drawer_contact_repair,contact_mode_flip,0,0.722222,keeps only scalar risk
risk_only_audit,drawer_contact_repair,contact_mode_flip,1,0.569444,keeps only scalar risk
risk_only_audit,drawer_contact_repair,contact_mode_flip,2,0.597222,keeps only scalar risk
risk_only_audit,drawer_contact_repair,contact_mode_flip,3,0.569444,keeps only scalar risk
risk_only_audit,drawer_contact_repair,contact_mode_flip,4,0.597222,keeps only scalar risk
risk_only_audit,drawer_contact_repair,contact_mode_flip,5,0.527778,keeps only scalar risk
risk_only_audit,drawer_contact_repair,contact_mode_flip,6,0.541667,keeps only scalar risk
risk_only_audit,drawer_contact_repair,actuator_lag,0,0.666667,keeps only scalar risk
risk_only_audit,drawer_contact_repair,actuator_lag,1,0.555556,keeps only scalar risk
risk_only_audit,drawer_contact_repair,actuator_lag,2,0.625000,keeps only scalar risk
risk_only_audit,drawer_contact_repair,actuator_lag,3,0.486111,keeps only scalar risk
risk_only_audit,drawer_contact_repair,actuator_lag,4,0.666667,keeps only scalar risk
risk_only_audit,drawer_contact_repair,actuator_lag,5,0.527778,keeps only scalar risk
risk_only_audit,drawer_contact_repair,actuator_lag,6,0.652778,keeps only scalar risk
risk_only_audit,drawer_contact_repair,payload_shift,0,0.638889,keeps only scalar risk
risk_only_audit,drawer_contact_repair,payload_shift,1,0.500000,keeps only scalar risk
risk_only_audit,drawer_contact_repair,payload_shift,2,0.555556,keeps only scalar risk
risk_only_audit,drawer_contact_repair,payload_shift,3,0.555556,keeps only scalar risk
risk_only_audit,drawer_contact_repair,payload_shift,4,0.625000,keeps only scalar risk
risk_only_audit,drawer_contact_repair,payload_shift,5,0.597222,keeps only scalar risk
risk_only_audit,drawer_contact_repair,payload_shift,6,0.527778,keeps only scalar risk
risk_only_audit,drawer_contact_repair,combined_hidden_mechanisms,0,0.486111,keeps only scalar risk
risk_only_audit,drawer_contact_repair,combined_hidden_mechanisms,1,0.472222,keeps only scalar risk
risk_only_audit,drawer_contact_repair,combined_hidden_mechanisms,2,0.416667,keeps only scalar risk
risk_only_audit,drawer_contact_repair,combined_hidden_mechanisms,3,0.569444,keeps only scalar risk
risk_only_audit,drawer_contact_repair,combined_hidden_mechanisms,4,0.513889,keeps only scalar risk
risk_only_audit,drawer_contact_repair,combined_hidden_mechanisms,5,0.583333,keeps only scalar risk
risk_only_audit,drawer_contact_repair,combined_hidden_mechanisms,6,0.652778,keeps only scalar risk
risk_only_audit,deformable_bin_pick,nominal,0,0.722222,keeps only scalar risk
risk_only_audit,deformable_bin_pick,nominal,1,0.763889,keeps only scalar risk
risk_only_audit,deformable_bin_pick,nominal,2,0.694444,keeps only scalar risk
risk_only_audit,deformable_bin_pick,nominal,3,0.611111,keeps only scalar risk
risk_only_audit,deformable_bin_pick,nominal,4,0.569444,keeps only scalar risk
risk_only_audit,deformable_bin_pick,nominal,5,0.652778,keeps only scalar risk
risk_only_audit,deformable_bin_pick,nominal,6,0.527778,keeps only scalar risk
risk_only_audit,deformable_bin_pick,friction_shift,0,0.597222,keeps only scalar risk
risk_only_audit,deformable_bin_pick,friction_shift,1,0.555556,keeps only scalar risk
risk_only_audit,deformable_bin_pick,friction_shift,2,0.569444,keeps only scalar risk
risk_only_audit,deformable_bin_pick,friction_shift,3,0.625000,keeps only scalar risk
risk_only_audit,deformable_bin_pick,friction_shift,4,0.541667,keeps only scalar risk
risk_only_audit,deformable_bin_pick,friction_shift,5,0.597222,keeps only scalar risk
risk_only_audit,deformable_bin_pick,friction_shift,6,0.611111,keeps only scalar risk
risk_only_audit,deformable_bin_pick,compliance_shift,0,0.625000,keeps only scalar risk
risk_only_audit,deformable_bin_pick,compliance_shift,1,0.541667,keeps only scalar risk
risk_only_audit,deformable_bin_pick,compliance_shift,2,0.625000,keeps only scalar risk
risk_only_audit,deformable_bin_pick,compliance_shift,3,0.555556,keeps only scalar risk
risk_only_audit,deformable_bin_pick,compliance_shift,4,0.597222,keeps only scalar risk
risk_only_audit,deformable_bin_pick,compliance_shift,5,0.555556,keeps only scalar risk
risk_only_audit,deformable_bin_pick,compliance_shift,6,0.569444,keeps only scalar risk
risk_only_audit,deformable_bin_pick,occlusion_persistence,0,0.444444,keeps only scalar risk
risk_only_audit,deformable_bin_pick,occlusion_persistence,1,0.513889,keeps only scalar risk
risk_only_audit,deformable_bin_pick,occlusion_persistence,2,0.569444,keeps only scalar risk
risk_only_audit,deformable_bin_pick,occlusion_persistence,3,0.666667,keeps only scalar risk
risk_only_audit,deformable_bin_pick,occlusion_persistence,4,0.486111,keeps only scalar risk
risk_only_audit,deformable_bin_pick,occlusion_persistence,5,0.555556,keeps only scalar risk
risk_only_audit,deformable_bin_pick,occlusion_persistence,6,0.555556,keeps only scalar risk
risk_only_audit,deformable_bin_pick,contact_mode_flip,0,0.666667,keeps only scalar risk
risk_only_audit,deformable_bin_pick,contact_mode_flip,1,0.569444,keeps only scalar risk
risk_only_audit,deformable_bin_pick,contact_mode_flip,2,0.569444,keeps only scalar risk
risk_only_audit,deformable_bin_pick,contact_mode_flip,3,0.569444,keeps only scalar risk
risk_only_audit,deformable_bin_pick,contact_mode_flip,4,0.513889,keeps only scalar risk
risk_only_audit,deformable_bin_pick,contact_mode_flip,5,0.638889,keeps only scalar risk
risk_only_audit,deformable_bin_pick,contact_mode_flip,6,0.541667,keeps only scalar risk
risk_only_audit,deformable_bin_pick,actuator_lag,0,0.611111,keeps only scalar risk
risk_only_audit,deformable_bin_pick,actuator_lag,1,0.513889,keeps only scalar risk
risk_only_audit,deformable_bin_pick,actuator_lag,2,0.541667,keeps only scalar risk
risk_only_audit,deformable_bin_pick,actuator_lag,3,0.597222,keeps only scalar risk
risk_only_audit,deformable_bin_pick,actuator_lag,4,0.625000,keeps only scalar risk
risk_only_audit,deformable_bin_pick,actuator_lag,5,0.541667,keeps only scalar risk
risk_only_audit,deformable_bin_pick,actuator_lag,6,0.625000,keeps only scalar risk
risk_only_audit,deformable_bin_pick,payload_shift,0,0.652778,keeps only scalar risk
risk_only_audit,deformable_bin_pick,payload_shift,1,0.597222,keeps only scalar risk
risk_only_audit,deformable_bin_pick,payload_shift,2,0.569444,keeps only scalar risk
risk_only_audit,deformable_bin_pick,payload_shift,3,0.569444,keeps only scalar risk
risk_only_audit,deformable_bin_pick,payload_shift,4,0.597222,keeps only scalar risk
risk_only_audit,deformable_bin_pick,payload_shift,5,0.611111,keeps only scalar risk
risk_only_audit,deformable_bin_pick,payload_shift,6,0.527778,keeps only scalar risk
risk_only_audit,deformable_bin_pick,combined_hidden_mechanisms,0,0.416667,keeps only scalar risk
risk_only_audit,deformable_bin_pick,combined_hidden_mechanisms,1,0.541667,keeps only scalar risk
risk_only_audit,deformable_bin_pick,combined_hidden_mechanisms,2,0.500000,keeps only scalar risk
risk_only_audit,deformable_bin_pick,combined_hidden_mechanisms,3,0.388889,keeps only scalar risk
risk_only_audit,deformable_bin_pick,combined_hidden_mechanisms,4,0.500000,keeps only scalar risk
risk_only_audit,deformable_bin_pick,combined_hidden_mechanisms,5,0.541667,keeps only scalar risk
risk_only_audit,deformable_bin_pick,combined_hidden_mechanisms,6,0.541667,keeps only scalar risk
risk_only_audit,occluded_push_recovery,nominal,0,0.722222,keeps only scalar risk
risk_only_audit,occluded_push_recovery,nominal,1,0.625000,keeps only scalar risk
risk_only_audit,occluded_push_recovery,nominal,2,0.652778,keeps only scalar risk
risk_only_audit,occluded_push_recovery,nominal,3,0.722222,keeps only scalar risk
risk_only_audit,occluded_push_recovery,nominal,4,0.694444,keeps only scalar risk
risk_only_audit,occluded_push_recovery,nominal,5,0.708333,keeps only scalar risk
risk_only_audit,occluded_push_recovery,nominal,6,0.694444,keeps only scalar risk
risk_only_audit,occluded_push_recovery,friction_shift,0,0.583333,keeps only scalar risk
risk_only_audit,occluded_push_recovery,friction_shift,1,0.638889,keeps only scalar risk
risk_only_audit,occluded_push_recovery,friction_shift,2,0.569444,keeps only scalar risk
risk_only_audit,occluded_push_recovery,friction_shift,3,0.583333,keeps only scalar risk
risk_only_audit,occluded_push_recovery,friction_shift,4,0.597222,keeps only scalar risk
risk_only_audit,occluded_push_recovery,friction_shift,5,0.625000,keeps only scalar risk
risk_only_audit,occluded_push_recovery,friction_shift,6,0.625000,keeps only scalar risk
risk_only_audit,occluded_push_recovery,compliance_shift,0,0.527778,keeps only scalar risk
risk_only_audit,occluded_push_recovery,compliance_shift,1,0.625000,keeps only scalar risk
risk_only_audit,occluded_push_recovery,compliance_shift,2,0.666667,keeps only scalar risk
risk_only_audit,occluded_push_recovery,compliance_shift,3,0.597222,keeps only scalar risk
risk_only_audit,occluded_push_recovery,compliance_shift,4,0.652778,keeps only scalar risk
risk_only_audit,occluded_push_recovery,compliance_shift,5,0.555556,keeps only scalar risk
risk_only_audit,occluded_push_recovery,compliance_shift,6,0.500000,keeps only scalar risk
risk_only_audit,occluded_push_recovery,occlusion_persistence,0,0.597222,keeps only scalar risk
risk_only_audit,occluded_push_recovery,occlusion_persistence,1,0.569444,keeps only scalar risk
risk_only_audit,occluded_push_recovery,occlusion_persistence,2,0.611111,keeps only scalar risk
risk_only_audit,occluded_push_recovery,occlusion_persistence,3,0.513889,keeps only scalar risk
risk_only_audit,occluded_push_recovery,occlusion_persistence,4,0.597222,keeps only scalar risk
risk_only_audit,occluded_push_recovery,occlusion_persistence,5,0.597222,keeps only scalar risk
risk_only_audit,occluded_push_recovery,occlusion_persistence,6,0.444444,keeps only scalar risk
risk_only_audit,occluded_push_recovery,contact_mode_flip,0,0.444444,keeps only scalar risk
risk_only_audit,occluded_push_recovery,contact_mode_flip,1,0.527778,keeps only scalar risk
risk_only_audit,occluded_push_recovery,contact_mode_flip,2,0.527778,keeps only scalar risk
risk_only_audit,occluded_push_recovery,contact_mode_flip,3,0.597222,keeps only scalar risk
risk_only_audit,occluded_push_recovery,contact_mode_flip,4,0.625000,keeps only scalar risk
risk_only_audit,occluded_push_recovery,contact_mode_flip,5,0.666667,keeps only scalar risk
risk_only_audit,occluded_push_recovery,contact_mode_flip,6,0.555556,keeps only scalar risk
risk_only_audit,occluded_push_recovery,actuator_lag,0,0.513889,keeps only scalar risk
risk_only_audit,occluded_push_recovery,actuator_lag,1,0.583333,keeps only scalar risk
risk_only_audit,occluded_push_recovery,actuator_lag,2,0.625000,keeps only scalar risk
risk_only_audit,occluded_push_recovery,actuator_lag,3,0.680556,keeps only scalar risk
risk_only_audit,occluded_push_recovery,actuator_lag,4,0.541667,keeps only scalar risk
risk_only_audit,occluded_push_recovery,actuator_lag,5,0.722222,keeps only scalar risk
risk_only_audit,occluded_push_recovery,actuator_lag,6,0.555556,keeps only scalar risk
risk_only_audit,occluded_push_recovery,payload_shift,0,0.541667,keeps only scalar risk
risk_only_audit,occluded_push_recovery,payload_shift,1,0.666667,keeps only scalar risk
risk_only_audit,occluded_push_recovery,payload_shift,2,0.402778,keeps only scalar risk
risk_only_audit,occluded_push_recovery,payload_shift,3,0.444444,keeps only scalar risk
risk_only_audit,occluded_push_recovery,payload_shift,4,0.541667,keeps only scalar risk
risk_only_audit,occluded_push_recovery,payload_shift,5,0.500000,keeps only scalar risk
risk_only_audit,occluded_push_recovery,payload_shift,6,0.597222,keeps only scalar risk
risk_only_audit,occluded_push_recovery,combined_hidden_mechanisms,0,0.513889,keeps only scalar risk
risk_only_audit,occluded_push_recovery,combined_hidden_mechanisms,1,0.527778,keeps only scalar risk
risk_only_audit,occluded_push_recovery,combined_hidden_mechanisms,2,0.472222,keeps only scalar risk
risk_only_audit,occluded_push_recovery,combined_hidden_mechanisms,3,0.569444,keeps only scalar risk
risk_only_audit,occluded_push_recovery,combined_hidden_mechanisms,4,0.555556,keeps only scalar risk
risk_only_audit,occluded_push_recovery,combined_hidden_mechanisms,5,0.416667,keeps only scalar risk
risk_only_audit,occluded_push_recovery,combined_hidden_mechanisms,6,0.527778,keeps only scalar risk
risk_only_audit,payload_handover,nominal,0,0.583333,keeps only scalar risk
risk_only_audit,payload_handover,nominal,1,0.638889,keeps only scalar risk
risk_only_audit,payload_handover,nominal,2,0.638889,keeps only scalar risk
risk_only_audit,payload_handover,nominal,3,0.694444,keeps only scalar risk
risk_only_audit,payload_handover,nominal,4,0.611111,keeps only scalar risk
risk_only_audit,payload_handover,nominal,5,0.666667,keeps only scalar risk
risk_only_audit,payload_handover,nominal,6,0.680556,keeps only scalar risk
risk_only_audit,payload_handover,friction_shift,0,0.666667,keeps only scalar risk
risk_only_audit,payload_handover,friction_shift,1,0.583333,keeps only scalar risk
risk_only_audit,payload_handover,friction_shift,2,0.541667,keeps only scalar risk
risk_only_audit,payload_handover,friction_shift,3,0.569444,keeps only scalar risk
risk_only_audit,payload_handover,friction_shift,4,0.486111,keeps only scalar risk
risk_only_audit,payload_handover,friction_shift,5,0.583333,keeps only scalar risk
risk_only_audit,payload_handover,friction_shift,6,0.638889,keeps only scalar risk
risk_only_audit,payload_handover,compliance_shift,0,0.583333,keeps only scalar risk
risk_only_audit,payload_handover,compliance_shift,1,0.583333,keeps only scalar risk
risk_only_audit,payload_handover,compliance_shift,2,0.444444,keeps only scalar risk
risk_only_audit,payload_handover,compliance_shift,3,0.625000,keeps only scalar risk
risk_only_audit,payload_handover,compliance_shift,4,0.555556,keeps only scalar risk
risk_only_audit,payload_handover,compliance_shift,5,0.500000,keeps only scalar risk
risk_only_audit,payload_handover,compliance_shift,6,0.569444,keeps only scalar risk
risk_only_audit,payload_handover,occlusion_persistence,0,0.666667,keeps only scalar risk
risk_only_audit,payload_handover,occlusion_persistence,1,0.430556,keeps only scalar risk
risk_only_audit,payload_handover,occlusion_persistence,2,0.625000,keeps only scalar risk
risk_only_audit,payload_handover,occlusion_persistence,3,0.513889,keeps only scalar risk
risk_only_audit,payload_handover,occlusion_persistence,4,0.625000,keeps only scalar risk
risk_only_audit,payload_handover,occlusion_persistence,5,0.486111,keeps only scalar risk
risk_only_audit,payload_handover,occlusion_persistence,6,0.625000,keeps only scalar risk
risk_only_audit,payload_handover,contact_mode_flip,0,0.652778,keeps only scalar risk
risk_only_audit,payload_handover,contact_mode_flip,1,0.583333,keeps only scalar risk
risk_only_audit,payload_handover,contact_mode_flip,2,0.638889,keeps only scalar risk
risk_only_audit,payload_handover,contact_mode_flip,3,0.597222,keeps only scalar risk
risk_only_audit,payload_handover,contact_mode_flip,4,0.513889,keeps only scalar risk
risk_only_audit,payload_handover,contact_mode_flip,5,0.583333,keeps only scalar risk
risk_only_audit,payload_handover,contact_mode_flip,6,0.625000,keeps only scalar risk
risk_only_audit,payload_handover,actuator_lag,0,0.597222,keeps only scalar risk
risk_only_audit,payload_handover,actuator_lag,1,0.597222,keeps only scalar risk
risk_only_audit,payload_handover,actuator_lag,2,0.555556,keeps only scalar risk
risk_only_audit,payload_handover,actuator_lag,3,0.611111,keeps only scalar risk
risk_only_audit,payload_handover,actuator_lag,4,0.541667,keeps only scalar risk
risk_only_audit,payload_handover,actuator_lag,5,0.611111,keeps only scalar risk
risk_only_audit,payload_handover,actuator_lag,6,0.611111,keeps only scalar risk
risk_only_audit,payload_handover,payload_shift,0,0.666667,keeps only scalar risk
risk_only_audit,payload_handover,payload_shift,1,0.458333,keeps only scalar risk
risk_only_audit,payload_handover,payload_shift,2,0.680556,keeps only scalar risk
risk_only_audit,payload_handover,payload_shift,3,0.541667,keeps only scalar risk
risk_only_audit,payload_handover,payload_shift,4,0.638889,keeps only scalar risk
risk_only_audit,payload_handover,payload_shift,5,0.541667,keeps only scalar risk
risk_only_audit,payload_handover,payload_shift,6,0.500000,keeps only scalar risk
risk_only_audit,payload_handover,combined_hidden_mechanisms,0,0.569444,keeps only scalar risk
risk_only_audit,payload_handover,combined_hidden_mechanisms,1,0.472222,keeps only scalar risk
risk_only_audit,payload_handover,combined_hidden_mechanisms,2,0.486111,keeps only scalar risk
risk_only_audit,payload_handover,combined_hidden_mechanisms,3,0.583333,keeps only scalar risk
risk_only_audit,payload_handover,combined_hidden_mechanisms,4,0.458333,keeps only scalar risk
risk_only_audit,payload_handover,combined_hidden_mechanisms,5,0.472222,keeps only scalar risk
risk_only_audit,payload_handover,combined_hidden_mechanisms,6,0.500000,keeps only scalar risk
risk_only_audit,peg_insert_with_lag,nominal,0,0.625000,keeps only scalar risk
risk_only_audit,peg_insert_with_lag,nominal,1,0.583333,keeps only scalar risk
risk_only_audit,peg_insert_with_lag,nominal,2,0.597222,keeps only scalar risk
risk_only_audit,peg_insert_with_lag,nominal,3,0.569444,keeps only scalar risk
risk_only_audit,peg_insert_with_lag,nominal,4,0.652778,keeps only scalar risk
risk_only_audit,peg_insert_with_lag,nominal,5,0.694444,keeps only scalar risk
risk_only_audit,peg_insert_with_lag,nominal,6,0.611111,keeps only scalar risk
risk_only_audit,peg_insert_with_lag,friction_shift,0,0.513889,keeps only scalar risk
risk_only_audit,peg_insert_with_lag,friction_shift,1,0.555556,keeps only scalar risk
risk_only_audit,peg_insert_with_lag,friction_shift,2,0.555556,keeps only scalar risk
risk_only_audit,peg_insert_with_lag,friction_shift,3,0.638889,keeps only scalar risk
risk_only_audit,peg_insert_with_lag,friction_shift,4,0.555556,keeps only scalar risk
risk_only_audit,peg_insert_with_lag,friction_shift,5,0.625000,keeps only scalar risk
risk_only_audit,peg_insert_with_lag,friction_shift,6,0.652778,keeps only scalar risk
risk_only_audit,peg_insert_with_lag,compliance_shift,0,0.527778,keeps only scalar risk
risk_only_audit,peg_insert_with_lag,compliance_shift,1,0.583333,keeps only scalar risk
risk_only_audit,peg_insert_with_lag,compliance_shift,2,0.569444,keeps only scalar risk
risk_only_audit,peg_insert_with_lag,compliance_shift,3,0.666667,keeps only scalar risk
risk_only_audit,peg_insert_with_lag,compliance_shift,4,0.680556,keeps only scalar risk
risk_only_audit,peg_insert_with_lag,compliance_shift,5,0.472222,keeps only scalar risk
risk_only_audit,peg_insert_with_lag,compliance_shift,6,0.555556,keeps only scalar risk
risk_only_audit,peg_insert_with_lag,occlusion_persistence,0,0.500000,keeps only scalar risk
risk_only_audit,peg_insert_with_lag,occlusion_persistence,1,0.513889,keeps only scalar risk
risk_only_audit,peg_insert_with_lag,occlusion_persistence,2,0.569444,keeps only scalar risk
risk_only_audit,peg_insert_with_lag,occlusion_persistence,3,0.500000,keeps only scalar risk
risk_only_audit,peg_insert_with_lag,occlusion_persistence,4,0.638889,keeps only scalar risk
risk_only_audit,peg_insert_with_lag,occlusion_persistence,5,0.638889,keeps only scalar risk
risk_only_audit,peg_insert_with_lag,occlusion_persistence,6,0.541667,keeps only scalar risk
risk_only_audit,peg_insert_with_lag,contact_mode_flip,0,0.472222,keeps only scalar risk
risk_only_audit,peg_insert_with_lag,contact_mode_flip,1,0.597222,keeps only scalar risk
risk_only_audit,peg_insert_with_lag,contact_mode_flip,2,0.486111,keeps only scalar risk
risk_only_audit,peg_insert_with_lag,contact_mode_flip,3,0.472222,keeps only scalar risk
risk_only_audit,peg_insert_with_lag,contact_mode_flip,4,0.597222,keeps only scalar risk
risk_only_audit,peg_insert_with_lag,contact_mode_flip,5,0.597222,keeps only scalar risk
risk_only_audit,peg_insert_with_lag,contact_mode_flip,6,0.597222,keeps only scalar risk
risk_only_audit,peg_insert_with_lag,actuator_lag,0,0.597222,keeps only scalar risk
risk_only_audit,peg_insert_with_lag,actuator_lag,1,0.611111,keeps only scalar risk
risk_only_audit,peg_insert_with_lag,actuator_lag,2,0.430556,keeps only scalar risk
risk_only_audit,peg_insert_with_lag,actuator_lag,3,0.486111,keeps only scalar risk
risk_only_audit,peg_insert_with_lag,actuator_lag,4,0.472222,keeps only scalar risk
risk_only_audit,peg_insert_with_lag,actuator_lag,5,0.513889,keeps only scalar risk
risk_only_audit,peg_insert_with_lag,actuator_lag,6,0.541667,keeps only scalar risk
risk_only_audit,peg_insert_with_lag,payload_shift,0,0.611111,keeps only scalar risk
risk_only_audit,peg_insert_with_lag,payload_shift,1,0.513889,keeps only scalar risk
risk_only_audit,peg_insert_with_lag,payload_shift,2,0.527778,keeps only scalar risk
risk_only_audit,peg_insert_with_lag,payload_shift,3,0.486111,keeps only scalar risk
risk_only_audit,peg_insert_with_lag,payload_shift,4,0.513889,keeps only scalar risk
risk_only_audit,peg_insert_with_lag,payload_shift,5,0.597222,keeps only scalar risk
risk_only_audit,peg_insert_with_lag,payload_shift,6,0.541667,keeps only scalar risk
risk_only_audit,peg_insert_with_lag,combined_hidden_mechanisms,0,0.555556,keeps only scalar risk
risk_only_audit,peg_insert_with_lag,combined_hidden_mechanisms,1,0.444444,keeps only scalar risk
risk_only_audit,peg_insert_with_lag,combined_hidden_mechanisms,2,0.541667,keeps only scalar risk
risk_only_audit,peg_insert_with_lag,combined_hidden_mechanisms,3,0.513889,keeps only scalar risk
risk_only_audit,peg_insert_with_lag,combined_hidden_mechanisms,4,0.388889,keeps only scalar risk
risk_only_audit,peg_insert_with_lag,combined_hidden_mechanisms,5,0.555556,keeps only scalar risk
risk_only_audit,peg_insert_with_lag,combined_hidden_mechanisms,6,0.458333,keeps only scalar risk
risk_only_audit,cluttered_navigation_grasp,nominal,0,0.666667,keeps only scalar risk
risk_only_audit,cluttered_navigation_grasp,nominal,1,0.694444,keeps only scalar risk
risk_only_audit,cluttered_navigation_grasp,nominal,2,0.638889,keeps only scalar risk
risk_only_audit,cluttered_navigation_grasp,nominal,3,0.722222,keeps only scalar risk
risk_only_audit,cluttered_navigation_grasp,nominal,4,0.597222,keeps only scalar risk
risk_only_audit,cluttered_navigation_grasp,nominal,5,0.555556,keeps only scalar risk
risk_only_audit,cluttered_navigation_grasp,nominal,6,0.708333,keeps only scalar risk
risk_only_audit,cluttered_navigation_grasp,friction_shift,0,0.680556,keeps only scalar risk
risk_only_audit,cluttered_navigation_grasp,friction_shift,1,0.666667,keeps only scalar risk
risk_only_audit,cluttered_navigation_grasp,friction_shift,2,0.513889,keeps only scalar risk
risk_only_audit,cluttered_navigation_grasp,friction_shift,3,0.722222,keeps only scalar risk
risk_only_audit,cluttered_navigation_grasp,friction_shift,4,0.541667,keeps only scalar risk
risk_only_audit,cluttered_navigation_grasp,friction_shift,5,0.569444,keeps only scalar risk
risk_only_audit,cluttered_navigation_grasp,friction_shift,6,0.458333,keeps only scalar risk
risk_only_audit,cluttered_navigation_grasp,compliance_shift,0,0.500000,keeps only scalar risk
risk_only_audit,cluttered_navigation_grasp,compliance_shift,1,0.555556,keeps only scalar risk
risk_only_audit,cluttered_navigation_grasp,compliance_shift,2,0.555556,keeps only scalar risk
risk_only_audit,cluttered_navigation_grasp,compliance_shift,3,0.569444,keeps only scalar risk
risk_only_audit,cluttered_navigation_grasp,compliance_shift,4,0.569444,keeps only scalar risk
risk_only_audit,cluttered_navigation_grasp,compliance_shift,5,0.527778,keeps only scalar risk
risk_only_audit,cluttered_navigation_grasp,compliance_shift,6,0.638889,keeps only scalar risk
risk_only_audit,cluttered_navigation_grasp,occlusion_persistence,0,0.472222,keeps only scalar risk
risk_only_audit,cluttered_navigation_grasp,occlusion_persistence,1,0.541667,keeps only scalar risk
risk_only_audit,cluttered_navigation_grasp,occlusion_persistence,2,0.569444,keeps only scalar risk
risk_only_audit,cluttered_navigation_grasp,occlusion_persistence,3,0.638889,keeps only scalar risk
risk_only_audit,cluttered_navigation_grasp,occlusion_persistence,4,0.638889,keeps only scalar risk
risk_only_audit,cluttered_navigation_grasp,occlusion_persistence,5,0.597222,keeps only scalar risk
risk_only_audit,cluttered_navigation_grasp,occlusion_persistence,6,0.569444,keeps only scalar risk
risk_only_audit,cluttered_navigation_grasp,contact_mode_flip,0,0.541667,keeps only scalar risk
risk_only_audit,cluttered_navigation_grasp,contact_mode_flip,1,0.472222,keeps only scalar risk
risk_only_audit,cluttered_navigation_grasp,contact_mode_flip,2,0.625000,keeps only scalar risk
risk_only_audit,cluttered_navigation_grasp,contact_mode_flip,3,0.500000,keeps only scalar risk
risk_only_audit,cluttered_navigation_grasp,contact_mode_flip,4,0.611111,keeps only scalar risk
risk_only_audit,cluttered_navigation_grasp,contact_mode_flip,5,0.541667,keeps only scalar risk
risk_only_audit,cluttered_navigation_grasp,contact_mode_flip,6,0.513889,keeps only scalar risk
risk_only_audit,cluttered_navigation_grasp,actuator_lag,0,0.555556,keeps only scalar risk
risk_only_audit,cluttered_navigation_grasp,actuator_lag,1,0.583333,keeps only scalar risk
risk_only_audit,cluttered_navigation_grasp,actuator_lag,2,0.625000,keeps only scalar risk
risk_only_audit,cluttered_navigation_grasp,actuator_lag,3,0.583333,keeps only scalar risk
risk_only_audit,cluttered_navigation_grasp,actuator_lag,4,0.513889,keeps only scalar risk
risk_only_audit,cluttered_navigation_grasp,actuator_lag,5,0.500000,keeps only scalar risk
risk_only_audit,cluttered_navigation_grasp,actuator_lag,6,0.541667,keeps only scalar risk
risk_only_audit,cluttered_navigation_grasp,payload_shift,0,0.569444,keeps only scalar risk
risk_only_audit,cluttered_navigation_grasp,payload_shift,1,0.583333,keeps only scalar risk
risk_only_audit,cluttered_navigation_grasp,payload_shift,2,0.597222,keeps only scalar risk
risk_only_audit,cluttered_navigation_grasp,payload_shift,3,0.680556,keeps only scalar risk
risk_only_audit,cluttered_navigation_grasp,payload_shift,4,0.555556,keeps only scalar risk
risk_only_audit,cluttered_navigation_grasp,payload_shift,5,0.638889,keeps only scalar risk
risk_only_audit,cluttered_navigation_grasp,payload_shift,6,0.555556,keeps only scalar risk
risk_only_audit,cluttered_navigation_grasp,combined_hidden_mechanisms,0,0.513889,keeps only scalar risk
risk_only_audit,cluttered_navigation_grasp,combined_hidden_mechanisms,1,0.569444,keeps only scalar risk
risk_only_audit,cluttered_navigation_grasp,combined_hidden_mechanisms,2,0.500000,keeps only scalar risk
risk_only_audit,cluttered_navigation_grasp,combined_hidden_mechanisms,3,0.416667,keeps only scalar risk
risk_only_audit,cluttered_navigation_grasp,combined_hidden_mechanisms,4,0.513889,keeps only scalar risk
risk_only_audit,cluttered_navigation_grasp,combined_hidden_mechanisms,5,0.569444,keeps only scalar risk
risk_only_audit,cluttered_navigation_grasp,combined_hidden_mechanisms,6,0.541667,keeps only scalar risk
