method,task,mechanism,split,mean_success,mean_mechanism_f1,mean_invalid_repair_rate,mean_repeat_failure_rate,mean_damage_rate,mean_diagnostic_probe_cost,mean_calibration_error,mean_abstention_rate,mean_budget_violation_rate,mean_predicted_breach_risk,mean_realized_breach_risk,mean_repair_utility,ci95_success,ci95_mechanism_f1,ci95_invalid_repair_rate,ci95_repeat_failure_rate,ci95_damage_rate,ci95_diagnostic_probe_cost,ci95_calibration_error,ci95_abstention_rate,ci95_budget_violation_rate,ci95_predicted_breach_risk,ci95_realized_breach_risk,ci95_repair_utility,rows
active_probe_planner,cluttered_navigation_grasp,actuator_lag,combined_stress,0.462500,0.524086,0.205313,0.197919,0.086130,0.311121,0.080140,0.116690,0.164840,0.191816,0.173871,-0.058460,0.109948,0.002108,0.001079,0.001156,0.000748,0.000725,0.000598,0.000759,0.000853,0.001092,0.001023,0.110126,80
active_probe_planner,cluttered_navigation_grasp,actuator_lag,hidden_mechanism,0.650000,0.548607,0.185274,0.170829,0.076473,0.300868,0.068374,0.096515,0.147273,0.166568,0.154735,0.211791,0.105180,0.001918,0.001100,0.001068,0.000622,0.000847,0.000607,0.000803,0.000877,0.001001,0.001075,0.105462,80
active_probe_planner,cluttered_navigation_grasp,actuator_lag,in_distribution,0.675000,0.561027,0.171536,0.158151,0.071169,0.297227,0.063361,0.086098,0.139831,0.155587,0.146497,0.279758,0.103285,0.002253,0.001098,0.001087,0.000593,0.000907,0.000649,0.000874,0.000855,0.001055,0.001030,0.103578,80
active_probe_planner,cluttered_navigation_grasp,actuator_lag,long_horizon,0.562500,0.551159,0.189309,0.184668,0.079252,0.300791,0.069855,0.098151,0.152609,0.171606,0.159454,0.103215,0.109394,0.002392,0.001106,0.000970,0.000653,0.000971,0.000648,0.000740,0.000819,0.001060,0.001040,0.109751,80
active_probe_planner,cluttered_navigation_grasp,actuator_lag,sparse_observation,0.650000,0.523942,0.194130,0.181711,0.081142,0.309254,0.077130,0.111674,0.156422,0.182632,0.164877,0.165736,0.105180,0.002207,0.001038,0.001069,0.000718,0.000876,0.000690,0.000918,0.001067,0.001337,0.001421,0.105251,80
active_probe_planner,cluttered_navigation_grasp,combined_hidden_mechanisms,combined_stress,0.525000,0.469313,0.227050,0.215753,0.089771,0.323087,0.085723,0.128040,0.174647,0.202763,0.184256,-0.067465,0.110121,0.002213,0.001126,0.001074,0.000666,0.000878,0.000749,0.000764,0.000956,0.001167,0.001176,0.110227,80
active_probe_planner,cluttered_navigation_grasp,combined_hidden_mechanisms,hidden_mechanism,0.600000,0.480729,0.220344,0.197231,0.086939,0.320444,0.079843,0.118509,0.168087,0.193085,0.176012,0.045079,0.108031,0.002265,0.001283,0.001187,0.000695,0.000877,0.000741,0.000695,0.000811,0.001072,0.001016,0.108237,80
active_probe_planner,cluttered_navigation_grasp,combined_hidden_mechanisms,in_distribution,0.625000,0.491341,0.210668,0.187109,0.081570,0.314957,0.075758,0.108931,0.159783,0.182488,0.167795,0.107204,0.106757,0.002509,0.001302,0.001132,0.000582,0.000919,0.000679,0.000936,0.000919,0.001159,0.001174,0.106529,80
active_probe_planner,cluttered_navigation_grasp,combined_hidden_mechanisms,long_horizon,0.550000,0.481019,0.223746,0.209496,0.088751,0.319544,0.080535,0.120393,0.171853,0.197003,0.180357,-0.022311,0.109706,0.002130,0.000926,0.001232,0.000638,0.000801,0.000702,0.000919,0.000839,0.001043,0.001084,0.109661,80
active_probe_planner,cluttered_navigation_grasp,combined_hidden_mechanisms,sparse_observation,0.550000,0.468890,0.224467,0.204692,0.087894,0.323805,0.084559,0.125821,0.171632,0.200613,0.181423,-0.026847,0.109706,0.002041,0.001208,0.000946,0.000639,0.000914,0.000698,0.000800,0.000876,0.001155,0.001092,0.109566,80
active_probe_planner,cluttered_navigation_grasp,compliance_shift,combined_stress,0.512500,0.534824,0.199747,0.192136,0.083320,0.308773,0.077795,0.113715,0.160199,0.186177,0.168267,0.013309,0.110224,0.002304,0.001208,0.001048,0.000667,0.000857,0.000754,0.001007,0.000904,0.001126,0.001075,0.110424,80
active_probe_planner,cluttered_navigation_grasp,compliance_shift,hidden_mechanism,0.687500,0.559514,0.174829,0.165870,0.072214,0.298256,0.066448,0.091985,0.140955,0.159054,0.147506,0.277722,0.102212,0.002203,0.001061,0.001139,0.000580,0.000851,0.000606,0.000950,0.000878,0.001109,0.001136,0.102296,80
active_probe_planner,cluttered_navigation_grasp,compliance_shift,in_distribution,0.712500,0.575918,0.163806,0.153766,0.067238,0.293853,0.061195,0.082648,0.133143,0.147273,0.138744,0.344131,0.099805,0.001694,0.001093,0.000933,0.000660,0.000939,0.000726,0.000872,0.000820,0.001037,0.001018,0.099755,80
active_probe_planner,cluttered_navigation_grasp,compliance_shift,long_horizon,0.662500,0.565760,0.181640,0.178613,0.075091,0.297115,0.067356,0.093613,0.147613,0.166069,0.154202,0.230884,0.104273,0.002149,0.001118,0.001132,0.000709,0.000861,0.000652,0.000819,0.000793,0.001066,0.001079,0.103895,80
active_probe_planner,cluttered_navigation_grasp,compliance_shift,sparse_observation,0.575000,0.537730,0.186277,0.177852,0.077751,0.305502,0.075723,0.107677,0.150751,0.175973,0.158523,0.115533,0.109011,0.001972,0.001138,0.001083,0.000768,0.000847,0.000693,0.000962,0.000859,0.001143,0.001149,0.109494,80
active_probe_planner,cluttered_navigation_grasp,contact_mode_flip,combined_stress,0.600000,0.506117,0.216366,0.204361,0.086656,0.315105,0.082016,0.119937,0.167728,0.195124,0.176379,0.052480,0.108031,0.002292,0.001179,0.001061,0.000643,0.000825,0.000682,0.000897,0.000778,0.001030,0.000986,0.108471,80
active_probe_planner,cluttered_navigation_grasp,contact_mode_flip,hidden_mechanism,0.575000,0.534570,0.192208,0.178482,0.076522,0.306994,0.070799,0.100409,0.149849,0.169883,0.157485,0.114043,0.109011,0.002099,0.001035,0.001121,0.000644,0.000809,0.000657,0.000852,0.000823,0.001062,0.001100,0.109150,80
active_probe_planner,cluttered_navigation_grasp,contact_mode_flip,in_distribution,0.587500,0.546746,0.180947,0.166631,0.071709,0.301314,0.064898,0.090574,0.140950,0.157655,0.147641,0.167894,0.108557,0.002395,0.001134,0.001041,0.000570,0.000958,0.000571,0.000779,0.000791,0.001026,0.001079,0.108587,80
active_probe_planner,cluttered_navigation_grasp,contact_mode_flip,long_horizon,0.662500,0.533984,0.197355,0.193074,0.079207,0.305179,0.071240,0.101428,0.154785,0.174632,0.162030,0.179352,0.104273,0.002230,0.000966,0.001221,0.000693,0.000902,0.000679,0.000934,0.001076,0.001202,0.001162,0.104082,80
active_probe_planner,cluttered_navigation_grasp,contact_mode_flip,sparse_observation,0.625000,0.511490,0.203843,0.189567,0.081299,0.314471,0.079599,0.115426,0.158991,0.185666,0.167684,0.115981,0.106757,0.002169,0.001034,0.001116,0.000673,0.000923,0.000706,0.000788,0.000740,0.001049,0.000987,0.107075,80
active_probe_planner,cluttered_navigation_grasp,friction_shift,combined_stress,0.625000,0.546753,0.192089,0.188082,0.081319,0.304736,0.076447,0.109602,0.156569,0.181843,0.164360,0.147258,0.106757,0.002433,0.001071,0.001239,0.000573,0.000829,0.000618,0.000877,0.000875,0.001169,0.001036,0.106625,80
active_probe_planner,cluttered_navigation_grasp,friction_shift,hidden_mechanism,0.587500,0.572596,0.167923,0.160503,0.069731,0.295664,0.064886,0.088248,0.137489,0.155433,0.143230,0.199903,0.108557,0.002211,0.001119,0.001132,0.000578,0.000894,0.000697,0.000769,0.000814,0.001113,0.000994,0.108654,80
active_probe_planner,cluttered_navigation_grasp,friction_shift,in_distribution,0.662500,0.585724,0.157287,0.148217,0.065201,0.289839,0.059816,0.079327,0.128521,0.143065,0.133522,0.315501,0.104273,0.002690,0.001278,0.001172,0.000625,0.000773,0.000664,0.000878,0.000804,0.001066,0.001110,0.104273,80
active_probe_planner,cluttered_navigation_grasp,friction_shift,long_horizon,0.737500,0.576899,0.172453,0.174324,0.072757,0.294108,0.065874,0.091562,0.142005,0.160186,0.147999,0.329621,0.097026,0.001862,0.001159,0.001131,0.000712,0.000921,0.000781,0.000823,0.000917,0.001101,0.001235,0.097031,80
active_probe_planner,cluttered_navigation_grasp,friction_shift,sparse_observation,0.650000,0.550676,0.179953,0.171700,0.075195,0.303111,0.073468,0.105031,0.147357,0.171443,0.154564,0.212871,0.105180,0.002233,0.001062,0.001053,0.000641,0.000891,0.000692,0.000956,0.000932,0.001148,0.001148,0.104797,80
active_probe_planner,cluttered_navigation_grasp,nominal,combined_stress,0.675000,0.584659,0.173442,0.174014,0.075243,0.296517,0.071988,0.101807,0.145332,0.168944,0.152880,0.258279,0.103285,0.001960,0.001150,0.001149,0.000696,0.000823,0.000643,0.000824,0.000932,0.001096,0.001130,0.103715,80
active_probe_planner,cluttered_navigation_grasp,nominal,hidden_mechanism,0.700000,0.609545,0.150384,0.146997,0.064416,0.286078,0.061215,0.080409,0.126038,0.143102,0.131967,0.370973,0.101054,0.001979,0.001086,0.001071,0.000565,0.000934,0.000651,0.000797,0.000835,0.001001,0.000975,0.100677,80
active_probe_planner,cluttered_navigation_grasp,nominal,in_distribution,0.712500,0.621844,0.136814,0.134490,0.059070,0.281403,0.055521,0.070538,0.117875,0.131446,0.122435,0.427182,0.099805,0.002013,0.001155,0.000998,0.000663,0.000734,0.000672,0.000977,0.000809,0.001087,0.001051,0.099841,80
active_probe_planner,cluttered_navigation_grasp,nominal,long_horizon,0.850000,0.613635,0.153992,0.159711,0.067445,0.285850,0.061380,0.082406,0.131389,0.147798,0.136907,0.502101,0.078740,0.002134,0.001076,0.000988,0.000648,0.000895,0.000695,0.000803,0.000748,0.000943,0.001010,0.078610,80
active_probe_planner,cluttered_navigation_grasp,nominal,sparse_observation,0.725000,0.591033,0.159744,0.158446,0.069429,0.293207,0.069662,0.095977,0.135188,0.158462,0.142171,0.351203,0.098464,0.002321,0.001086,0.001188,0.000565,0.000914,0.000622,0.000891,0.000768,0.000915,0.001051,0.098553,80
active_probe_planner,cluttered_navigation_grasp,occlusion_persistence,combined_stress,0.600000,0.519048,0.207133,0.200065,0.084435,0.313184,0.081623,0.118959,0.163678,0.191683,0.172592,0.074629,0.108031,0.002009,0.001125,0.001215,0.000570,0.000916,0.000610,0.000833,0.000831,0.001077,0.001114,0.108237,80
active_probe_planner,cluttered_navigation_grasp,occlusion_persistence,hidden_mechanism,0.600000,0.525449,0.186654,0.176246,0.074754,0.309135,0.076241,0.109695,0.148802,0.174018,0.155985,0.139884,0.108031,0.002395,0.001157,0.001008,0.000556,0.000836,0.000643,0.000768,0.000848,0.001054,0.001101,0.107873,80
active_probe_planner,cluttered_navigation_grasp,occlusion_persistence,in_distribution,0.675000,0.539353,0.175218,0.164529,0.069248,0.304172,0.070844,0.099618,0.139823,0.161723,0.146309,0.257219,0.103285,0.002285,0.000963,0.001289,0.000621,0.000841,0.000625,0.000746,0.000868,0.001103,0.001048,0.103275,80
active_probe_planner,cluttered_navigation_grasp,occlusion_persistence,long_horizon,0.525000,0.527788,0.192349,0.189089,0.077602,0.308553,0.076622,0.111456,0.152813,0.178688,0.160503,0.044482,0.110121,0.002082,0.001118,0.001120,0.000644,0.000867,0.000674,0.000907,0.000904,0.001035,0.001119,0.110304,80
active_probe_planner,cluttered_navigation_grasp,occlusion_persistence,sparse_observation,0.637500,0.518077,0.195743,0.183828,0.078776,0.312094,0.078956,0.115132,0.154654,0.181817,0.162985,0.149194,0.106008,0.002326,0.001128,0.001090,0.000688,0.000899,0.000627,0.000969,0.000882,0.001015,0.001184,0.105782,80
active_probe_planner,cluttered_navigation_grasp,payload_shift,combined_stress,0.600000,0.511133,0.208933,0.200664,0.086400,0.313118,0.079667,0.118501,0.166690,0.192962,0.174864,0.066992,0.108031,0.002082,0.001081,0.001167,0.000576,0.000935,0.000577,0.000961,0.000901,0.001213,0.001141,0.108163,80
active_probe_planner,cluttered_navigation_grasp,payload_shift,hidden_mechanism,0.662500,0.537933,0.188027,0.174549,0.077399,0.304308,0.069444,0.097227,0.150188,0.169917,0.157100,0.210637,0.104273,0.002300,0.001139,0.001068,0.000689,0.000900,0.000701,0.000884,0.000870,0.001113,0.001071,0.104487,80
active_probe_planner,cluttered_navigation_grasp,payload_shift,in_distribution,0.600000,0.551026,0.175495,0.162026,0.072738,0.298448,0.063407,0.087984,0.141853,0.157825,0.147765,0.190982,0.108031,0.002142,0.001027,0.001163,0.000675,0.000951,0.000592,0.000732,0.000894,0.001175,0.001049,0.107978,80
active_probe_planner,cluttered_navigation_grasp,payload_shift,long_horizon,0.625000,0.540127,0.193842,0.187332,0.080337,0.303457,0.070880,0.099003,0.155432,0.174205,0.162517,0.151247,0.106757,0.002074,0.001116,0.001152,0.000725,0.000896,0.000685,0.000791,0.000902,0.001174,0.001098,0.106662,80
active_probe_planner,cluttered_navigation_grasp,payload_shift,sparse_observation,0.562500,0.515042,0.199440,0.186294,0.081885,0.311598,0.077741,0.113584,0.159062,0.184370,0.167322,0.062864,0.109394,0.002103,0.001066,0.001054,0.000576,0.000846,0.000561,0.000963,0.000787,0.001169,0.000973,0.109515,80
active_probe_planner,deformable_bin_pick,actuator_lag,combined_stress,0.500000,0.524055,0.202827,0.195292,0.085231,0.310609,0.078694,0.116137,0.164442,0.190957,0.173117,-0.014390,0.110259,0.002170,0.001127,0.000955,0.000648,0.000853,0.000691,0.000801,0.001023,0.001171,0.001098,0.109999,80
active_probe_planner,deformable_bin_pick,actuator_lag,hidden_mechanism,0.575000,0.552225,0.181242,0.168951,0.075344,0.301514,0.068288,0.094865,0.147016,0.166308,0.153367,0.144728,0.109011,0.002131,0.001014,0.000869,0.000661,0.000834,0.000657,0.000782,0.000931,0.000989,0.001155,0.108987,80
active_probe_planner,deformable_bin_pick,actuator_lag,in_distribution,0.700000,0.561419,0.170338,0.158412,0.070789,0.295925,0.062418,0.085824,0.138073,0.153867,0.143679,0.308267,0.101054,0.002444,0.001007,0.001195,0.000617,0.000792,0.000736,0.000861,0.000854,0.001040,0.001147,0.101103,80
active_probe_planner,deformable_bin_pick,actuator_lag,long_horizon,0.637500,0.551710,0.187329,0.182649,0.078459,0.300577,0.068634,0.098313,0.152698,0.171846,0.159172,0.183265,0.106008,0.002226,0.001240,0.001241,0.000633,0.000879,0.000613,0.000852,0.000842,0.001067,0.000986,0.106230,80
active_probe_planner,deformable_bin_pick,actuator_lag,sparse_observation,0.625000,0.530444,0.193423,0.181161,0.080425,0.309741,0.076570,0.110708,0.156986,0.182027,0.165124,0.144768,0.106757,0.002124,0.001140,0.001219,0.000746,0.000787,0.000587,0.000864,0.000856,0.001005,0.001117,0.107214,80
active_probe_planner,deformable_bin_pick,combined_hidden_mechanisms,combined_stress,0.537500,0.470409,0.226431,0.214904,0.089623,0.323185,0.085473,0.127688,0.173238,0.202195,0.182229,-0.052129,0.109948,0.002233,0.001015,0.001095,0.000727,0.000807,0.000765,0.000917,0.000760,0.000989,0.000984,0.109947,80
active_probe_planner,deformable_bin_pick,combined_hidden_mechanisms,hidden_mechanism,0.500000,0.480148,0.220211,0.197459,0.086567,0.321158,0.079992,0.118463,0.167095,0.193387,0.175571,-0.054435,0.110259,0.002212,0.000959,0.001295,0.000692,0.000866,0.000689,0.000848,0.000821,0.001133,0.001029,0.110783,80
active_probe_planner,deformable_bin_pick,combined_hidden_mechanisms,in_distribution,0.537500,0.491627,0.207294,0.184817,0.081440,0.315088,0.074468,0.107945,0.159337,0.181816,0.167444,0.025970,0.109948,0.001913,0.001083,0.001095,0.000708,0.000876,0.000596,0.000930,0.000994,0.001292,0.001253,0.109870,80
active_probe_planner,deformable_bin_pick,combined_hidden_mechanisms,long_horizon,0.587500,0.483855,0.222765,0.209425,0.088409,0.319806,0.080611,0.119310,0.170913,0.196535,0.179109,0.018168,0.108557,0.001896,0.001104,0.001201,0.000640,0.000886,0.000657,0.000875,0.000942,0.001193,0.001031,0.108419,80
active_probe_planner,deformable_bin_pick,combined_hidden_mechanisms,sparse_observation,0.425000,0.469539,0.223888,0.203825,0.088321,0.324795,0.084532,0.124829,0.172214,0.201020,0.181459,-0.151322,0.109011,0.002222,0.001176,0.001082,0.000696,0.000795,0.000660,0.000774,0.000812,0.000995,0.000986,0.109051,80
active_probe_planner,deformable_bin_pick,compliance_shift,combined_stress,0.587500,0.538815,0.196605,0.189964,0.083164,0.308025,0.077488,0.112900,0.159908,0.185002,0.167383,0.095155,0.108557,0.002056,0.001111,0.001136,0.000694,0.000866,0.000645,0.000892,0.000818,0.001101,0.001073,0.108602,80
active_probe_planner,deformable_bin_pick,compliance_shift,hidden_mechanism,0.587500,0.561032,0.172819,0.165306,0.072141,0.297488,0.065793,0.091391,0.140060,0.158021,0.146703,0.181879,0.108557,0.001807,0.000942,0.001211,0.000700,0.001004,0.000689,0.000704,0.000844,0.001099,0.001071,0.108330,80
active_probe_planner,deformable_bin_pick,compliance_shift,in_distribution,0.687500,0.574894,0.162404,0.150779,0.066320,0.293424,0.060819,0.081330,0.132201,0.147360,0.137342,0.324564,0.102212,0.002305,0.001054,0.001078,0.000611,0.000748,0.000642,0.000792,0.000837,0.000959,0.001116,0.102009,80
active_probe_planner,deformable_bin_pick,compliance_shift,long_horizon,0.637500,0.565544,0.178540,0.176385,0.075011,0.297061,0.066138,0.092714,0.146300,0.163903,0.152278,0.212178,0.106008,0.002170,0.000987,0.001107,0.000632,0.000918,0.000698,0.000933,0.000851,0.001168,0.001180,0.105970,80
active_probe_planner,deformable_bin_pick,compliance_shift,sparse_observation,0.700000,0.543529,0.184693,0.174846,0.077163,0.305629,0.074802,0.107127,0.149512,0.174615,0.156612,0.248287,0.101054,0.001922,0.000985,0.001001,0.000627,0.000964,0.000565,0.000720,0.000862,0.000984,0.001079,0.101124,80
active_probe_planner,deformable_bin_pick,contact_mode_flip,combined_stress,0.575000,0.509369,0.213378,0.203985,0.086687,0.315351,0.082100,0.120288,0.166641,0.194412,0.175821,0.032101,0.109011,0.002437,0.000981,0.001229,0.000681,0.000766,0.000650,0.000888,0.000849,0.000947,0.001170,0.108864,80
active_probe_planner,deformable_bin_pick,contact_mode_flip,hidden_mechanism,0.625000,0.537013,0.188872,0.176930,0.075793,0.306406,0.070164,0.099202,0.148535,0.168614,0.155286,0.171521,0.106757,0.002631,0.001195,0.001165,0.000629,0.000891,0.000704,0.000930,0.000844,0.001119,0.001199,0.107071,80
active_probe_planner,deformable_bin_pick,contact_mode_flip,in_distribution,0.700000,0.548762,0.179768,0.164575,0.070810,0.301060,0.064883,0.090062,0.140970,0.157801,0.146112,0.284886,0.101054,0.001935,0.001125,0.001124,0.000648,0.000859,0.000677,0.000990,0.000914,0.001180,0.001116,0.101186,80
active_probe_planner,deformable_bin_pick,contact_mode_flip,long_horizon,0.687500,0.537478,0.195669,0.189194,0.079407,0.304981,0.071054,0.100803,0.153351,0.172798,0.160258,0.211110,0.102212,0.002216,0.001132,0.001058,0.000607,0.000916,0.000700,0.000952,0.000893,0.001224,0.001075,0.102160,80
active_probe_planner,deformable_bin_pick,contact_mode_flip,sparse_observation,0.537500,0.513038,0.201775,0.189156,0.081495,0.313975,0.079412,0.114214,0.158854,0.185272,0.166636,0.031603,0.109948,0.002360,0.000919,0.001028,0.000637,0.000986,0.000661,0.000898,0.000808,0.001076,0.001000,0.110102,80
active_probe_planner,deformable_bin_pick,friction_shift,combined_stress,0.587500,0.548601,0.190574,0.185721,0.080768,0.304622,0.076157,0.109101,0.155731,0.181211,0.163621,0.115028,0.108557,0.002375,0.001161,0.001007,0.000677,0.000883,0.000548,0.000943,0.000953,0.001223,0.001228,0.108678,80
active_probe_planner,deformable_bin_pick,friction_shift,hidden_mechanism,0.725000,0.573257,0.165191,0.159535,0.068745,0.294858,0.064663,0.088367,0.135312,0.153424,0.140839,0.343662,0.098464,0.002166,0.001120,0.001022,0.000720,0.000815,0.000649,0.000982,0.000840,0.001003,0.000954,0.098197,80
active_probe_planner,deformable_bin_pick,friction_shift,in_distribution,0.637500,0.586768,0.153539,0.146826,0.064713,0.290061,0.060062,0.078213,0.128475,0.143089,0.133481,0.295953,0.106008,0.002117,0.001154,0.001183,0.000592,0.000878,0.000598,0.000846,0.000854,0.001091,0.001075,0.106051,80
active_probe_planner,deformable_bin_pick,friction_shift,long_horizon,0.662500,0.576517,0.171972,0.172224,0.072987,0.293352,0.065294,0.090676,0.141971,0.159622,0.147527,0.257069,0.104273,0.002379,0.001010,0.001018,0.000673,0.000947,0.000637,0.000832,0.000932,0.001087,0.001180,0.104201,80
active_probe_planner,deformable_bin_pick,friction_shift,sparse_observation,0.675000,0.554164,0.176364,0.170692,0.074678,0.301991,0.073832,0.103264,0.146138,0.171237,0.153720,0.244962,0.103285,0.002452,0.001055,0.000973,0.000594,0.000886,0.000708,0.000888,0.000818,0.001089,0.001087,0.103468,80
active_probe_planner,deformable_bin_pick,nominal,combined_stress,0.712500,0.590146,0.172125,0.170933,0.075194,0.295925,0.072067,0.101063,0.144844,0.168852,0.152645,0.301906,0.099805,0.002047,0.001081,0.000975,0.000717,0.001063,0.000718,0.000822,0.000937,0.001205,0.001137,0.099809,80
active_probe_planner,deformable_bin_pick,nominal,hidden_mechanism,0.575000,0.610987,0.147012,0.144950,0.063422,0.285745,0.060068,0.080203,0.125357,0.142231,0.131006,0.253402,0.109011,0.002159,0.000998,0.000941,0.000579,0.000982,0.000694,0.000783,0.000951,0.001250,0.001191,0.109042,80
active_probe_planner,deformable_bin_pick,nominal,in_distribution,0.687500,0.625103,0.135349,0.133421,0.058947,0.281390,0.054676,0.070063,0.116758,0.130253,0.121156,0.406872,0.102212,0.002195,0.001042,0.001232,0.000761,0.000846,0.000720,0.000811,0.000948,0.001111,0.001163,0.102707,80
active_probe_planner,deformable_bin_pick,nominal,long_horizon,0.712500,0.615927,0.153828,0.158901,0.066780,0.285352,0.061734,0.082462,0.130169,0.146954,0.135606,0.367588,0.099805,0.002508,0.001105,0.001180,0.000695,0.000778,0.000574,0.000925,0.000878,0.001064,0.001088,0.099946,80
active_probe_planner,deformable_bin_pick,nominal,sparse_observation,0.625000,0.591041,0.158841,0.155960,0.068927,0.294364,0.069248,0.095462,0.135524,0.157859,0.142079,0.254266,0.106757,0.002049,0.001049,0.001029,0.000645,0.000851,0.000590,0.000811,0.000775,0.000986,0.000987,0.107194,80
active_probe_planner,deformable_bin_pick,occlusion_persistence,combined_stress,0.675000,0.522128,0.204347,0.197485,0.084430,0.312768,0.080727,0.119388,0.163938,0.191284,0.172262,0.155614,0.103285,0.001857,0.001010,0.001193,0.000696,0.000947,0.000650,0.000975,0.000813,0.000987,0.000990,0.103293,80
active_probe_planner,deformable_bin_pick,occlusion_persistence,hidden_mechanism,0.687500,0.527523,0.183874,0.174019,0.074185,0.309232,0.076263,0.108827,0.147445,0.173099,0.155545,0.233983,0.102212,0.002138,0.001190,0.001030,0.000722,0.000910,0.000678,0.000861,0.000782,0.001048,0.001039,0.102420,80
active_probe_planner,deformable_bin_pick,occlusion_persistence,in_distribution,0.612500,0.543055,0.173147,0.161494,0.069389,0.304407,0.070697,0.098293,0.138382,0.159859,0.145493,0.201298,0.107431,0.002323,0.001160,0.001120,0.000697,0.000756,0.000637,0.000838,0.000766,0.000921,0.000977,0.107457,80
active_probe_planner,deformable_bin_pick,occlusion_persistence,long_horizon,0.650000,0.533333,0.189911,0.188032,0.077957,0.308570,0.076902,0.110171,0.153176,0.178292,0.160818,0.173931,0.105180,0.002221,0.001179,0.001157,0.000558,0.000833,0.000617,0.000801,0.000775,0.001051,0.001027,0.105176,80
active_probe_planner,deformable_bin_pick,occlusion_persistence,sparse_observation,0.537500,0.521744,0.192712,0.182465,0.078223,0.311879,0.078771,0.114634,0.153389,0.179730,0.162207,0.055946,0.109948,0.002391,0.001062,0.001102,0.000647,0.000889,0.000609,0.001015,0.000967,0.001327,0.001186,0.110011,80
active_probe_planner,deformable_bin_pick,payload_shift,combined_stress,0.537500,0.514569,0.206762,0.198446,0.085499,0.313931,0.080092,0.116814,0.165055,0.191456,0.173851,0.011244,0.109948,0.002231,0.000910,0.001201,0.000616,0.001057,0.000693,0.000802,0.000985,0.001155,0.001316,0.110106,80
active_probe_planner,deformable_bin_pick,payload_shift,hidden_mechanism,0.712500,0.538291,0.186652,0.173403,0.076834,0.303718,0.068400,0.096452,0.149456,0.168436,0.155711,0.264877,0.099805,0.002148,0.001121,0.000969,0.000654,0.000894,0.000595,0.000906,0.000861,0.001048,0.001214,0.100169,80
active_probe_planner,deformable_bin_pick,payload_shift,in_distribution,0.762500,0.553367,0.174460,0.159561,0.071935,0.298626,0.063284,0.087286,0.140826,0.155975,0.146498,0.358806,0.093841,0.001866,0.000984,0.001063,0.000609,0.000907,0.000682,0.000984,0.000898,0.001151,0.001201,0.093890,80
active_probe_planner,deformable_bin_pick,payload_shift,long_horizon,0.637500,0.542767,0.192106,0.186033,0.080516,0.302362,0.070019,0.098728,0.155054,0.173431,0.162279,0.168156,0.106008,0.002415,0.001291,0.001033,0.000711,0.000963,0.000744,0.000866,0.000822,0.001008,0.001176,0.105957,80
active_probe_planner,deformable_bin_pick,payload_shift,sparse_observation,0.712500,0.517564,0.196710,0.183369,0.082368,0.310406,0.077604,0.112144,0.158919,0.184525,0.167354,0.218820,0.099805,0.002445,0.001193,0.001073,0.000694,0.000863,0.000679,0.000982,0.000981,0.001216,0.001116,0.099488,80
active_probe_planner,drawer_contact_repair,actuator_lag,combined_stress,0.600000,0.530745,0.198705,0.191768,0.084205,0.308521,0.078848,0.113419,0.161395,0.187601,0.169300,0.098539,0.108031,0.001916,0.001097,0.001207,0.000616,0.000889,0.000634,0.000900,0.000914,0.001137,0.001078,0.108104,80
active_probe_planner,drawer_contact_repair,actuator_lag,hidden_mechanism,0.675000,0.554650,0.177597,0.165172,0.074590,0.299657,0.067052,0.092974,0.144599,0.163804,0.150786,0.255795,0.103285,0.002006,0.001059,0.000965,0.000669,0.001031,0.000601,0.000882,0.000930,0.001114,0.001113,0.103081,80
active_probe_planner,drawer_contact_repair,actuator_lag,in_distribution,0.650000,0.566992,0.165664,0.153467,0.069215,0.293515,0.061978,0.083784,0.136137,0.151830,0.142168,0.272579,0.105180,0.002110,0.000979,0.001100,0.000655,0.000725,0.000683,0.000899,0.000966,0.001090,0.001217,0.104949,80
active_probe_planner,drawer_contact_repair,actuator_lag,long_horizon,0.775000,0.559210,0.183075,0.178359,0.077501,0.298961,0.068006,0.094667,0.149796,0.168630,0.156139,0.334991,0.092084,0.002212,0.001099,0.001063,0.000528,0.001056,0.000603,0.000844,0.000870,0.000990,0.001176,0.091970,80
active_probe_planner,drawer_contact_repair,actuator_lag,sparse_observation,0.712500,0.531370,0.189772,0.175983,0.080016,0.306744,0.076330,0.108890,0.154894,0.180201,0.162487,0.243140,0.099805,0.002446,0.001189,0.001114,0.000705,0.000854,0.000747,0.000906,0.000926,0.001118,0.001168,0.099724,80
active_probe_planner,drawer_contact_repair,combined_hidden_mechanisms,combined_stress,0.537500,0.474436,0.224189,0.213997,0.089045,0.322891,0.084890,0.125857,0.173596,0.201971,0.182958,-0.046842,0.109948,0.002335,0.001054,0.001116,0.000664,0.000867,0.000592,0.000789,0.000900,0.001016,0.001067,0.109985,80
active_probe_planner,drawer_contact_repair,combined_hidden_mechanisms,hidden_mechanism,0.537500,0.487199,0.215638,0.192923,0.085685,0.318209,0.079114,0.115460,0.165237,0.190864,0.173765,-0.002717,0.109948,0.002286,0.001274,0.000989,0.000545,0.000933,0.000653,0.000677,0.000830,0.000911,0.001077,0.109785,80
active_probe_planner,drawer_contact_repair,combined_hidden_mechanisms,in_distribution,0.600000,0.497026,0.203984,0.180533,0.081184,0.314230,0.073638,0.105156,0.157417,0.179899,0.165085,0.099453,0.108031,0.002519,0.000890,0.001001,0.000725,0.000899,0.000652,0.000812,0.000904,0.001103,0.001203,0.108394,80
active_probe_planner,drawer_contact_repair,combined_hidden_mechanisms,long_horizon,0.550000,0.488440,0.219049,0.205912,0.087128,0.317929,0.079224,0.117189,0.168781,0.193593,0.176586,-0.007168,0.109706,0.002326,0.001080,0.001136,0.000586,0.000798,0.000745,0.000955,0.000883,0.001160,0.001121,0.109990,80
active_probe_planner,drawer_contact_repair,combined_hidden_mechanisms,sparse_observation,0.487500,0.475129,0.221006,0.201231,0.087496,0.322208,0.082999,0.124017,0.169532,0.198029,0.178558,-0.077899,0.110224,0.002193,0.000959,0.001140,0.000647,0.000825,0.000583,0.000886,0.000864,0.001064,0.001014,0.110271,80
active_probe_planner,drawer_contact_repair,compliance_shift,combined_stress,0.562500,0.543679,0.193453,0.187854,0.082861,0.304847,0.076558,0.110484,0.158238,0.184118,0.166243,0.079679,0.109394,0.002224,0.001111,0.001187,0.000681,0.000884,0.000632,0.001002,0.000877,0.001133,0.001113,0.108977,80
active_probe_planner,drawer_contact_repair,compliance_shift,hidden_mechanism,0.687500,0.569214,0.168549,0.160922,0.070750,0.296234,0.065024,0.089452,0.138251,0.156541,0.144812,0.295806,0.102212,0.002680,0.001061,0.001159,0.000559,0.000882,0.000605,0.000952,0.000933,0.001121,0.001139,0.101784,80
active_probe_planner,drawer_contact_repair,compliance_shift,in_distribution,0.650000,0.580343,0.157562,0.148205,0.066283,0.290921,0.060440,0.079642,0.130628,0.146100,0.136181,0.297718,0.105180,0.002138,0.001109,0.001154,0.000735,0.000890,0.000670,0.000780,0.000791,0.001070,0.000982,0.105138,80
active_probe_planner,drawer_contact_repair,compliance_shift,long_horizon,0.687500,0.573614,0.174863,0.173514,0.074105,0.295435,0.066075,0.090302,0.142919,0.161023,0.149022,0.274664,0.102212,0.002182,0.000995,0.000870,0.000587,0.001028,0.000598,0.000910,0.000896,0.001152,0.001117,0.102184,80
active_probe_planner,drawer_contact_repair,compliance_shift,sparse_observation,0.662500,0.547174,0.180147,0.172271,0.075493,0.304071,0.074666,0.104437,0.147944,0.173203,0.155582,0.222053,0.104273,0.001981,0.001257,0.001019,0.000729,0.000798,0.000589,0.000832,0.000765,0.001040,0.001020,0.104290,80
active_probe_planner,drawer_contact_repair,contact_mode_flip,combined_stress,0.650000,0.516837,0.208314,0.199961,0.085939,0.313359,0.080903,0.118232,0.164967,0.192628,0.173883,0.120950,0.105180,0.002105,0.000961,0.000998,0.000777,0.000949,0.000654,0.000847,0.000892,0.001110,0.001118,0.105333,80
active_probe_planner,drawer_contact_repair,contact_mode_flip,hidden_mechanism,0.550000,0.539605,0.185878,0.172875,0.074737,0.303724,0.069464,0.097369,0.146412,0.166691,0.152678,0.107337,0.109706,0.002172,0.001008,0.001091,0.000673,0.000840,0.000701,0.000849,0.000848,0.001216,0.000943,0.109754,80
active_probe_planner,drawer_contact_repair,contact_mode_flip,in_distribution,0.712500,0.553189,0.173524,0.160271,0.069676,0.299211,0.064429,0.087359,0.137954,0.154457,0.144085,0.312454,0.099805,0.002175,0.001177,0.000968,0.000714,0.000942,0.000689,0.000772,0.000837,0.001054,0.001105,0.099988,80
active_probe_planner,drawer_contact_repair,contact_mode_flip,long_horizon,0.637500,0.543800,0.191270,0.185476,0.078370,0.302416,0.069788,0.099567,0.151911,0.172267,0.158800,0.173917,0.106008,0.002068,0.000993,0.001146,0.000538,0.000941,0.000592,0.000848,0.000779,0.001019,0.001078,0.106052,80
active_probe_planner,drawer_contact_repair,contact_mode_flip,sparse_observation,0.662500,0.522424,0.197522,0.184613,0.080044,0.312067,0.078000,0.113347,0.156517,0.182760,0.164757,0.171780,0.104273,0.002390,0.001041,0.001225,0.000655,0.000801,0.000647,0.000794,0.000895,0.001004,0.001179,0.104197,80
active_probe_planner,drawer_contact_repair,friction_shift,combined_stress,0.675000,0.553788,0.186029,0.181828,0.079739,0.302395,0.075464,0.107022,0.152932,0.177546,0.160109,0.215839,0.103285,0.002073,0.001039,0.001238,0.000596,0.000899,0.000685,0.000937,0.000813,0.001014,0.001039,0.103336,80
active_probe_planner,drawer_contact_repair,friction_shift,hidden_mechanism,0.587500,0.580173,0.162297,0.154931,0.068264,0.292619,0.063683,0.085840,0.133511,0.151382,0.139024,0.218133,0.108557,0.002102,0.001043,0.001070,0.000641,0.000858,0.000648,0.000969,0.000900,0.001108,0.001030,0.108238,80
active_probe_planner,drawer_contact_repair,friction_shift,in_distribution,0.725000,0.593587,0.149639,0.142525,0.063894,0.288183,0.058356,0.075720,0.125737,0.139610,0.130537,0.397311,0.098464,0.002410,0.000960,0.001050,0.000684,0.000924,0.000727,0.000914,0.000947,0.001251,0.001262,0.098170,80
active_probe_planner,drawer_contact_repair,friction_shift,long_horizon,0.750000,0.584430,0.166657,0.167827,0.071901,0.292174,0.064817,0.088467,0.139374,0.157272,0.145245,0.359435,0.095487,0.002175,0.000963,0.001013,0.000746,0.000986,0.000693,0.000926,0.000928,0.001094,0.001100,0.095341,80
active_probe_planner,drawer_contact_repair,friction_shift,sparse_observation,0.775000,0.556704,0.172704,0.165388,0.074085,0.300446,0.072596,0.101480,0.144446,0.169144,0.152265,0.356522,0.092084,0.002330,0.001180,0.001026,0.000678,0.001011,0.000629,0.000955,0.000792,0.001055,0.001070,0.092026,80
active_probe_planner,drawer_contact_repair,nominal,combined_stress,0.600000,0.594442,0.168025,0.168024,0.074598,0.294259,0.070972,0.098946,0.142478,0.166173,0.149266,0.200563,0.108031,0.002360,0.000991,0.001054,0.000662,0.000909,0.000670,0.000872,0.000825,0.001008,0.001057,0.107913,80
active_probe_planner,drawer_contact_repair,nominal,hidden_mechanism,0.700000,0.617905,0.142908,0.141917,0.062931,0.284693,0.059366,0.078502,0.123155,0.139355,0.128360,0.389854,0.101054,0.001926,0.001106,0.001234,0.000706,0.000714,0.000628,0.000865,0.001039,0.001323,0.001218,0.101115,80
active_probe_planner,drawer_contact_repair,nominal,in_distribution,0.725000,0.630755,0.130823,0.129542,0.057827,0.279516,0.054476,0.067761,0.114404,0.127864,0.118416,0.457296,0.098464,0.001984,0.001084,0.001214,0.000551,0.000812,0.000668,0.000865,0.000921,0.001064,0.001159,0.098507,80
active_probe_planner,drawer_contact_repair,nominal,long_horizon,0.675000,0.621318,0.149880,0.152975,0.065414,0.283221,0.060603,0.078786,0.128310,0.144424,0.133624,0.344786,0.103285,0.002335,0.001068,0.001082,0.000749,0.000924,0.000667,0.000849,0.000923,0.001182,0.001324,0.103341,80
active_probe_planner,drawer_contact_repair,nominal,sparse_observation,0.712500,0.595520,0.154238,0.152729,0.068168,0.292069,0.068447,0.093323,0.132780,0.154939,0.139634,0.354147,0.099805,0.002315,0.001076,0.001132,0.000686,0.000899,0.000594,0.000778,0.000840,0.001075,0.001114,0.100018,80
active_probe_planner,drawer_contact_repair,occlusion_persistence,combined_stress,0.625000,0.526506,0.200339,0.193965,0.083754,0.310419,0.079770,0.115952,0.160905,0.187872,0.169239,0.118095,0.106757,0.002365,0.001092,0.001153,0.000681,0.000756,0.000503,0.000897,0.000887,0.001051,0.001244,0.107059,80
active_probe_planner,drawer_contact_repair,occlusion_persistence,hidden_mechanism,0.637500,0.534632,0.180641,0.170631,0.073533,0.306867,0.074032,0.106537,0.144957,0.169414,0.152617,0.196667,0.106008,0.002217,0.001003,0.001133,0.000643,0.000873,0.000633,0.000910,0.000899,0.001133,0.001142,0.105855,80
active_probe_planner,drawer_contact_repair,occlusion_persistence,in_distribution,0.600000,0.546307,0.168701,0.157925,0.068499,0.302208,0.069535,0.096786,0.136218,0.157947,0.142911,0.200686,0.108031,0.002257,0.001026,0.001057,0.000645,0.000836,0.000684,0.000862,0.000923,0.001059,0.001144,0.107837,80
active_probe_planner,drawer_contact_repair,occlusion_persistence,long_horizon,0.575000,0.536925,0.186056,0.183576,0.076555,0.306680,0.075402,0.108319,0.150533,0.175570,0.158104,0.112086,0.109011,0.002310,0.001111,0.001080,0.000627,0.001013,0.000729,0.000966,0.000747,0.000911,0.001099,0.108939,80
active_probe_planner,drawer_contact_repair,occlusion_persistence,sparse_observation,0.537500,0.524442,0.186383,0.177862,0.077047,0.309932,0.078682,0.112494,0.151323,0.178999,0.159625,0.069892,0.109948,0.002256,0.000998,0.001212,0.000660,0.000795,0.000727,0.000901,0.000820,0.001062,0.000986,0.109978,80
active_probe_planner,drawer_contact_repair,payload_shift,combined_stress,0.525000,0.518428,0.203018,0.195087,0.084776,0.310678,0.078926,0.114458,0.163114,0.189019,0.171669,0.010199,0.110121,0.002262,0.001066,0.001102,0.000618,0.000896,0.000697,0.000834,0.000782,0.001188,0.001004,0.110508,80
active_probe_planner,drawer_contact_repair,payload_shift,hidden_mechanism,0.612500,0.546044,0.182326,0.168501,0.075878,0.301541,0.067737,0.094718,0.147607,0.166695,0.153429,0.178861,0.107431,0.002577,0.001085,0.001106,0.000649,0.000998,0.000569,0.000885,0.001091,0.001290,0.001212,0.107700,80
active_probe_planner,drawer_contact_repair,payload_shift,in_distribution,0.625000,0.558624,0.170313,0.156325,0.070811,0.295550,0.062551,0.085009,0.138865,0.154666,0.144763,0.233641,0.106757,0.002022,0.001157,0.001080,0.000591,0.000947,0.000650,0.000856,0.000788,0.001074,0.001163,0.106574,80
active_probe_planner,drawer_contact_repair,payload_shift,long_horizon,0.637500,0.549530,0.187228,0.180943,0.078907,0.300133,0.068250,0.096664,0.151655,0.170073,0.158722,0.184816,0.106008,0.001983,0.001247,0.000989,0.000663,0.000922,0.000648,0.000852,0.000894,0.001191,0.001060,0.105996,80
active_probe_planner,drawer_contact_repair,payload_shift,sparse_observation,0.687500,0.521351,0.193122,0.180613,0.081649,0.309170,0.076477,0.110107,0.156663,0.181764,0.164304,0.204143,0.102212,0.002158,0.001219,0.001070,0.000582,0.000921,0.000647,0.000874,0.000895,0.001127,0.001145,0.102084,80
active_probe_planner,occluded_push_recovery,actuator_lag,combined_stress,0.537500,0.522025,0.206237,0.198156,0.085645,0.309930,0.079359,0.115836,0.163222,0.189836,0.171606,0.017300,0.109948,0.001907,0.001082,0.001221,0.000652,0.000923,0.000599,0.000958,0.000835,0.001024,0.000983,0.109904,80
active_probe_planner,occluded_push_recovery,actuator_lag,hidden_mechanism,0.737500,0.548493,0.183352,0.170681,0.074971,0.301160,0.068599,0.095593,0.145949,0.165180,0.152420,0.303535,0.097026,0.002246,0.001282,0.000983,0.000660,0.000827,0.000617,0.000816,0.000989,0.001267,0.001215,0.096899,80
active_probe_planner,occluded_push_recovery,actuator_lag,in_distribution,0.550000,0.563338,0.171344,0.158643,0.070826,0.295711,0.063247,0.086136,0.138632,0.155149,0.144621,0.156972,0.109706,0.002250,0.001099,0.001123,0.000593,0.000933,0.000651,0.000818,0.000759,0.001130,0.001022,0.109654,80
active_probe_planner,occluded_push_recovery,actuator_lag,long_horizon,0.775000,0.552553,0.189270,0.184599,0.079521,0.300193,0.069131,0.097165,0.152297,0.171771,0.158930,0.316963,0.092084,0.002170,0.000916,0.001035,0.000667,0.001018,0.000630,0.000704,0.000867,0.001089,0.001112,0.092256,80
active_probe_planner,occluded_push_recovery,actuator_lag,sparse_observation,0.700000,0.528458,0.195211,0.182229,0.080993,0.308972,0.077477,0.110814,0.156630,0.182152,0.164623,0.215966,0.101054,0.002149,0.001301,0.001093,0.000663,0.000874,0.000690,0.000986,0.000782,0.001150,0.001092,0.101209,80
active_probe_planner,occluded_push_recovery,combined_hidden_mechanisms,combined_stress,0.525000,0.472129,0.226377,0.214046,0.089100,0.322628,0.085452,0.126732,0.173426,0.202117,0.183037,-0.062526,0.110121,0.001798,0.001128,0.001086,0.000739,0.000886,0.000657,0.000848,0.000873,0.001200,0.001097,0.110010,80
active_probe_planner,occluded_push_recovery,combined_hidden_mechanisms,hidden_mechanism,0.625000,0.482811,0.218678,0.195891,0.086287,0.318480,0.080500,0.118022,0.166953,0.192429,0.175633,0.075108,0.106757,0.002416,0.001139,0.001150,0.000606,0.000882,0.000709,0.001051,0.001092,0.001268,0.001273,0.106759,80
active_probe_planner,occluded_push_recovery,combined_hidden_mechanisms,in_distribution,0.562500,0.492320,0.209337,0.186072,0.081592,0.315742,0.075361,0.108075,0.159826,0.181586,0.167321,0.047170,0.109394,0.002435,0.001107,0.001160,0.000604,0.000755,0.000680,0.000837,0.000871,0.001064,0.001154,0.109904,80
active_probe_planner,occluded_push_recovery,combined_hidden_mechanisms,long_horizon,0.625000,0.482686,0.224111,0.209689,0.088257,0.318705,0.080787,0.119925,0.171346,0.196576,0.180571,0.053820,0.106757,0.002154,0.000905,0.001079,0.000595,0.000739,0.000662,0.000912,0.000915,0.001083,0.001096,0.106650,80
active_probe_planner,occluded_push_recovery,combined_hidden_mechanisms,sparse_observation,0.550000,0.472011,0.223400,0.202883,0.088193,0.322470,0.083896,0.125728,0.170913,0.200089,0.179717,-0.022470,0.109706,0.002338,0.000960,0.001349,0.000671,0.000910,0.000774,0.000864,0.000893,0.001147,0.001152,0.109736,80
active_probe_planner,occluded_push_recovery,compliance_shift,combined_stress,0.625000,0.538350,0.199724,0.192720,0.083863,0.306551,0.077725,0.112347,0.161093,0.187004,0.169333,0.126409,0.106757,0.002453,0.001117,0.001109,0.000585,0.000837,0.000651,0.000718,0.000861,0.001112,0.001062,0.106755,80
active_probe_planner,occluded_push_recovery,compliance_shift,hidden_mechanism,0.725000,0.562939,0.175386,0.165248,0.072305,0.297559,0.066307,0.091634,0.141489,0.159982,0.147989,0.316278,0.098464,0.002432,0.001160,0.001196,0.000646,0.000904,0.000636,0.000752,0.000847,0.001129,0.001070,0.098423,80
active_probe_planner,occluded_push_recovery,compliance_shift,in_distribution,0.700000,0.573674,0.163763,0.153894,0.066916,0.292401,0.061311,0.082136,0.132569,0.147659,0.138056,0.331988,0.101054,0.002032,0.001159,0.001108,0.000785,0.000761,0.000680,0.001022,0.000994,0.001166,0.001250,0.101047,80
active_probe_planner,occluded_push_recovery,compliance_shift,long_horizon,0.700000,0.565376,0.181239,0.178991,0.075459,0.296648,0.067366,0.093220,0.145561,0.163106,0.152554,0.269468,0.101054,0.002101,0.001105,0.001066,0.000676,0.000783,0.000619,0.000762,0.000732,0.000970,0.000983,0.101038,80
active_probe_planner,occluded_push_recovery,compliance_shift,sparse_observation,0.550000,0.540033,0.186240,0.177188,0.077883,0.304917,0.074594,0.106975,0.150876,0.175208,0.159162,0.092575,0.109706,0.002389,0.001211,0.001133,0.000721,0.000774,0.000550,0.000931,0.000985,0.001173,0.001232,0.109197,80
active_probe_planner,occluded_push_recovery,contact_mode_flip,combined_stress,0.662500,0.507325,0.215766,0.205605,0.086847,0.315501,0.081968,0.119997,0.166574,0.194255,0.175012,0.115405,0.104273,0.002192,0.000985,0.001100,0.000664,0.000821,0.000668,0.000802,0.001041,0.001293,0.001348,0.104134,80
active_probe_planner,occluded_push_recovery,contact_mode_flip,hidden_mechanism,0.612500,0.534080,0.192850,0.178067,0.075824,0.306656,0.070500,0.099958,0.149507,0.169468,0.156785,0.152415,0.107431,0.001944,0.000980,0.001083,0.000619,0.000772,0.000643,0.000919,0.000860,0.001071,0.001009,0.107687,80
active_probe_planner,occluded_push_recovery,contact_mode_flip,in_distribution,0.712500,0.547861,0.180178,0.166432,0.071407,0.299999,0.065698,0.090195,0.139815,0.156913,0.145758,0.295217,0.099805,0.002136,0.001064,0.001064,0.000623,0.000747,0.000755,0.000913,0.000834,0.001046,0.001025,0.100139,80
active_probe_planner,occluded_push_recovery,contact_mode_flip,long_horizon,0.662500,0.535396,0.197439,0.191710,0.079224,0.304364,0.071528,0.101656,0.154320,0.174397,0.161417,0.181141,0.104273,0.002033,0.001105,0.001047,0.000673,0.000802,0.000775,0.000848,0.000798,0.001117,0.000977,0.104205,80
active_probe_planner,occluded_push_recovery,contact_mode_flip,sparse_observation,0.600000,0.513529,0.203847,0.190169,0.080913,0.313219,0.079418,0.115260,0.158387,0.185138,0.166025,0.092500,0.108031,0.002455,0.000934,0.001071,0.000689,0.000905,0.000666,0.000779,0.000812,0.001158,0.000982,0.108376,80
active_probe_planner,occluded_push_recovery,friction_shift,combined_stress,0.687500,0.548808,0.191950,0.186560,0.080928,0.303560,0.076964,0.109958,0.155768,0.181430,0.163609,0.212698,0.102212,0.002403,0.001033,0.001147,0.000710,0.000783,0.000570,0.000973,0.000824,0.001068,0.001121,0.102265,80
active_probe_planner,occluded_push_recovery,friction_shift,hidden_mechanism,0.600000,0.573210,0.168547,0.160956,0.069932,0.294320,0.064745,0.088458,0.136306,0.154025,0.142303,0.212669,0.108031,0.001970,0.000856,0.000994,0.000696,0.000813,0.000681,0.000942,0.000862,0.001075,0.001142,0.107576,80
active_probe_planner,occluded_push_recovery,friction_shift,in_distribution,0.675000,0.585324,0.156969,0.148782,0.064486,0.288894,0.059053,0.079299,0.127520,0.142068,0.133025,0.329809,0.103285,0.002053,0.001070,0.001099,0.000608,0.000794,0.000625,0.000846,0.001039,0.001254,0.001390,0.103158,80
active_probe_planner,occluded_push_recovery,friction_shift,long_horizon,0.637500,0.577404,0.172563,0.173372,0.072441,0.293779,0.065843,0.089671,0.141484,0.158725,0.148272,0.231593,0.106008,0.001910,0.001018,0.000868,0.000668,0.000755,0.000626,0.000882,0.000997,0.001141,0.001281,0.106156,80
active_probe_planner,occluded_push_recovery,friction_shift,sparse_observation,0.562500,0.551650,0.179295,0.171974,0.075404,0.302489,0.074017,0.103959,0.146435,0.170728,0.153573,0.126569,0.109394,0.002089,0.000995,0.001110,0.000693,0.000893,0.000598,0.000770,0.000834,0.001088,0.001085,0.109414,80
active_probe_planner,occluded_push_recovery,nominal,combined_stress,0.675000,0.585998,0.173904,0.174596,0.075434,0.295005,0.072499,0.101120,0.145321,0.168958,0.153083,0.257977,0.103285,0.002316,0.001029,0.001230,0.000588,0.000833,0.000655,0.000751,0.000929,0.001151,0.001166,0.103467,80
active_probe_planner,occluded_push_recovery,nominal,hidden_mechanism,0.737500,0.610407,0.149602,0.146349,0.063793,0.285911,0.060625,0.078874,0.125569,0.142544,0.131350,0.411620,0.097026,0.002209,0.001257,0.001015,0.000631,0.000828,0.000636,0.000872,0.000719,0.000972,0.000911,0.096690,80
active_probe_planner,occluded_push_recovery,nominal,in_distribution,0.700000,0.624226,0.137908,0.134746,0.058540,0.280651,0.055540,0.070685,0.116604,0.129785,0.121645,0.415841,0.101054,0.002303,0.000975,0.000979,0.000728,0.000925,0.000696,0.001021,0.000949,0.001159,0.001135,0.101096,80
active_probe_planner,occluded_push_recovery,nominal,long_horizon,0.662500,0.614034,0.154442,0.161092,0.067101,0.286307,0.061223,0.082638,0.130891,0.146580,0.136766,0.313828,0.104273,0.002346,0.001177,0.001160,0.000678,0.000959,0.000703,0.000756,0.000895,0.001100,0.001256,0.104203,80
active_probe_planner,occluded_push_recovery,nominal,sparse_observation,0.637500,0.590652,0.161407,0.158310,0.069407,0.293874,0.069644,0.094980,0.135683,0.158587,0.142416,0.261866,0.106008,0.002564,0.000987,0.001068,0.000665,0.000919,0.000654,0.000845,0.000894,0.001214,0.001126,0.106334,80
active_probe_planner,occluded_push_recovery,occlusion_persistence,combined_stress,0.575000,0.517629,0.207994,0.198625,0.084811,0.311959,0.080854,0.118379,0.164020,0.191327,0.172627,0.049762,0.109011,0.002173,0.001089,0.001086,0.000585,0.000800,0.000639,0.000968,0.000883,0.001117,0.001133,0.108922,80
active_probe_planner,occluded_push_recovery,occlusion_persistence,hidden_mechanism,0.600000,0.524828,0.187140,0.176432,0.074706,0.308263,0.075499,0.108011,0.147639,0.172825,0.155395,0.140876,0.108031,0.002186,0.001203,0.001176,0.000656,0.000936,0.000611,0.000848,0.000917,0.001171,0.001187,0.108222,80
active_probe_planner,occluded_push_recovery,occlusion_persistence,in_distribution,0.637500,0.541909,0.176126,0.163426,0.068673,0.303825,0.070778,0.098358,0.139398,0.161265,0.146789,0.221880,0.106008,0.002347,0.001189,0.001280,0.000661,0.001035,0.000700,0.000933,0.001021,0.001136,0.001211,0.105876,80
active_probe_planner,occluded_push_recovery,occlusion_persistence,long_horizon,0.487500,0.530664,0.192810,0.189555,0.076556,0.307476,0.076749,0.109741,0.152196,0.177148,0.160339,0.009263,0.110224,0.002297,0.000869,0.001028,0.000668,0.000858,0.000673,0.000843,0.000972,0.001082,0.001213,0.110515,80
active_probe_planner,occluded_push_recovery,occlusion_persistence,sparse_observation,0.650000,0.520142,0.195475,0.184340,0.078042,0.311867,0.079408,0.114342,0.154403,0.181917,0.162771,0.163156,0.105180,0.001999,0.001095,0.001090,0.000605,0.000883,0.000565,0.000917,0.000832,0.001233,0.001108,0.104875,80
active_probe_planner,occluded_push_recovery,payload_shift,combined_stress,0.612500,0.511267,0.209006,0.199860,0.085353,0.312805,0.080285,0.116700,0.165092,0.191891,0.173712,0.082339,0.107431,0.002302,0.001090,0.001122,0.000656,0.000878,0.000642,0.000979,0.000802,0.001111,0.001058,0.107639,80
active_probe_planner,occluded_push_recovery,payload_shift,hidden_mechanism,0.687500,0.539647,0.188343,0.174682,0.077055,0.302262,0.068839,0.096652,0.149502,0.168432,0.155607,0.237681,0.102212,0.002321,0.001053,0.001058,0.000629,0.000917,0.000623,0.000821,0.000879,0.001177,0.001149,0.102404,80
active_probe_planner,occluded_push_recovery,payload_shift,in_distribution,0.650000,0.551473,0.177050,0.162320,0.072252,0.298656,0.063781,0.087439,0.141616,0.157321,0.147501,0.239980,0.105180,0.001766,0.001085,0.000980,0.000697,0.000930,0.000698,0.000760,0.000862,0.001140,0.001024,0.105189,80
active_probe_planner,occluded_push_recovery,payload_shift,long_horizon,0.725000,0.539608,0.192935,0.186848,0.080210,0.301610,0.070182,0.099800,0.155136,0.173645,0.162803,0.253376,0.098464,0.002310,0.001190,0.001131,0.000648,0.000953,0.000640,0.000851,0.000836,0.001030,0.001072,0.098852,80
active_probe_planner,occluded_push_recovery,payload_shift,sparse_observation,0.687500,0.518287,0.199538,0.184906,0.082391,0.310214,0.077979,0.112576,0.159122,0.184736,0.167175,0.189879,0.102212,0.002411,0.001014,0.001021,0.000738,0.000848,0.000568,0.000809,0.000842,0.001212,0.001113,0.102374,80
active_probe_planner,payload_handover,actuator_lag,combined_stress,0.600000,0.524813,0.201214,0.193848,0.085308,0.310280,0.078817,0.113994,0.163146,0.189515,0.171715,0.089687,0.108031,0.002166,0.001142,0.001020,0.000660,0.000844,0.000566,0.000887,0.000823,0.001124,0.001125,0.107731,80
active_probe_planner,payload_handover,actuator_lag,hidden_mechanism,0.712500,0.551319,0.179633,0.168619,0.074557,0.300135,0.067554,0.093808,0.146327,0.164937,0.153501,0.285949,0.099805,0.002261,0.001046,0.001201,0.000625,0.000821,0.000558,0.000954,0.000854,0.001005,0.001118,0.099672,80
active_probe_planner,payload_handover,actuator_lag,in_distribution,0.612500,0.564927,0.167922,0.155431,0.070607,0.295179,0.062555,0.085120,0.137119,0.153262,0.142852,0.227600,0.107431,0.001990,0.001034,0.000932,0.000659,0.001016,0.000607,0.000833,0.000871,0.001226,0.001087,0.107619,80
active_probe_planner,payload_handover,actuator_lag,long_horizon,0.775000,0.554511,0.185762,0.180644,0.078184,0.298447,0.068096,0.095325,0.150767,0.169769,0.157588,0.327776,0.092084,0.002050,0.001108,0.001221,0.000683,0.000797,0.000695,0.000791,0.000962,0.001217,0.001236,0.092014,80
active_probe_planner,payload_handover,actuator_lag,sparse_observation,0.662500,0.530865,0.191964,0.178823,0.080329,0.308037,0.076978,0.110249,0.156055,0.181418,0.163894,0.186656,0.104273,0.001983,0.000875,0.001132,0.000705,0.000748,0.000707,0.000861,0.000763,0.000980,0.001167,0.104256,80
active_probe_planner,payload_handover,combined_hidden_mechanisms,combined_stress,0.575000,0.472274,0.225878,0.214041,0.089392,0.322996,0.085341,0.127166,0.172627,0.201749,0.181429,-0.011945,0.109011,0.002047,0.001186,0.001178,0.000645,0.000797,0.000566,0.000724,0.000811,0.001037,0.000881,0.109093,80
active_probe_planner,payload_handover,combined_hidden_mechanisms,hidden_mechanism,0.600000,0.483021,0.217570,0.196111,0.086502,0.319559,0.079511,0.116697,0.167179,0.192720,0.175227,0.051132,0.108031,0.002493,0.001205,0.000981,0.000682,0.000759,0.000614,0.000956,0.000864,0.001175,0.001113,0.107965,80
active_probe_planner,payload_handover,combined_hidden_mechanisms,in_distribution,0.687500,0.493949,0.205503,0.183182,0.081224,0.314904,0.074612,0.107123,0.158215,0.179992,0.165662,0.180769,0.102212,0.002368,0.001162,0.001144,0.000706,0.000849,0.000583,0.000893,0.000817,0.001131,0.001020,0.102388,80
active_probe_planner,payload_handover,combined_hidden_mechanisms,long_horizon,0.550000,0.487047,0.221109,0.207667,0.087629,0.318751,0.080484,0.118482,0.170231,0.195216,0.178559,-0.013547,0.109706,0.002434,0.001104,0.001153,0.000686,0.000794,0.000663,0.000856,0.001024,0.001100,0.001273,0.109960,80
active_probe_planner,payload_handover,combined_hidden_mechanisms,sparse_observation,0.487500,0.472896,0.222694,0.203296,0.088288,0.322410,0.083986,0.125003,0.171101,0.199679,0.179948,-0.084448,0.110224,0.001857,0.001195,0.001037,0.000626,0.000877,0.000609,0.000819,0.001003,0.001150,0.001175,0.110130,80
active_probe_planner,payload_handover,compliance_shift,combined_stress,0.675000,0.539575,0.194659,0.188661,0.083195,0.307541,0.077301,0.111660,0.159582,0.184951,0.168210,0.186390,0.103285,0.002393,0.001036,0.001142,0.000715,0.000845,0.000658,0.000857,0.001000,0.001084,0.001273,0.103290,80
active_probe_planner,payload_handover,compliance_shift,hidden_mechanism,0.600000,0.564430,0.171088,0.162998,0.071230,0.296583,0.065824,0.090713,0.139396,0.157583,0.145622,0.200699,0.108031,0.002403,0.001188,0.001022,0.000735,0.000903,0.000553,0.000911,0.000865,0.001088,0.001158,0.108164,80
active_probe_planner,payload_handover,compliance_shift,in_distribution,0.750000,0.578911,0.159830,0.149915,0.066477,0.292127,0.060077,0.080601,0.130840,0.145358,0.135936,0.393114,0.095487,0.001938,0.001055,0.000894,0.000727,0.000903,0.000602,0.001041,0.000895,0.001042,0.000999,0.095282,80
active_probe_planner,payload_handover,compliance_shift,long_horizon,0.675000,0.566819,0.176358,0.175279,0.074619,0.294689,0.066948,0.091810,0.145067,0.163319,0.151486,0.254638,0.103285,0.002309,0.001180,0.001181,0.000645,0.000952,0.000779,0.000838,0.000903,0.001292,0.001218,0.103295,80
active_probe_planner,payload_handover,compliance_shift,sparse_observation,0.637500,0.543312,0.181948,0.173381,0.076534,0.304199,0.074440,0.106049,0.149409,0.173737,0.156575,0.190948,0.106008,0.002247,0.001088,0.001141,0.000703,0.000864,0.000622,0.000803,0.000775,0.001124,0.001181,0.105534,80
active_probe_planner,payload_handover,contact_mode_flip,combined_stress,0.625000,0.511744,0.212756,0.202706,0.085902,0.314049,0.081316,0.119536,0.166918,0.194256,0.175989,0.086090,0.106757,0.002158,0.001047,0.001131,0.000608,0.000793,0.000581,0.000857,0.000935,0.001071,0.001137,0.106622,80
active_probe_planner,payload_handover,contact_mode_flip,hidden_mechanism,0.675000,0.539772,0.189081,0.176746,0.075249,0.305240,0.069879,0.098529,0.148666,0.169359,0.156004,0.223536,0.103285,0.002037,0.001154,0.001009,0.000651,0.000915,0.000638,0.000922,0.000780,0.000938,0.001066,0.103202,80
active_probe_planner,payload_handover,contact_mode_flip,in_distribution,0.562500,0.549526,0.175700,0.162549,0.070222,0.300672,0.064124,0.088806,0.138474,0.154969,0.144151,0.155960,0.109394,0.002517,0.001157,0.000990,0.000619,0.000903,0.000611,0.000968,0.000818,0.001005,0.001067,0.109715,80
active_probe_planner,payload_handover,contact_mode_flip,long_horizon,0.700000,0.539462,0.193907,0.187451,0.078621,0.303872,0.070215,0.100555,0.152367,0.172800,0.159840,0.229555,0.101054,0.002024,0.001188,0.001024,0.000620,0.000816,0.000682,0.000850,0.000950,0.001182,0.001209,0.101209,80
active_probe_planner,payload_handover,contact_mode_flip,sparse_observation,0.562500,0.515070,0.198967,0.186525,0.080689,0.312503,0.079089,0.114272,0.157376,0.184154,0.165676,0.064327,0.109394,0.002466,0.001158,0.001073,0.000662,0.000925,0.000638,0.000905,0.000887,0.001100,0.001145,0.109590,80
active_probe_planner,payload_handover,friction_shift,combined_stress,0.700000,0.552126,0.189049,0.185537,0.081065,0.303082,0.075862,0.108439,0.154928,0.180800,0.162848,0.231229,0.101054,0.002088,0.001368,0.000949,0.000635,0.000866,0.000634,0.000895,0.000847,0.001038,0.001074,0.100892,80
active_probe_planner,payload_handover,friction_shift,hidden_mechanism,0.675000,0.576781,0.163301,0.157442,0.069177,0.294045,0.063986,0.087613,0.134975,0.152807,0.141156,0.298756,0.103285,0.002472,0.001203,0.001125,0.000705,0.000811,0.000638,0.000933,0.000879,0.001101,0.000973,0.102875,80
active_probe_planner,payload_handover,friction_shift,in_distribution,0.675000,0.590432,0.152504,0.146918,0.064763,0.289029,0.058971,0.077482,0.126663,0.140525,0.131949,0.337732,0.103285,0.001911,0.001103,0.001106,0.000731,0.000947,0.000581,0.000866,0.000888,0.001162,0.001063,0.103314,80
active_probe_planner,payload_handover,friction_shift,long_horizon,0.687500,0.581402,0.169981,0.171252,0.072646,0.291735,0.065142,0.089279,0.141306,0.158480,0.147606,0.287950,0.102212,0.002337,0.001158,0.001049,0.000647,0.000825,0.000562,0.000987,0.000794,0.001106,0.001024,0.101872,80
active_probe_planner,payload_handover,friction_shift,sparse_observation,0.662500,0.554912,0.174933,0.167875,0.075216,0.302083,0.073198,0.103160,0.145574,0.169903,0.153081,0.236361,0.104273,0.002319,0.001125,0.001025,0.000732,0.000796,0.000714,0.000961,0.000859,0.001048,0.001077,0.104530,80
active_probe_planner,payload_handover,nominal,combined_stress,0.662500,0.588384,0.170995,0.170246,0.074721,0.293433,0.071482,0.099756,0.143523,0.167292,0.150880,0.255550,0.104273,0.002231,0.001124,0.001225,0.000757,0.000864,0.000623,0.000793,0.000887,0.001111,0.001241,0.104405,80
active_probe_planner,payload_handover,nominal,hidden_mechanism,0.762500,0.614017,0.145650,0.144327,0.063596,0.284744,0.060074,0.078469,0.123974,0.139850,0.129511,0.445017,0.093841,0.002479,0.001097,0.001143,0.000660,0.000849,0.000716,0.000862,0.000852,0.001110,0.001016,0.093687,80
active_probe_planner,payload_handover,nominal,in_distribution,0.800000,0.628704,0.133468,0.132485,0.058076,0.279737,0.055114,0.069206,0.116599,0.129404,0.121016,0.524504,0.088207,0.002111,0.001117,0.001176,0.000632,0.000786,0.000613,0.000891,0.000937,0.000964,0.001135,0.088534,80
active_probe_planner,payload_handover,nominal,long_horizon,0.737500,0.617210,0.151429,0.157284,0.066657,0.284037,0.061267,0.080479,0.129863,0.146251,0.135154,0.397863,0.097026,0.002071,0.000992,0.001052,0.000592,0.000781,0.000686,0.000986,0.000903,0.001080,0.001120,0.096818,80
active_probe_planner,payload_handover,nominal,sparse_observation,0.725000,0.593254,0.157782,0.155521,0.068786,0.292705,0.068885,0.094406,0.134763,0.157752,0.141435,0.357875,0.098464,0.002037,0.001048,0.000964,0.000617,0.000853,0.000576,0.000814,0.000846,0.001116,0.001156,0.098600,80
active_probe_planner,payload_handover,occlusion_persistence,combined_stress,0.650000,0.525414,0.202944,0.195302,0.083898,0.311593,0.080852,0.117570,0.162274,0.189929,0.170929,0.136996,0.105180,0.002310,0.001088,0.001184,0.000611,0.000835,0.000635,0.001007,0.000930,0.001185,0.001144,0.104789,80
active_probe_planner,payload_handover,occlusion_persistence,hidden_mechanism,0.650000,0.530760,0.182833,0.173340,0.073238,0.308377,0.075607,0.107177,0.145911,0.171056,0.153983,0.201987,0.105180,0.002376,0.001147,0.000969,0.000694,0.000677,0.000631,0.000830,0.000808,0.001124,0.000904,0.105366,80
active_probe_planner,payload_handover,occlusion_persistence,in_distribution,0.587500,0.543793,0.170607,0.160061,0.068792,0.303186,0.069953,0.097948,0.136424,0.158147,0.143393,0.182721,0.108557,0.001955,0.001100,0.001158,0.000587,0.000799,0.000608,0.000976,0.000957,0.001136,0.001201,0.108462,80
active_probe_planner,payload_handover,occlusion_persistence,long_horizon,0.687500,0.534158,0.188076,0.186313,0.077157,0.307029,0.075740,0.109210,0.151315,0.175912,0.158663,0.218054,0.102212,0.001879,0.001215,0.001114,0.000569,0.000945,0.000714,0.000898,0.000800,0.001032,0.000952,0.102440,80
active_probe_planner,payload_handover,occlusion_persistence,sparse_observation,0.562500,0.524226,0.190204,0.180705,0.078316,0.310108,0.079017,0.113178,0.153280,0.180802,0.162195,0.086132,0.109394,0.002326,0.001059,0.001073,0.000614,0.000971,0.000720,0.000895,0.000832,0.001127,0.001103,0.109408,80
active_probe_planner,payload_handover,payload_shift,combined_stress,0.575000,0.516222,0.205218,0.196715,0.085168,0.310663,0.080462,0.116242,0.164554,0.190605,0.173192,0.053640,0.109011,0.002140,0.001121,0.001166,0.000703,0.000818,0.000604,0.000838,0.000743,0.001041,0.000975,0.108813,80
active_probe_planner,payload_handover,payload_shift,hidden_mechanism,0.675000,0.541912,0.184420,0.171641,0.076674,0.302413,0.068731,0.095535,0.148569,0.167059,0.155645,0.233166,0.103285,0.002451,0.001107,0.001093,0.000606,0.000856,0.000710,0.000809,0.000835,0.000994,0.001216,0.103348,80
active_probe_planner,payload_handover,payload_shift,in_distribution,0.675000,0.553482,0.172564,0.158371,0.071785,0.297382,0.063284,0.086087,0.140166,0.156262,0.146030,0.275210,0.103285,0.001917,0.000963,0.001072,0.000693,0.000878,0.000628,0.000821,0.001025,0.001100,0.001182,0.103087,80
active_probe_planner,payload_handover,payload_shift,long_horizon,0.600000,0.546084,0.190173,0.183579,0.079922,0.301568,0.068922,0.098066,0.153717,0.172001,0.160665,0.137920,0.108031,0.002146,0.001072,0.001103,0.000694,0.000924,0.000729,0.000962,0.000936,0.001266,0.001112,0.108162,80
active_probe_planner,payload_handover,payload_shift,sparse_observation,0.662500,0.520766,0.195806,0.182561,0.082090,0.310451,0.076992,0.111482,0.158139,0.183731,0.166727,0.172611,0.104273,0.002002,0.001121,0.001164,0.000640,0.000871,0.000599,0.000849,0.000822,0.001034,0.000975,0.103970,80
active_probe_planner,peg_insert_with_lag,actuator_lag,combined_stress,0.525000,0.521960,0.205815,0.196878,0.085925,0.311586,0.080103,0.116498,0.164324,0.190840,0.172704,0.004133,0.110121,0.002023,0.001124,0.000988,0.000694,0.000769,0.000704,0.000888,0.000828,0.001060,0.001060,0.110336,80
active_probe_planner,peg_insert_with_lag,actuator_lag,hidden_mechanism,0.587500,0.547591,0.182932,0.171194,0.075563,0.302594,0.068328,0.096650,0.146932,0.166002,0.153174,0.151470,0.108557,0.002382,0.001182,0.001093,0.000694,0.000890,0.000687,0.000818,0.000834,0.001082,0.001035,0.108684,80
active_probe_planner,peg_insert_with_lag,actuator_lag,in_distribution,0.687500,0.560703,0.171959,0.159024,0.070634,0.298044,0.063145,0.085514,0.138807,0.154977,0.144340,0.292282,0.102212,0.002393,0.000912,0.001057,0.000707,0.000855,0.000627,0.000834,0.000853,0.001035,0.001132,0.102175,80
active_probe_planner,peg_insert_with_lag,actuator_lag,long_horizon,0.612500,0.552753,0.188787,0.183437,0.079315,0.301904,0.069839,0.097792,0.152535,0.171254,0.159261,0.154925,0.107431,0.002547,0.001099,0.001039,0.000669,0.000958,0.000708,0.000889,0.000911,0.001107,0.001167,0.107490,80
active_probe_planner,peg_insert_with_lag,actuator_lag,sparse_observation,0.587500,0.526005,0.193846,0.181398,0.081403,0.310046,0.077470,0.111773,0.157254,0.183107,0.165938,0.103195,0.108557,0.002337,0.001054,0.001043,0.000700,0.000920,0.000683,0.000891,0.000783,0.000992,0.001023,0.108689,80
active_probe_planner,peg_insert_with_lag,combined_hidden_mechanisms,combined_stress,0.562500,0.466612,0.227778,0.215738,0.089560,0.325623,0.085858,0.128763,0.174424,0.203008,0.184039,-0.032156,0.109394,0.002013,0.001107,0.001070,0.000701,0.000756,0.000597,0.000736,0.000772,0.000900,0.001042,0.109632,80
active_probe_planner,peg_insert_with_lag,combined_hidden_mechanisms,hidden_mechanism,0.512500,0.478716,0.219423,0.197486,0.086859,0.321229,0.080754,0.118331,0.168524,0.193930,0.177368,-0.043344,0.110224,0.002351,0.001120,0.001073,0.000648,0.001019,0.000619,0.000960,0.000831,0.000925,0.001031,0.110357,80
active_probe_planner,peg_insert_with_lag,combined_hidden_mechanisms,in_distribution,0.537500,0.492549,0.209763,0.185449,0.082196,0.317713,0.075512,0.108792,0.160473,0.182718,0.167945,0.020477,0.109948,0.002090,0.000889,0.001151,0.000601,0.000881,0.000639,0.000883,0.000956,0.001106,0.001311,0.110076,80
active_probe_planner,peg_insert_with_lag,combined_hidden_mechanisms,long_horizon,0.525000,0.479364,0.224433,0.211342,0.088446,0.322058,0.081495,0.120139,0.171717,0.197041,0.180769,-0.050762,0.110121,0.002054,0.000977,0.001055,0.000686,0.000945,0.000627,0.000868,0.000901,0.001187,0.001113,0.109865,80
active_probe_planner,peg_insert_with_lag,combined_hidden_mechanisms,sparse_observation,0.612500,0.470292,0.224438,0.203962,0.088456,0.325657,0.084664,0.125740,0.172600,0.201369,0.181889,0.034920,0.107431,0.002087,0.001084,0.001054,0.000633,0.000751,0.000745,0.000917,0.000998,0.001295,0.001288,0.107621,80
active_probe_planner,peg_insert_with_lag,compliance_shift,combined_stress,0.587500,0.536393,0.199320,0.192836,0.083725,0.309174,0.077836,0.113789,0.160438,0.186731,0.169101,0.087953,0.108557,0.002110,0.001104,0.001202,0.000675,0.000897,0.000747,0.000826,0.000958,0.001283,0.001139,0.108612,80
active_probe_planner,peg_insert_with_lag,compliance_shift,hidden_mechanism,0.625000,0.560773,0.175444,0.164921,0.072228,0.300184,0.066326,0.091683,0.141719,0.160315,0.148295,0.214868,0.106757,0.002031,0.001040,0.000992,0.000681,0.000822,0.000575,0.000910,0.000850,0.001076,0.001079,0.106541,80
active_probe_planner,peg_insert_with_lag,compliance_shift,in_distribution,0.687500,0.571996,0.162216,0.152065,0.067431,0.294368,0.061335,0.083196,0.133516,0.149262,0.138862,0.319806,0.102212,0.002096,0.001038,0.001060,0.000620,0.001021,0.000705,0.000748,0.000882,0.001097,0.001146,0.102107,80
active_probe_planner,peg_insert_with_lag,compliance_shift,long_horizon,0.537500,0.564563,0.181012,0.178431,0.075318,0.298097,0.067428,0.093690,0.147372,0.165824,0.154188,0.105764,0.109948,0.001907,0.000989,0.001205,0.000661,0.000892,0.000641,0.000887,0.000924,0.001096,0.001053,0.109856,80
active_probe_planner,peg_insert_with_lag,compliance_shift,sparse_observation,0.487500,0.541026,0.185845,0.176232,0.077654,0.306659,0.075344,0.107894,0.152445,0.176844,0.159908,0.029647,0.110224,0.002245,0.001086,0.001205,0.000675,0.000979,0.000632,0.000771,0.000894,0.001017,0.001113,0.110366,80
active_probe_planner,peg_insert_with_lag,contact_mode_flip,combined_stress,0.550000,0.510971,0.215590,0.204518,0.086710,0.317176,0.081839,0.120724,0.168511,0.196351,0.177405,0.003479,0.109706,0.002006,0.001154,0.001151,0.000666,0.000911,0.000675,0.000857,0.000860,0.001012,0.001065,0.109952,80
active_probe_planner,peg_insert_with_lag,contact_mode_flip,hidden_mechanism,0.587500,0.532276,0.192308,0.179178,0.075752,0.307308,0.071029,0.099495,0.149762,0.170127,0.156779,0.125957,0.108557,0.002333,0.001142,0.001271,0.000555,0.000849,0.000622,0.000938,0.000814,0.000981,0.000970,0.108335,80
active_probe_planner,peg_insert_with_lag,contact_mode_flip,in_distribution,0.575000,0.544949,0.179452,0.166600,0.071481,0.303349,0.064871,0.091212,0.140481,0.157478,0.147172,0.155999,0.109011,0.002235,0.001024,0.001124,0.000601,0.000942,0.000725,0.000916,0.000752,0.000945,0.001032,0.108911,80
active_probe_planner,peg_insert_with_lag,contact_mode_flip,long_horizon,0.687500,0.536333,0.197924,0.191672,0.079507,0.306635,0.071394,0.101963,0.154518,0.174301,0.161928,0.204949,0.102212,0.002341,0.001158,0.001023,0.000599,0.000899,0.000521,0.000856,0.001010,0.001286,0.001215,0.102220,80
active_probe_planner,peg_insert_with_lag,contact_mode_flip,sparse_observation,0.612500,0.509312,0.202586,0.190446,0.081837,0.315000,0.080074,0.115433,0.159242,0.185794,0.168196,0.102069,0.107431,0.002630,0.001082,0.001170,0.000598,0.000874,0.000628,0.001017,0.000908,0.001134,0.000930,0.107181,80
active_probe_planner,peg_insert_with_lag,friction_shift,combined_stress,0.600000,0.548198,0.190878,0.187542,0.081351,0.305652,0.076233,0.109894,0.156481,0.181709,0.164156,0.124089,0.108031,0.001973,0.001094,0.001002,0.000711,0.000895,0.000697,0.000955,0.000938,0.001083,0.001124,0.108281,80
active_probe_planner,peg_insert_with_lag,friction_shift,hidden_mechanism,0.675000,0.572755,0.166660,0.160795,0.069990,0.296812,0.064392,0.089244,0.136976,0.155160,0.142748,0.288171,0.103285,0.002018,0.001094,0.001099,0.000692,0.000784,0.000663,0.000895,0.000957,0.001143,0.001147,0.103161,80
active_probe_planner,peg_insert_with_lag,friction_shift,in_distribution,0.787500,0.584385,0.155169,0.147836,0.064600,0.291389,0.059594,0.079594,0.128604,0.143401,0.133127,0.442470,0.090208,0.002202,0.001062,0.001042,0.000594,0.000856,0.000640,0.000850,0.001001,0.001324,0.001231,0.090192,80
active_probe_planner,peg_insert_with_lag,friction_shift,long_horizon,0.687500,0.573803,0.172311,0.172817,0.073562,0.296025,0.065670,0.090974,0.142545,0.160140,0.148497,0.278337,0.102212,0.002173,0.001056,0.001082,0.000713,0.000797,0.000749,0.000902,0.000932,0.001161,0.001171,0.102169,80
active_probe_planner,peg_insert_with_lag,friction_shift,sparse_observation,0.550000,0.550917,0.178723,0.171579,0.075598,0.304234,0.074021,0.104375,0.146573,0.171237,0.154799,0.113754,0.109706,0.001982,0.001073,0.001137,0.000744,0.001024,0.000693,0.000876,0.000904,0.001282,0.001127,0.109931,80
active_probe_planner,peg_insert_with_lag,nominal,combined_stress,0.662500,0.585792,0.173003,0.173781,0.075118,0.296490,0.072522,0.101669,0.145610,0.168934,0.152751,0.246450,0.104273,0.002511,0.001008,0.001145,0.000651,0.000912,0.000712,0.000845,0.000966,0.001351,0.001176,0.104170,80
active_probe_planner,peg_insert_with_lag,nominal,hidden_mechanism,0.775000,0.609270,0.148426,0.147497,0.064413,0.287796,0.060756,0.081476,0.125175,0.141759,0.130600,0.447365,0.092084,0.002089,0.001044,0.001077,0.000650,0.000870,0.000614,0.000907,0.001001,0.001201,0.001288,0.092143,80
active_probe_planner,peg_insert_with_lag,nominal,in_distribution,0.800000,0.624620,0.137678,0.134569,0.058780,0.282811,0.055732,0.071124,0.117377,0.130633,0.121961,0.514740,0.088207,0.001898,0.001094,0.000883,0.000730,0.000821,0.000601,0.000871,0.000931,0.001058,0.001193,0.088530,80
active_probe_planner,peg_insert_with_lag,nominal,long_horizon,0.725000,0.613816,0.153272,0.158687,0.068018,0.286250,0.062116,0.083066,0.131542,0.147464,0.137222,0.377274,0.098464,0.002096,0.001110,0.001222,0.000653,0.000835,0.000581,0.000817,0.000872,0.001064,0.001156,0.098559,80
active_probe_planner,peg_insert_with_lag,nominal,sparse_observation,0.700000,0.588353,0.160548,0.157651,0.069180,0.294796,0.069391,0.096360,0.135451,0.157426,0.142582,0.324859,0.101054,0.002257,0.001100,0.001070,0.000682,0.000881,0.000731,0.000840,0.000873,0.001030,0.001123,0.100965,80
active_probe_planner,peg_insert_with_lag,occlusion_persistence,combined_stress,0.650000,0.518032,0.206460,0.198864,0.085039,0.314293,0.081947,0.119010,0.163828,0.191231,0.172651,0.124591,0.105180,0.002467,0.001040,0.000887,0.000672,0.000822,0.000599,0.001009,0.000990,0.001148,0.001146,0.105070,80
active_probe_planner,peg_insert_with_lag,occlusion_persistence,hidden_mechanism,0.562500,0.526675,0.186126,0.175767,0.074661,0.309713,0.075900,0.108788,0.147934,0.173406,0.155439,0.104506,0.109394,0.002087,0.001057,0.001022,0.000633,0.000822,0.000732,0.000791,0.000905,0.001191,0.001072,0.109135,80
active_probe_planner,peg_insert_with_lag,occlusion_persistence,in_distribution,0.650000,0.540081,0.173581,0.163938,0.068762,0.305557,0.071432,0.098644,0.139611,0.161575,0.146208,0.234541,0.105180,0.002415,0.001169,0.001016,0.000730,0.000844,0.000645,0.000697,0.000925,0.001034,0.001173,0.105198,80
active_probe_planner,peg_insert_with_lag,occlusion_persistence,long_horizon,0.450000,0.531656,0.191067,0.188685,0.078477,0.309377,0.077361,0.111405,0.152651,0.177937,0.160789,-0.029159,0.109706,0.002235,0.001059,0.001129,0.000624,0.000965,0.000546,0.000736,0.000763,0.001021,0.000955,0.109471,80
active_probe_planner,peg_insert_with_lag,occlusion_persistence,sparse_observation,0.637500,0.519204,0.195565,0.183485,0.078342,0.313431,0.079529,0.115221,0.155304,0.182337,0.163617,0.149319,0.106008,0.002289,0.001068,0.001135,0.000675,0.000844,0.000673,0.000898,0.000826,0.001129,0.001025,0.106244,80
active_probe_planner,peg_insert_with_lag,payload_shift,combined_stress,0.687500,0.510007,0.209476,0.200061,0.086573,0.314540,0.080528,0.118202,0.166727,0.192553,0.175011,0.153042,0.102212,0.002167,0.001241,0.001052,0.000600,0.000803,0.000627,0.000868,0.000896,0.001066,0.001226,0.102369,80
active_probe_planner,peg_insert_with_lag,payload_shift,hidden_mechanism,0.475000,0.538442,0.187471,0.174328,0.077684,0.304994,0.069028,0.096967,0.150603,0.169585,0.157292,0.023500,0.110121,0.001939,0.000950,0.001074,0.000609,0.000803,0.000602,0.000970,0.000931,0.001186,0.001173,0.109938,80
active_probe_planner,peg_insert_with_lag,payload_shift,in_distribution,0.687500,0.549260,0.176210,0.161668,0.072075,0.300534,0.063933,0.087979,0.141905,0.157768,0.147766,0.277256,0.102212,0.002076,0.001001,0.001247,0.000675,0.000730,0.000659,0.000835,0.000773,0.001140,0.001096,0.101873,80
active_probe_planner,peg_insert_with_lag,payload_shift,long_horizon,0.637500,0.543798,0.193748,0.187291,0.080355,0.303760,0.070069,0.099136,0.156057,0.174818,0.163448,0.165015,0.106008,0.002226,0.001024,0.001050,0.000632,0.000858,0.000559,0.000878,0.000810,0.001105,0.001140,0.105947,80
active_probe_planner,peg_insert_with_lag,payload_shift,sparse_observation,0.612500,0.515485,0.199726,0.185206,0.082601,0.312256,0.078427,0.112694,0.160149,0.185837,0.167960,0.111764,0.107431,0.002129,0.001074,0.001053,0.000652,0.000837,0.000708,0.000876,0.000873,0.001144,0.001017,0.107389,80
causal_query_repair,cluttered_navigation_grasp,actuator_lag,combined_stress,0.612500,0.552611,0.182437,0.181500,0.079580,0.282699,0.075798,0.134673,0.148800,0.178238,0.155903,0.159509,0.107431,0.002088,0.001185,0.001061,0.000666,0.001029,0.000576,0.000870,0.000936,0.001139,0.001174,0.107864,80
causal_query_repair,cluttered_navigation_grasp,actuator_lag,hidden_mechanism,0.675000,0.577468,0.161267,0.157327,0.069795,0.273834,0.064862,0.112861,0.133132,0.155725,0.138245,0.302022,0.103285,0.002196,0.000924,0.001017,0.000508,0.001041,0.000584,0.001037,0.000779,0.001125,0.001026,0.103236,80
causal_query_repair,cluttered_navigation_grasp,actuator_lag,in_distribution,0.762500,0.589632,0.150997,0.144572,0.065052,0.268291,0.059728,0.102704,0.125704,0.144622,0.129952,0.429256,0.093841,0.002125,0.001017,0.001229,0.000725,0.000866,0.000604,0.000835,0.000887,0.001200,0.000977,0.093573,80
causal_query_repair,cluttered_navigation_grasp,actuator_lag,long_horizon,0.637500,0.581075,0.166060,0.168829,0.073240,0.272548,0.065428,0.115439,0.137239,0.159573,0.142433,0.245686,0.106008,0.002129,0.000940,0.001089,0.000598,0.000938,0.000665,0.000915,0.000958,0.001131,0.001197,0.106201,80
causal_query_repair,cluttered_navigation_grasp,actuator_lag,sparse_observation,0.650000,0.556173,0.172035,0.167660,0.075559,0.280637,0.073374,0.129363,0.142488,0.171106,0.148579,0.229836,0.105180,0.002335,0.001020,0.001252,0.000687,0.000940,0.000670,0.000776,0.000897,0.001181,0.001077,0.104941,80
causal_query_repair,cluttered_navigation_grasp,combined_hidden_mechanisms,combined_stress,0.600000,0.506950,0.203274,0.198258,0.083735,0.292941,0.081624,0.148088,0.158425,0.190965,0.165635,0.079819,0.108031,0.001968,0.001050,0.001023,0.000635,0.000815,0.000772,0.000822,0.000815,0.001119,0.001035,0.108454,80
causal_query_repair,cluttered_navigation_grasp,combined_hidden_mechanisms,hidden_mechanism,0.537500,0.515774,0.196883,0.180966,0.080354,0.290491,0.076087,0.137164,0.152834,0.181012,0.158862,0.052725,0.109948,0.002118,0.000942,0.001234,0.000719,0.000939,0.000584,0.000867,0.000754,0.001105,0.000881,0.109899,80
causal_query_repair,cluttered_navigation_grasp,combined_hidden_mechanisms,in_distribution,0.587500,0.527423,0.187351,0.170416,0.075801,0.287125,0.071094,0.128159,0.144261,0.169629,0.149403,0.139458,0.108557,0.002148,0.001086,0.001155,0.000709,0.000845,0.000745,0.000930,0.000878,0.001124,0.001201,0.108706,80
causal_query_repair,cluttered_navigation_grasp,combined_hidden_mechanisms,long_horizon,0.612500,0.519279,0.200424,0.194514,0.082310,0.289533,0.076909,0.139530,0.155778,0.184284,0.162919,0.110525,0.107431,0.002300,0.001101,0.001111,0.000622,0.000991,0.000594,0.000840,0.000895,0.001079,0.001095,0.107158,80
causal_query_repair,cluttered_navigation_grasp,combined_hidden_mechanisms,sparse_observation,0.512500,0.505919,0.201125,0.188752,0.082280,0.293496,0.080219,0.145372,0.156027,0.187808,0.164209,0.005559,0.110224,0.001886,0.001138,0.000954,0.000521,0.000778,0.000656,0.000821,0.000961,0.001195,0.001195,0.110161,80
causal_query_repair,cluttered_navigation_grasp,compliance_shift,combined_stress,0.612500,0.566628,0.177169,0.176967,0.077972,0.278633,0.074130,0.130407,0.145847,0.174759,0.151529,0.179209,0.107431,0.002023,0.001116,0.001165,0.000688,0.000926,0.000641,0.000802,0.000867,0.001094,0.001055,0.107066,80
causal_query_repair,cluttered_navigation_grasp,compliance_shift,hidden_mechanism,0.637500,0.590132,0.153190,0.151129,0.066490,0.269815,0.064182,0.108818,0.126678,0.148948,0.131299,0.291075,0.106008,0.002031,0.000995,0.001164,0.000593,0.000874,0.000743,0.000921,0.000874,0.001142,0.001171,0.106297,80
causal_query_repair,cluttered_navigation_grasp,compliance_shift,in_distribution,0.750000,0.603003,0.142257,0.138732,0.062290,0.265682,0.058415,0.098707,0.119681,0.138132,0.123736,0.442943,0.095487,0.002284,0.001189,0.000995,0.000704,0.000908,0.000760,0.000835,0.000963,0.001147,0.001010,0.095165,80
causal_query_repair,cluttered_navigation_grasp,compliance_shift,long_horizon,0.725000,0.594276,0.158153,0.163597,0.069968,0.268611,0.063413,0.111290,0.132467,0.153938,0.137567,0.358618,0.098464,0.002185,0.000998,0.001017,0.000641,0.000920,0.000721,0.000874,0.000720,0.000968,0.000981,0.098260,80
causal_query_repair,cluttered_navigation_grasp,compliance_shift,sparse_observation,0.550000,0.567665,0.163950,0.162530,0.071791,0.277929,0.071465,0.125357,0.136518,0.164370,0.142242,0.155605,0.109706,0.002404,0.001011,0.001026,0.000689,0.000903,0.000682,0.000833,0.000986,0.001139,0.001187,0.110010,80
causal_query_repair,cluttered_navigation_grasp,contact_mode_flip,combined_stress,0.625000,0.538469,0.192557,0.189296,0.080622,0.286150,0.078475,0.139723,0.152069,0.183067,0.159208,0.145133,0.106757,0.001921,0.001022,0.001071,0.000664,0.000867,0.000673,0.000763,0.000851,0.001057,0.001072,0.106795,80
causal_query_repair,cluttered_navigation_grasp,contact_mode_flip,hidden_mechanism,0.637500,0.563188,0.170099,0.163481,0.070258,0.277510,0.067522,0.116972,0.134930,0.158642,0.139882,0.241742,0.106008,0.002317,0.001148,0.001136,0.000755,0.000792,0.000778,0.000891,0.000772,0.001016,0.000905,0.105970,80
causal_query_repair,cluttered_navigation_grasp,contact_mode_flip,in_distribution,0.725000,0.575904,0.158163,0.152123,0.065899,0.272732,0.061869,0.107003,0.126572,0.146529,0.130934,0.369811,0.098464,0.002236,0.001114,0.001014,0.000682,0.000909,0.000673,0.000923,0.000758,0.001031,0.000956,0.098502,80
causal_query_repair,cluttered_navigation_grasp,contact_mode_flip,long_horizon,0.712500,0.568993,0.175752,0.177476,0.073677,0.276665,0.067662,0.119700,0.139944,0.163306,0.145233,0.295433,0.099805,0.001950,0.001156,0.001003,0.000650,0.000960,0.000638,0.000873,0.000854,0.001038,0.001127,0.099559,80
causal_query_repair,cluttered_navigation_grasp,contact_mode_flip,sparse_observation,0.600000,0.544774,0.180721,0.174627,0.074922,0.284744,0.076210,0.134243,0.143001,0.172924,0.149680,0.159137,0.108031,0.002473,0.001150,0.001171,0.000636,0.000708,0.000710,0.000892,0.000816,0.001196,0.001007,0.108045,80
causal_query_repair,cluttered_navigation_grasp,friction_shift,combined_stress,0.650000,0.575654,0.169962,0.172713,0.075733,0.275329,0.072474,0.126926,0.142000,0.170007,0.148505,0.237122,0.105180,0.001824,0.001070,0.001202,0.000655,0.000850,0.000652,0.000975,0.000859,0.001131,0.001180,0.105418,80
causal_query_repair,cluttered_navigation_grasp,friction_shift,hidden_mechanism,0.750000,0.599108,0.146408,0.146036,0.064571,0.267598,0.061362,0.105088,0.123496,0.144587,0.127729,0.423824,0.095487,0.002229,0.001033,0.001209,0.000583,0.000790,0.000604,0.000937,0.000949,0.001206,0.001130,0.095486,80
causal_query_repair,cluttered_navigation_grasp,friction_shift,in_distribution,0.712500,0.613113,0.135505,0.134427,0.059775,0.263188,0.056398,0.094889,0.115489,0.133218,0.118755,0.426375,0.099805,0.002161,0.000947,0.001102,0.000702,0.000795,0.000736,0.000981,0.000941,0.001143,0.001165,0.100056,80
causal_query_repair,cluttered_navigation_grasp,friction_shift,long_horizon,0.675000,0.603966,0.151283,0.159059,0.067374,0.266761,0.062854,0.107180,0.127994,0.148744,0.132691,0.329038,0.103285,0.002355,0.001064,0.001250,0.000636,0.000829,0.000598,0.000880,0.000927,0.001232,0.001087,0.102957,80
causal_query_repair,cluttered_navigation_grasp,friction_shift,sparse_observation,0.700000,0.580695,0.156720,0.156802,0.069531,0.274685,0.070167,0.120985,0.131639,0.158910,0.136843,0.329200,0.101054,0.002165,0.001029,0.001101,0.000714,0.000838,0.000653,0.000877,0.000885,0.001021,0.001046,0.100703,80
causal_query_repair,cluttered_navigation_grasp,nominal,combined_stress,0.625000,0.611801,0.151900,0.159270,0.070285,0.268179,0.068862,0.117571,0.130398,0.157632,0.135352,0.270627,0.106757,0.002162,0.000965,0.001193,0.000582,0.000876,0.000662,0.000889,0.000815,0.001154,0.000977,0.106812,80
causal_query_repair,cluttered_navigation_grasp,nominal,hidden_mechanism,0.725000,0.635814,0.128860,0.133570,0.058859,0.259100,0.058445,0.095708,0.111873,0.132300,0.116127,0.456609,0.098464,0.002232,0.001150,0.001066,0.000638,0.000893,0.000628,0.000880,0.000885,0.001216,0.000957,0.098476,80
causal_query_repair,cluttered_navigation_grasp,nominal,in_distribution,0.775000,0.648825,0.117519,0.120869,0.053856,0.254578,0.052893,0.084264,0.104405,0.120573,0.107613,0.548050,0.092084,0.002462,0.001155,0.001178,0.000568,0.000961,0.000606,0.000777,0.000809,0.000890,0.001134,0.091756,80
causal_query_repair,cluttered_navigation_grasp,nominal,long_horizon,0.800000,0.636965,0.133986,0.145566,0.061870,0.259058,0.059131,0.097607,0.116876,0.136063,0.120687,0.510826,0.088207,0.002167,0.001154,0.000939,0.000625,0.000717,0.000653,0.000884,0.000788,0.001002,0.001086,0.088403,80
causal_query_repair,cluttered_navigation_grasp,nominal,sparse_observation,0.712500,0.613561,0.139031,0.143880,0.064421,0.267047,0.066396,0.111257,0.122234,0.148017,0.127115,0.396884,0.099805,0.002117,0.000969,0.001038,0.000649,0.000838,0.000677,0.000935,0.000961,0.001293,0.001136,0.099792,80
causal_query_repair,cluttered_navigation_grasp,occlusion_persistence,combined_stress,0.700000,0.549098,0.184487,0.183530,0.079443,0.283676,0.078285,0.138241,0.148820,0.180127,0.155759,0.240128,0.101054,0.002250,0.001077,0.001176,0.000716,0.000881,0.000601,0.000892,0.001081,0.001360,0.001190,0.101388,80
causal_query_repair,cluttered_navigation_grasp,occlusion_persistence,hidden_mechanism,0.637500,0.555858,0.164761,0.161369,0.068621,0.279739,0.072428,0.126814,0.133308,0.161166,0.139649,0.243279,0.106008,0.002320,0.001055,0.001010,0.000596,0.000862,0.000656,0.001018,0.000820,0.001089,0.001212,0.105737,80
causal_query_repair,cluttered_navigation_grasp,occlusion_persistence,in_distribution,0.712500,0.570525,0.152576,0.149226,0.064655,0.275577,0.066878,0.115476,0.125543,0.150806,0.130585,0.359594,0.099805,0.002092,0.001113,0.000974,0.000728,0.000886,0.000652,0.000893,0.000753,0.000939,0.000962,0.099895,80
causal_query_repair,cluttered_navigation_grasp,occlusion_persistence,long_horizon,0.662500,0.559447,0.169068,0.174182,0.072257,0.280004,0.073191,0.128118,0.137898,0.165782,0.144927,0.248036,0.104273,0.002204,0.001201,0.001144,0.000601,0.001007,0.000604,0.000844,0.000785,0.001083,0.001148,0.104107,80
causal_query_repair,cluttered_navigation_grasp,occlusion_persistence,sparse_observation,0.587500,0.551098,0.172494,0.169059,0.072822,0.282767,0.075964,0.133825,0.139829,0.170186,0.146355,0.165744,0.108557,0.002133,0.001045,0.001137,0.000681,0.000874,0.000637,0.000854,0.000860,0.001090,0.001139,0.108257,80
causal_query_repair,cluttered_navigation_grasp,payload_shift,combined_stress,0.687500,0.544170,0.185999,0.184295,0.080464,0.283664,0.076038,0.136663,0.150738,0.180561,0.157676,0.223197,0.102212,0.002255,0.001116,0.001038,0.000618,0.000983,0.000617,0.000747,0.000797,0.001135,0.001083,0.102312,80
causal_query_repair,cluttered_navigation_grasp,payload_shift,hidden_mechanism,0.675000,0.569335,0.167078,0.159604,0.071906,0.275245,0.065464,0.114165,0.134972,0.157177,0.140181,0.287730,0.103285,0.001922,0.001101,0.001092,0.000671,0.000961,0.000703,0.000942,0.000754,0.001043,0.000989,0.103199,80
causal_query_repair,cluttered_navigation_grasp,payload_shift,in_distribution,0.700000,0.581875,0.154510,0.147553,0.066883,0.270161,0.060371,0.104363,0.126687,0.145576,0.130711,0.354769,0.101054,0.002173,0.001178,0.001156,0.000622,0.000787,0.000635,0.000924,0.000962,0.001088,0.001225,0.100962,80
causal_query_repair,cluttered_navigation_grasp,payload_shift,long_horizon,0.700000,0.573435,0.171453,0.172175,0.074195,0.275038,0.066512,0.117191,0.140093,0.161886,0.145207,0.293505,0.101054,0.002221,0.001154,0.001104,0.000683,0.000958,0.000645,0.000882,0.000785,0.001050,0.001017,0.101037,80
causal_query_repair,cluttered_navigation_grasp,payload_shift,sparse_observation,0.675000,0.548186,0.178119,0.169659,0.076567,0.282511,0.073951,0.130139,0.144741,0.173563,0.152050,0.241435,0.103285,0.002229,0.001190,0.001236,0.000612,0.000867,0.000576,0.000815,0.000860,0.001178,0.001217,0.103402,80
causal_query_repair,deformable_bin_pick,actuator_lag,combined_stress,0.550000,0.557924,0.181287,0.178896,0.079174,0.281848,0.076053,0.134337,0.148232,0.178284,0.155565,0.102879,0.109706,0.002336,0.000901,0.001080,0.000709,0.000826,0.000620,0.000869,0.000963,0.001079,0.001174,0.109442,80
causal_query_repair,deformable_bin_pick,actuator_lag,hidden_mechanism,0.650000,0.581081,0.160485,0.153793,0.069713,0.273532,0.064610,0.112852,0.132185,0.154701,0.137326,0.282646,0.105180,0.002363,0.001012,0.000934,0.000650,0.001018,0.000630,0.000831,0.000797,0.001011,0.001100,0.105126,80
causal_query_repair,deformable_bin_pick,actuator_lag,in_distribution,0.725000,0.592825,0.148219,0.142875,0.065099,0.268907,0.059773,0.101734,0.123991,0.143102,0.128352,0.397752,0.098464,0.002501,0.001117,0.000999,0.000693,0.000808,0.000624,0.000982,0.000888,0.001150,0.001211,0.098564,80
causal_query_repair,deformable_bin_pick,actuator_lag,long_horizon,0.737500,0.585505,0.165250,0.166860,0.072657,0.272967,0.066503,0.114689,0.137159,0.159870,0.143066,0.349581,0.097026,0.002348,0.001051,0.000955,0.000628,0.000890,0.000620,0.000805,0.000896,0.001156,0.001096,0.097102,80
causal_query_repair,deformable_bin_pick,actuator_lag,sparse_observation,0.750000,0.557254,0.170576,0.165492,0.074776,0.280260,0.073187,0.128509,0.141906,0.170909,0.147695,0.334818,0.095487,0.002427,0.001149,0.001177,0.000722,0.000944,0.000634,0.000852,0.000819,0.001047,0.001005,0.095589,80
causal_query_repair,deformable_bin_pick,combined_hidden_mechanisms,combined_stress,0.562500,0.505897,0.202872,0.198320,0.082600,0.293131,0.081572,0.148341,0.158265,0.190160,0.165750,0.043498,0.109394,0.002145,0.001129,0.001061,0.000746,0.000885,0.000682,0.000867,0.000804,0.001212,0.001034,0.109716,80
causal_query_repair,deformable_bin_pick,combined_hidden_mechanisms,hidden_mechanism,0.525000,0.516885,0.195516,0.180300,0.080656,0.290804,0.076392,0.136671,0.152377,0.180613,0.159125,0.042195,0.110121,0.002037,0.001044,0.001141,0.000712,0.000792,0.000634,0.000941,0.000881,0.001297,0.001169,0.110444,80
causal_query_repair,deformable_bin_pick,combined_hidden_mechanisms,in_distribution,0.637500,0.527538,0.183843,0.170755,0.075900,0.287482,0.071489,0.127749,0.144570,0.170476,0.150804,0.191921,0.106008,0.002190,0.001188,0.000993,0.000624,0.000798,0.000633,0.000782,0.000825,0.001071,0.001109,0.106232,80
causal_query_repair,deformable_bin_pick,combined_hidden_mechanisms,long_horizon,0.562500,0.517959,0.199213,0.193827,0.081636,0.291196,0.076717,0.138868,0.155443,0.183722,0.162003,0.062384,0.109394,0.002090,0.000813,0.001091,0.000575,0.000703,0.000632,0.000876,0.000915,0.001135,0.001087,0.109408,80
causal_query_repair,deformable_bin_pick,combined_hidden_mechanisms,sparse_observation,0.600000,0.505635,0.200405,0.187649,0.082317,0.293532,0.080191,0.144582,0.155167,0.187053,0.162704,0.095158,0.108031,0.001918,0.001169,0.001072,0.000621,0.000912,0.000632,0.000838,0.000699,0.001089,0.000938,0.107790,80
causal_query_repair,deformable_bin_pick,compliance_shift,combined_stress,0.700000,0.567072,0.174377,0.175992,0.077245,0.278780,0.074462,0.130804,0.144479,0.173264,0.150627,0.271525,0.101054,0.002110,0.001070,0.001076,0.000601,0.000739,0.000633,0.001062,0.000876,0.001150,0.001177,0.100592,80
causal_query_repair,deformable_bin_pick,compliance_shift,hidden_mechanism,0.600000,0.592697,0.151847,0.148585,0.066138,0.270941,0.062466,0.108063,0.126012,0.147703,0.131132,0.259203,0.108031,0.002252,0.001009,0.001035,0.000670,0.000944,0.000648,0.000935,0.000850,0.001152,0.001001,0.108149,80
causal_query_repair,deformable_bin_pick,compliance_shift,in_distribution,0.750000,0.605802,0.139988,0.135963,0.061262,0.265938,0.056969,0.097633,0.118358,0.136436,0.121785,0.450986,0.095487,0.002107,0.001145,0.001088,0.000604,0.000989,0.000687,0.000846,0.000903,0.001202,0.001105,0.095405,80
causal_query_repair,deformable_bin_pick,compliance_shift,long_horizon,0.700000,0.595838,0.156121,0.162626,0.069474,0.269291,0.063334,0.109642,0.131675,0.153564,0.136632,0.337970,0.101054,0.001939,0.001160,0.001129,0.000597,0.000878,0.000655,0.000843,0.000846,0.001109,0.001070,0.100668,80
causal_query_repair,deformable_bin_pick,compliance_shift,sparse_observation,0.587500,0.572538,0.162683,0.160395,0.071511,0.277789,0.071963,0.123594,0.135482,0.163006,0.141048,0.198676,0.108557,0.002157,0.001167,0.001147,0.000568,0.000918,0.000594,0.000835,0.000900,0.001153,0.001206,0.108346,80
causal_query_repair,deformable_bin_pick,contact_mode_flip,combined_stress,0.625000,0.542202,0.189221,0.187763,0.080336,0.287028,0.078028,0.139674,0.151281,0.182144,0.158718,0.151458,0.106757,0.002173,0.001023,0.001252,0.000600,0.000915,0.000747,0.000880,0.000839,0.000964,0.001091,0.106591,80
causal_query_repair,deformable_bin_pick,contact_mode_flip,hidden_mechanism,0.700000,0.566034,0.167625,0.161715,0.070368,0.277073,0.066547,0.116397,0.133229,0.156778,0.138872,0.310610,0.101054,0.002463,0.000962,0.001107,0.000687,0.000947,0.000698,0.000715,0.000842,0.001161,0.001208,0.101105,80
causal_query_repair,deformable_bin_pick,contact_mode_flip,in_distribution,0.737500,0.579477,0.156914,0.149529,0.064763,0.273076,0.061629,0.106266,0.125666,0.145861,0.130393,0.388645,0.097026,0.002317,0.001156,0.001157,0.000741,0.000794,0.000688,0.000967,0.000766,0.001062,0.000848,0.097018,80
causal_query_repair,deformable_bin_pick,contact_mode_flip,long_horizon,0.637500,0.570922,0.172971,0.175454,0.072690,0.276326,0.067734,0.119117,0.139307,0.162733,0.144597,0.226848,0.106008,0.001925,0.001245,0.001087,0.000698,0.000930,0.000585,0.000886,0.000962,0.001277,0.001167,0.106058,80
causal_query_repair,deformable_bin_pick,contact_mode_flip,sparse_observation,0.637500,0.545533,0.178922,0.173130,0.075420,0.284636,0.075049,0.133591,0.143435,0.172791,0.150632,0.199706,0.106008,0.002073,0.001019,0.001219,0.000666,0.000949,0.000674,0.000916,0.000898,0.001090,0.001097,0.106003,80
causal_query_repair,deformable_bin_pick,friction_shift,combined_stress,0.675000,0.579239,0.167163,0.170077,0.075586,0.275966,0.072575,0.127384,0.141083,0.169241,0.147548,0.268376,0.103285,0.002189,0.001089,0.000943,0.000636,0.000977,0.000626,0.000905,0.000920,0.001150,0.001123,0.103211,80
causal_query_repair,deformable_bin_pick,friction_shift,hidden_mechanism,0.737500,0.602420,0.144086,0.143466,0.064521,0.267465,0.061061,0.103993,0.123031,0.144270,0.127659,0.417363,0.097026,0.002116,0.001204,0.001161,0.000615,0.000871,0.000620,0.000768,0.000867,0.001072,0.001059,0.097239,80
causal_query_repair,deformable_bin_pick,friction_shift,in_distribution,0.650000,0.614719,0.133002,0.132726,0.059406,0.262679,0.056143,0.094100,0.114501,0.132707,0.118198,0.369519,0.105180,0.002278,0.001133,0.001127,0.000717,0.000797,0.000634,0.000864,0.000851,0.001102,0.000877,0.105032,80
causal_query_repair,deformable_bin_pick,friction_shift,long_horizon,0.687500,0.605634,0.151241,0.157333,0.066745,0.266393,0.062228,0.107058,0.127581,0.148561,0.131812,0.344888,0.102212,0.002101,0.001150,0.001030,0.000718,0.000854,0.000631,0.000984,0.000860,0.001066,0.001089,0.102310,80
causal_query_repair,deformable_bin_pick,friction_shift,sparse_observation,0.675000,0.582418,0.154019,0.155387,0.068920,0.274672,0.070277,0.120584,0.131151,0.158686,0.137024,0.309353,0.103285,0.002051,0.001087,0.000983,0.000547,0.001020,0.000662,0.000768,0.000786,0.001094,0.000995,0.103066,80
causal_query_repair,deformable_bin_pick,nominal,combined_stress,0.700000,0.613488,0.149105,0.157167,0.069595,0.267701,0.068644,0.117229,0.130671,0.157851,0.136401,0.351292,0.101054,0.001815,0.001258,0.001038,0.000614,0.000913,0.000697,0.000938,0.000932,0.001015,0.001169,0.101190,80
causal_query_repair,deformable_bin_pick,nominal,hidden_mechanism,0.737500,0.640314,0.126863,0.131058,0.058902,0.258253,0.057526,0.094249,0.111350,0.130539,0.115538,0.475767,0.097026,0.002143,0.001035,0.001287,0.000741,0.000841,0.000686,0.000776,0.000818,0.001009,0.001108,0.097075,80
causal_query_repair,deformable_bin_pick,nominal,in_distribution,0.750000,0.649439,0.115145,0.119794,0.054269,0.255104,0.052682,0.083393,0.104172,0.120787,0.107196,0.526126,0.095487,0.002198,0.001094,0.001139,0.000645,0.000930,0.000641,0.000916,0.000886,0.001203,0.001050,0.095086,80
causal_query_repair,deformable_bin_pick,nominal,long_horizon,0.812500,0.640300,0.131766,0.144293,0.062036,0.259195,0.057791,0.095521,0.117042,0.136482,0.120849,0.528314,0.086071,0.002001,0.001208,0.001231,0.000602,0.000880,0.000625,0.000849,0.000905,0.001041,0.001197,0.086285,80
causal_query_repair,deformable_bin_pick,nominal,sparse_observation,0.750000,0.615813,0.136366,0.142204,0.063445,0.265305,0.066547,0.109864,0.121215,0.147172,0.125867,0.441306,0.095487,0.001817,0.001053,0.001140,0.000706,0.000861,0.000646,0.000851,0.000817,0.001070,0.000986,0.095357,80
causal_query_repair,deformable_bin_pick,occlusion_persistence,combined_stress,0.575000,0.550713,0.183076,0.181526,0.078546,0.283934,0.076700,0.137254,0.147167,0.178012,0.154050,0.121513,0.109011,0.001975,0.001170,0.001156,0.000629,0.000872,0.000649,0.000754,0.000887,0.001233,0.001156,0.108943,80
causal_query_repair,deformable_bin_pick,occlusion_persistence,hidden_mechanism,0.662500,0.560021,0.162244,0.158731,0.069157,0.279599,0.072319,0.125413,0.132083,0.160868,0.138323,0.274670,0.104273,0.001931,0.001054,0.001243,0.000635,0.000908,0.000654,0.000807,0.000894,0.001057,0.001024,0.104001,80
causal_query_repair,deformable_bin_pick,occlusion_persistence,in_distribution,0.600000,0.570885,0.150695,0.147848,0.063788,0.276016,0.066981,0.114977,0.124343,0.149066,0.129472,0.251613,0.108031,0.002370,0.001099,0.001021,0.000704,0.001014,0.000671,0.000962,0.000805,0.001026,0.001082,0.108148,80
causal_query_repair,deformable_bin_pick,occlusion_persistence,long_horizon,0.662500,0.561749,0.167491,0.172519,0.071340,0.278768,0.072668,0.126557,0.137623,0.166031,0.144276,0.253670,0.104273,0.001998,0.001145,0.000969,0.000705,0.000882,0.000659,0.000903,0.000865,0.001047,0.000964,0.104420,80
causal_query_repair,deformable_bin_pick,occlusion_persistence,sparse_observation,0.675000,0.553376,0.170297,0.167425,0.072120,0.282477,0.075755,0.131234,0.138895,0.170083,0.145117,0.259367,0.103285,0.002288,0.000933,0.001032,0.000740,0.000890,0.000633,0.000872,0.000897,0.001191,0.001103,0.103305,80
causal_query_repair,deformable_bin_pick,payload_shift,combined_stress,0.637500,0.546207,0.183659,0.182608,0.080107,0.283434,0.076090,0.135992,0.150194,0.179230,0.157375,0.178256,0.106008,0.002296,0.001081,0.001011,0.000695,0.000825,0.000671,0.000839,0.000938,0.001142,0.001010,0.106449,80
causal_query_repair,deformable_bin_pick,payload_shift,hidden_mechanism,0.675000,0.570357,0.163822,0.157204,0.071060,0.274970,0.065075,0.114466,0.135437,0.158003,0.140557,0.293769,0.103285,0.002431,0.000937,0.001299,0.000643,0.000778,0.000732,0.000905,0.000862,0.000923,0.001043,0.103134,80
causal_query_repair,deformable_bin_pick,payload_shift,in_distribution,0.662500,0.581634,0.152160,0.145936,0.066882,0.270513,0.059718,0.103186,0.127002,0.145788,0.131264,0.320892,0.104273,0.002356,0.001199,0.001178,0.000800,0.000883,0.000651,0.000827,0.000869,0.001144,0.001144,0.104462,80
causal_query_repair,deformable_bin_pick,payload_shift,long_horizon,0.725000,0.575423,0.169603,0.170914,0.073974,0.273603,0.066426,0.116275,0.140155,0.161884,0.145491,0.322719,0.098464,0.002192,0.001078,0.001158,0.000654,0.000879,0.000670,0.000954,0.000980,0.001212,0.001170,0.097913,80
causal_query_repair,deformable_bin_pick,payload_shift,sparse_observation,0.675000,0.550088,0.175143,0.168250,0.076409,0.282698,0.074133,0.130116,0.144203,0.173227,0.150262,0.246280,0.103285,0.002276,0.001132,0.001007,0.000710,0.000835,0.000657,0.000987,0.000975,0.001145,0.001138,0.102820,80
causal_query_repair,drawer_contact_repair,actuator_lag,combined_stress,0.550000,0.560766,0.175939,0.176088,0.078542,0.279728,0.074901,0.131524,0.145615,0.175521,0.152417,0.115115,0.109706,0.002179,0.001092,0.001155,0.000558,0.000931,0.000766,0.000868,0.000864,0.001111,0.001122,0.109658,80
causal_query_repair,drawer_contact_repair,actuator_lag,hidden_mechanism,0.725000,0.586282,0.155359,0.150049,0.069124,0.271744,0.063554,0.109737,0.129395,0.152123,0.134350,0.371185,0.098464,0.002390,0.001231,0.001135,0.000665,0.000980,0.000666,0.000864,0.000881,0.001183,0.001148,0.098260,80
causal_query_repair,drawer_contact_repair,actuator_lag,in_distribution,0.675000,0.599891,0.143016,0.139295,0.064201,0.265893,0.058566,0.100039,0.122113,0.141516,0.126077,0.361774,0.103285,0.002147,0.001092,0.001094,0.000703,0.000942,0.000629,0.000970,0.000839,0.001189,0.000991,0.103340,80
causal_query_repair,drawer_contact_repair,actuator_lag,long_horizon,0.675000,0.589641,0.160763,0.163002,0.072351,0.270276,0.064800,0.112123,0.134654,0.156439,0.139215,0.299788,0.103285,0.001997,0.001130,0.000963,0.000728,0.000822,0.000752,0.000858,0.000778,0.000997,0.001022,0.103290,80
causal_query_repair,drawer_contact_repair,actuator_lag,sparse_observation,0.712500,0.565293,0.166582,0.161988,0.073857,0.277545,0.073113,0.125953,0.139237,0.168258,0.145213,0.310497,0.099805,0.002163,0.001061,0.001052,0.000723,0.000840,0.000664,0.000871,0.000737,0.000893,0.000908,0.099491,80
causal_query_repair,drawer_contact_repair,combined_hidden_mechanisms,combined_stress,0.637500,0.510835,0.200668,0.197726,0.082866,0.292515,0.080911,0.145888,0.157042,0.189062,0.164425,0.124204,0.106008,0.002257,0.001083,0.001040,0.000706,0.000938,0.000596,0.000882,0.000960,0.001165,0.001187,0.105861,80
causal_query_repair,drawer_contact_repair,combined_hidden_mechanisms,hidden_mechanism,0.675000,0.521240,0.191751,0.177644,0.078955,0.289410,0.075495,0.134447,0.150609,0.179048,0.157214,0.203476,0.103285,0.002344,0.001050,0.001069,0.000717,0.000826,0.000644,0.000935,0.000900,0.001181,0.001110,0.103605,80
causal_query_repair,drawer_contact_repair,combined_hidden_mechanisms,in_distribution,0.637500,0.533069,0.180751,0.166049,0.074431,0.283968,0.070447,0.124083,0.142124,0.167931,0.147886,0.205774,0.106008,0.001982,0.001340,0.001059,0.000659,0.000876,0.000646,0.000837,0.000940,0.001095,0.001156,0.106059,80
causal_query_repair,drawer_contact_repair,combined_hidden_mechanisms,long_horizon,0.562500,0.524048,0.194639,0.190471,0.081752,0.287917,0.075663,0.136715,0.152649,0.180958,0.159355,0.074930,0.109394,0.002165,0.001084,0.001224,0.000641,0.000855,0.000617,0.000927,0.000906,0.001081,0.001083,0.109254,80
causal_query_repair,drawer_contact_repair,combined_hidden_mechanisms,sparse_observation,0.637500,0.510431,0.197002,0.185422,0.081084,0.291802,0.079270,0.143082,0.154240,0.185884,0.161004,0.142361,0.106008,0.002345,0.001057,0.001086,0.000660,0.000906,0.000669,0.000857,0.000860,0.001136,0.000991,0.106060,80
causal_query_repair,drawer_contact_repair,compliance_shift,combined_stress,0.737500,0.572473,0.170790,0.171594,0.076733,0.276226,0.073653,0.128669,0.142853,0.172005,0.149289,0.320801,0.097026,0.002264,0.001080,0.001118,0.000705,0.000771,0.000674,0.000888,0.000872,0.001028,0.001005,0.096962,80
causal_query_repair,drawer_contact_repair,compliance_shift,hidden_mechanism,0.737500,0.597551,0.146445,0.145812,0.065427,0.268117,0.061902,0.104416,0.125359,0.146508,0.129586,0.408531,0.097026,0.001767,0.000918,0.001028,0.000635,0.000862,0.000680,0.000952,0.001011,0.001205,0.001204,0.097379,80
causal_query_repair,drawer_contact_repair,compliance_shift,in_distribution,0.600000,0.610017,0.135655,0.134355,0.060661,0.263228,0.056315,0.094447,0.116996,0.135006,0.120655,0.310967,0.108031,0.002371,0.001075,0.001096,0.000787,0.000942,0.000737,0.000951,0.000981,0.001088,0.001135,0.108001,80
causal_query_repair,drawer_contact_repair,compliance_shift,long_horizon,0.687500,0.600449,0.151804,0.158428,0.069020,0.266429,0.062158,0.107809,0.129581,0.150828,0.134126,0.337961,0.102212,0.002054,0.001042,0.001264,0.000620,0.000993,0.000649,0.000972,0.000749,0.000963,0.001108,0.102199,80
causal_query_repair,drawer_contact_repair,compliance_shift,sparse_observation,0.575000,0.576030,0.158386,0.155469,0.070952,0.275025,0.070653,0.121332,0.133404,0.161083,0.138956,0.199064,0.109011,0.002030,0.001192,0.001033,0.000697,0.000732,0.000696,0.000793,0.000757,0.001055,0.001119,0.108831,80
causal_query_repair,drawer_contact_repair,contact_mode_flip,combined_stress,0.637500,0.547190,0.185363,0.184469,0.080211,0.284202,0.076986,0.136080,0.148940,0.179703,0.155888,0.175532,0.106008,0.002458,0.000998,0.001093,0.000615,0.000817,0.000613,0.000865,0.000862,0.001005,0.001060,0.105762,80
causal_query_repair,drawer_contact_repair,contact_mode_flip,hidden_mechanism,0.787500,0.572881,0.163678,0.157774,0.069044,0.275153,0.065777,0.114481,0.131520,0.154720,0.136456,0.411000,0.090208,0.002148,0.001076,0.001031,0.000699,0.000827,0.000648,0.000804,0.001052,0.001376,0.001325,0.090265,80
causal_query_repair,drawer_contact_repair,contact_mode_flip,in_distribution,0.637500,0.583767,0.151264,0.145583,0.064500,0.270433,0.059917,0.103581,0.123615,0.142976,0.128522,0.302222,0.106008,0.002434,0.001179,0.001088,0.000631,0.000872,0.000516,0.000913,0.000943,0.001105,0.001191,0.105677,80
causal_query_repair,drawer_contact_repair,contact_mode_flip,long_horizon,0.725000,0.575071,0.169303,0.170839,0.072359,0.275015,0.066541,0.116484,0.136726,0.159731,0.142445,0.326295,0.098464,0.001857,0.001168,0.001046,0.000674,0.000816,0.000588,0.000899,0.000876,0.001073,0.001142,0.098247,80
causal_query_repair,drawer_contact_repair,contact_mode_flip,sparse_observation,0.625000,0.551280,0.175075,0.169257,0.074650,0.282561,0.074659,0.130706,0.141055,0.170299,0.147463,0.199463,0.106757,0.002462,0.001079,0.001061,0.000590,0.000884,0.000628,0.000906,0.000861,0.001146,0.001065,0.107017,80
causal_query_repair,drawer_contact_repair,friction_shift,combined_stress,0.750000,0.584182,0.163674,0.166146,0.074346,0.274105,0.071939,0.124058,0.138625,0.166628,0.145441,0.355775,0.095487,0.002499,0.001169,0.001074,0.000658,0.000848,0.000664,0.000978,0.000849,0.000985,0.001076,0.095437,80
causal_query_repair,drawer_contact_repair,friction_shift,hidden_mechanism,0.625000,0.607923,0.140058,0.140611,0.063573,0.264821,0.060279,0.102329,0.119863,0.141371,0.124316,0.317237,0.106757,0.002239,0.001003,0.001083,0.000640,0.000939,0.000691,0.000931,0.000787,0.001073,0.001096,0.106769,80
causal_query_repair,drawer_contact_repair,friction_shift,in_distribution,0.750000,0.621158,0.128405,0.127880,0.058906,0.260847,0.055571,0.090983,0.112263,0.129971,0.116069,0.483156,0.095487,0.001992,0.001137,0.001218,0.000602,0.000930,0.000609,0.000926,0.001060,0.001229,0.001261,0.095554,80
causal_query_repair,drawer_contact_repair,friction_shift,long_horizon,0.825000,0.610632,0.144442,0.154382,0.065893,0.264057,0.061341,0.104083,0.124667,0.145830,0.128892,0.497178,0.083789,0.002082,0.001011,0.001234,0.000606,0.000928,0.000629,0.000869,0.000824,0.001107,0.001134,0.083744,80
causal_query_repair,drawer_contact_repair,friction_shift,sparse_observation,0.762500,0.586854,0.151020,0.152693,0.068834,0.271992,0.069427,0.118557,0.129461,0.156988,0.135568,0.406061,0.093841,0.002081,0.001095,0.001208,0.000747,0.000957,0.000664,0.000910,0.000927,0.001085,0.001153,0.093751,80
causal_query_repair,drawer_contact_repair,nominal,combined_stress,0.700000,0.620778,0.146223,0.153374,0.069139,0.266024,0.067111,0.114658,0.128238,0.154777,0.133251,0.363261,0.101054,0.002010,0.001093,0.001097,0.000538,0.000960,0.000723,0.000908,0.000759,0.000963,0.000909,0.101150,80
causal_query_repair,drawer_contact_repair,nominal,hidden_mechanism,0.737500,0.641557,0.122178,0.127784,0.058091,0.257023,0.056785,0.091873,0.109967,0.129439,0.113479,0.486035,0.097026,0.002430,0.001178,0.001011,0.000680,0.000880,0.000572,0.000901,0.000803,0.001098,0.001035,0.096973,80
causal_query_repair,drawer_contact_repair,nominal,in_distribution,0.812500,0.656031,0.110144,0.114962,0.052890,0.252463,0.051226,0.081774,0.101673,0.117826,0.104862,0.604186,0.086071,0.001794,0.001156,0.001123,0.000711,0.000803,0.000695,0.000879,0.000790,0.001088,0.001073,0.085686,80
causal_query_repair,drawer_contact_repair,nominal,long_horizon,0.762500,0.646617,0.127566,0.139501,0.061129,0.256118,0.057924,0.094056,0.114477,0.133303,0.118275,0.491802,0.093841,0.002328,0.001028,0.001218,0.000680,0.000892,0.000668,0.000733,0.001001,0.001235,0.001328,0.094115,80
causal_query_repair,drawer_contact_repair,nominal,sparse_observation,0.762500,0.621830,0.132813,0.138184,0.063098,0.263620,0.065800,0.109339,0.118644,0.144058,0.124556,0.465279,0.093841,0.002174,0.001162,0.001171,0.000562,0.001046,0.000709,0.000851,0.000805,0.000925,0.001053,0.094407,80
causal_query_repair,drawer_contact_repair,occlusion_persistence,combined_stress,0.637500,0.557616,0.177430,0.178352,0.078012,0.281726,0.076075,0.134623,0.146303,0.176993,0.152845,0.196671,0.106008,0.002210,0.001108,0.000966,0.000615,0.000785,0.000650,0.000815,0.001012,0.001305,0.001290,0.105880,80
causal_query_repair,drawer_contact_repair,occlusion_persistence,hidden_mechanism,0.562500,0.564859,0.158652,0.155619,0.067770,0.278861,0.071722,0.122578,0.130157,0.158181,0.136549,0.185847,0.109394,0.002074,0.001148,0.001280,0.000604,0.000840,0.000737,0.000971,0.000910,0.001171,0.001200,0.109299,80
causal_query_repair,drawer_contact_repair,occlusion_persistence,in_distribution,0.637500,0.575465,0.145810,0.143757,0.062260,0.273790,0.065864,0.112000,0.121983,0.147194,0.127307,0.303337,0.106008,0.002391,0.000997,0.001173,0.000686,0.000865,0.000608,0.000833,0.000893,0.001255,0.001188,0.106465,80
causal_query_repair,drawer_contact_repair,occlusion_persistence,long_horizon,0.587500,0.570188,0.162607,0.168904,0.070681,0.277564,0.071291,0.125269,0.136212,0.163837,0.142241,0.191809,0.108557,0.002084,0.001127,0.001025,0.000668,0.000860,0.000720,0.000806,0.000869,0.001075,0.001223,0.108531,80
causal_query_repair,drawer_contact_repair,occlusion_persistence,sparse_observation,0.612500,0.557871,0.166189,0.163447,0.072174,0.280344,0.074963,0.129147,0.136706,0.167631,0.143140,0.208107,0.107431,0.002054,0.001202,0.001119,0.000686,0.000877,0.000649,0.000870,0.000818,0.001100,0.001170,0.107138,80
causal_query_repair,drawer_contact_repair,payload_shift,combined_stress,0.625000,0.551952,0.179292,0.179433,0.079332,0.281613,0.075088,0.133663,0.148490,0.177879,0.156071,0.177661,0.106757,0.002008,0.001109,0.000948,0.000596,0.000896,0.000717,0.000879,0.000819,0.001183,0.001011,0.106924,80
causal_query_repair,drawer_contact_repair,payload_shift,hidden_mechanism,0.700000,0.575684,0.159543,0.154227,0.070705,0.273462,0.064191,0.111767,0.132646,0.154625,0.137718,0.330467,0.101054,0.001935,0.001166,0.001137,0.000670,0.000781,0.000764,0.000914,0.000896,0.001112,0.001122,0.101154,80
causal_query_repair,drawer_contact_repair,payload_shift,in_distribution,0.675000,0.588307,0.147841,0.141549,0.065552,0.268495,0.058965,0.101181,0.124042,0.142429,0.128178,0.347760,0.103285,0.002607,0.001180,0.001138,0.000591,0.000881,0.000661,0.000837,0.000898,0.001015,0.001030,0.103100,80
causal_query_repair,drawer_contact_repair,payload_shift,long_horizon,0.625000,0.579653,0.166071,0.166794,0.073771,0.272458,0.064343,0.114209,0.137238,0.158948,0.141880,0.234582,0.106757,0.002211,0.001215,0.001123,0.000683,0.000963,0.000678,0.000793,0.000926,0.001174,0.001244,0.106455,80
causal_query_repair,drawer_contact_repair,payload_shift,sparse_observation,0.600000,0.555957,0.170869,0.165295,0.075704,0.280061,0.072873,0.127369,0.141336,0.170193,0.147936,0.184107,0.108031,0.002100,0.001232,0.001274,0.000652,0.000830,0.000667,0.000844,0.000854,0.000976,0.000982,0.108340,80
causal_query_repair,occluded_push_recovery,actuator_lag,combined_stress,0.737500,0.554731,0.183302,0.181366,0.079032,0.280999,0.075529,0.134183,0.148003,0.177085,0.155685,0.286378,0.097026,0.001812,0.001105,0.001023,0.000718,0.000857,0.000673,0.001006,0.000725,0.001060,0.000944,0.097386,80
causal_query_repair,occluded_push_recovery,actuator_lag,hidden_mechanism,0.600000,0.578367,0.161992,0.156041,0.070321,0.272884,0.064941,0.112892,0.132934,0.155183,0.138180,0.227473,0.108031,0.002362,0.001191,0.001196,0.000573,0.000880,0.000672,0.000843,0.000851,0.001059,0.001124,0.108070,80
causal_query_repair,occluded_push_recovery,actuator_lag,in_distribution,0.712500,0.592368,0.150624,0.143153,0.065354,0.268767,0.059808,0.101745,0.124538,0.144129,0.128235,0.382070,0.099805,0.001969,0.001086,0.001129,0.000643,0.000949,0.000654,0.001027,0.000924,0.001262,0.001234,0.099619,80
causal_query_repair,occluded_push_recovery,actuator_lag,long_horizon,0.687500,0.582984,0.167965,0.169666,0.073632,0.271462,0.065747,0.114914,0.137415,0.160102,0.141854,0.293663,0.102212,0.002070,0.001175,0.001069,0.000618,0.000965,0.000762,0.000869,0.000838,0.001060,0.001181,0.102190,80
causal_query_repair,occluded_push_recovery,actuator_lag,sparse_observation,0.650000,0.558497,0.173124,0.167622,0.075680,0.279116,0.072684,0.128640,0.142132,0.170864,0.148448,0.230730,0.105180,0.002013,0.001104,0.001194,0.000646,0.000705,0.000616,0.000890,0.000847,0.001145,0.001079,0.104964,80
causal_query_repair,occluded_push_recovery,combined_hidden_mechanisms,combined_stress,0.587500,0.504245,0.203148,0.198903,0.083088,0.292249,0.080947,0.146325,0.156846,0.188948,0.164516,0.068628,0.108557,0.002117,0.001196,0.000825,0.000620,0.001033,0.000574,0.000857,0.000915,0.001140,0.001118,0.108362,80
causal_query_repair,occluded_push_recovery,combined_hidden_mechanisms,hidden_mechanism,0.600000,0.515967,0.195233,0.180620,0.079805,0.289912,0.076638,0.136220,0.152230,0.181298,0.158926,0.118106,0.108031,0.002501,0.000971,0.001019,0.000653,0.000980,0.000648,0.000837,0.000934,0.001155,0.001134,0.107899,80
causal_query_repair,occluded_push_recovery,combined_hidden_mechanisms,in_distribution,0.650000,0.526573,0.188349,0.170257,0.076223,0.285690,0.071120,0.127401,0.144125,0.169893,0.150385,0.201087,0.105180,0.001992,0.000943,0.001037,0.000588,0.000855,0.000638,0.000924,0.000878,0.001032,0.000999,0.105131,80
causal_query_repair,occluded_push_recovery,combined_hidden_mechanisms,long_horizon,0.637500,0.520081,0.199317,0.194019,0.081967,0.288911,0.076503,0.138876,0.155492,0.184322,0.161973,0.138281,0.106008,0.001978,0.001303,0.001127,0.000636,0.000937,0.000663,0.000876,0.000888,0.001116,0.001020,0.105918,80
causal_query_repair,occluded_push_recovery,combined_hidden_mechanisms,sparse_observation,0.650000,0.508623,0.200230,0.187389,0.082768,0.292132,0.080223,0.144577,0.154107,0.185081,0.161094,0.147146,0.105180,0.002001,0.001212,0.001010,0.000667,0.000809,0.000786,0.000942,0.000804,0.001101,0.000940,0.105338,80
causal_query_repair,occluded_push_recovery,compliance_shift,combined_stress,0.662500,0.565915,0.177357,0.176667,0.078328,0.277695,0.073639,0.129970,0.144708,0.173398,0.151071,0.230018,0.104273,0.002055,0.001127,0.001158,0.000623,0.000834,0.000616,0.000840,0.000812,0.000901,0.001044,0.104213,80
causal_query_repair,occluded_push_recovery,compliance_shift,hidden_mechanism,0.650000,0.593063,0.153633,0.150912,0.066695,0.269642,0.062960,0.107153,0.126872,0.148366,0.131917,0.305039,0.105180,0.002244,0.000971,0.001109,0.000534,0.000815,0.000656,0.000920,0.000892,0.001127,0.001051,0.105436,80
causal_query_repair,occluded_push_recovery,compliance_shift,in_distribution,0.712500,0.605424,0.142321,0.138558,0.061639,0.264688,0.057772,0.096835,0.118715,0.137035,0.122623,0.408665,0.099805,0.002291,0.001239,0.001080,0.000677,0.000790,0.000603,0.000786,0.000914,0.001042,0.001161,0.100152,80
causal_query_repair,occluded_push_recovery,compliance_shift,long_horizon,0.700000,0.595180,0.159130,0.163165,0.068994,0.268948,0.063882,0.110681,0.131554,0.153156,0.136670,0.334738,0.101054,0.002311,0.001012,0.001008,0.000649,0.000891,0.000651,0.000785,0.000959,0.001036,0.001221,0.100978,80
causal_query_repair,occluded_push_recovery,compliance_shift,sparse_observation,0.625000,0.571425,0.164036,0.162196,0.071675,0.277592,0.071803,0.124279,0.136940,0.165202,0.142401,0.232051,0.106757,0.002243,0.001128,0.001238,0.000687,0.000826,0.000624,0.000891,0.000858,0.000989,0.001103,0.106985,80
causal_query_repair,occluded_push_recovery,contact_mode_flip,combined_stress,0.562500,0.542401,0.191581,0.189622,0.080494,0.285605,0.077613,0.138982,0.151736,0.182363,0.158353,0.085738,0.109394,0.002478,0.001182,0.001281,0.000612,0.000790,0.000684,0.000895,0.000830,0.001112,0.001007,0.109607,80
causal_query_repair,occluded_push_recovery,contact_mode_flip,hidden_mechanism,0.612500,0.565641,0.169224,0.163084,0.069857,0.277047,0.066305,0.117766,0.133842,0.157327,0.138814,0.220445,0.107431,0.002241,0.001177,0.001273,0.000648,0.000862,0.000703,0.000800,0.000721,0.001106,0.000944,0.107696,80
causal_query_repair,occluded_push_recovery,contact_mode_flip,in_distribution,0.737500,0.577451,0.157576,0.151673,0.064617,0.272240,0.061855,0.107557,0.125714,0.145629,0.130219,0.385669,0.097026,0.002064,0.000978,0.000981,0.000622,0.000860,0.000653,0.000953,0.000821,0.001145,0.000965,0.097000,80
causal_query_repair,occluded_push_recovery,contact_mode_flip,long_horizon,0.687500,0.570767,0.174914,0.176154,0.072914,0.276599,0.067603,0.119049,0.139083,0.162458,0.144229,0.274372,0.102212,0.002429,0.001172,0.001066,0.000683,0.000831,0.000681,0.000882,0.000925,0.001272,0.001069,0.102710,80
causal_query_repair,occluded_push_recovery,contact_mode_flip,sparse_observation,0.625000,0.545856,0.180918,0.173719,0.075433,0.284041,0.075013,0.133077,0.143709,0.173770,0.150116,0.185132,0.106757,0.002149,0.001099,0.001126,0.000668,0.000962,0.000633,0.000846,0.000898,0.001218,0.001123,0.107033,80
causal_query_repair,occluded_push_recovery,friction_shift,combined_stress,0.587500,0.578991,0.168922,0.173115,0.075239,0.275214,0.072769,0.126252,0.140526,0.169258,0.146417,0.177872,0.108557,0.002383,0.001062,0.001027,0.000662,0.000844,0.000713,0.000881,0.000980,0.001224,0.001296,0.108538,80
causal_query_repair,occluded_push_recovery,friction_shift,hidden_mechanism,0.625000,0.600777,0.145983,0.146024,0.064164,0.266341,0.061502,0.104104,0.122517,0.143602,0.126547,0.301344,0.106757,0.002123,0.001038,0.001087,0.000700,0.000904,0.000689,0.000839,0.000916,0.001082,0.001216,0.106195,80
causal_query_repair,occluded_push_recovery,friction_shift,in_distribution,0.762500,0.613411,0.134632,0.134083,0.059298,0.261906,0.056490,0.093761,0.114238,0.131984,0.117173,0.479410,0.093841,0.002302,0.001067,0.001071,0.000637,0.000947,0.000752,0.000775,0.000755,0.001098,0.000983,0.093559,80
causal_query_repair,occluded_push_recovery,friction_shift,long_horizon,0.762500,0.607227,0.151298,0.159115,0.067449,0.266066,0.062073,0.106791,0.127321,0.148630,0.131506,0.418649,0.093841,0.002036,0.001101,0.001054,0.000529,0.000827,0.000625,0.000934,0.000907,0.001198,0.001089,0.094126,80
causal_query_repair,occluded_push_recovery,friction_shift,sparse_observation,0.737500,0.578635,0.157334,0.158167,0.069091,0.274399,0.070328,0.121597,0.131742,0.159348,0.137669,0.364642,0.097026,0.001921,0.001131,0.001180,0.000598,0.000800,0.000667,0.000850,0.000858,0.001090,0.001130,0.096854,80
causal_query_repair,occluded_push_recovery,nominal,combined_stress,0.712500,0.612391,0.152449,0.158610,0.069545,0.267712,0.068897,0.117553,0.131582,0.158522,0.137130,0.358479,0.099805,0.002139,0.001023,0.001175,0.000818,0.001061,0.000605,0.000931,0.000909,0.001032,0.001069,0.099967,80
causal_query_repair,occluded_push_recovery,nominal,hidden_mechanism,0.787500,0.638949,0.128118,0.133568,0.058729,0.258872,0.057590,0.094517,0.112558,0.131987,0.116741,0.521325,0.090208,0.002386,0.001038,0.001074,0.000598,0.000889,0.000636,0.000804,0.000847,0.001043,0.001050,0.089896,80
causal_query_repair,occluded_push_recovery,nominal,in_distribution,0.850000,0.650050,0.117450,0.121873,0.054504,0.254008,0.051906,0.084318,0.103935,0.120388,0.107401,0.623059,0.078740,0.002292,0.001067,0.001216,0.000632,0.000946,0.000723,0.000840,0.000918,0.001206,0.001114,0.078541,80
causal_query_repair,occluded_push_recovery,nominal,long_horizon,0.737500,0.640194,0.133724,0.146221,0.061725,0.256945,0.058133,0.096224,0.116182,0.135337,0.120429,0.451200,0.097026,0.002208,0.001120,0.001059,0.000674,0.000798,0.000628,0.000764,0.000976,0.001272,0.001121,0.097233,80
causal_query_repair,occluded_push_recovery,nominal,sparse_observation,0.712500,0.614375,0.140038,0.144459,0.063555,0.265827,0.065980,0.110966,0.120982,0.147079,0.125829,0.398143,0.099805,0.001978,0.001133,0.001188,0.000644,0.000869,0.000611,0.000965,0.000885,0.001096,0.001033,0.099642,80
causal_query_repair,occluded_push_recovery,occlusion_persistence,combined_stress,0.625000,0.547905,0.184881,0.183552,0.078894,0.283420,0.077387,0.137457,0.148796,0.179691,0.155845,0.165652,0.106757,0.002429,0.001283,0.001249,0.000603,0.000885,0.000690,0.000785,0.000847,0.001155,0.001029,0.106642,80
causal_query_repair,occluded_push_recovery,occlusion_persistence,hidden_mechanism,0.712500,0.559259,0.165058,0.160877,0.068674,0.279135,0.072880,0.125489,0.133496,0.162043,0.139213,0.319572,0.099805,0.002200,0.001103,0.001091,0.000755,0.000826,0.000557,0.000826,0.001005,0.001200,0.001349,0.099483,80
causal_query_repair,occluded_push_recovery,occlusion_persistence,in_distribution,0.587500,0.569720,0.153327,0.149283,0.064037,0.275271,0.067061,0.116119,0.124038,0.149230,0.130316,0.235062,0.108557,0.002158,0.001150,0.001040,0.000588,0.000970,0.000726,0.000982,0.000956,0.001276,0.001149,0.108548,80
causal_query_repair,occluded_push_recovery,occlusion_persistence,long_horizon,0.612500,0.562225,0.170066,0.173777,0.071537,0.278748,0.073063,0.128685,0.138377,0.166727,0.144336,0.199160,0.107431,0.002272,0.001067,0.001060,0.000688,0.000740,0.000641,0.000923,0.000812,0.001026,0.001057,0.107526,80
causal_query_repair,occluded_push_recovery,occlusion_persistence,sparse_observation,0.550000,0.551981,0.171771,0.168222,0.072398,0.282561,0.075582,0.131281,0.139173,0.170006,0.145712,0.131503,0.109706,0.001977,0.001088,0.001261,0.000699,0.000808,0.000633,0.000916,0.000934,0.001012,0.001122,0.109893,80
causal_query_repair,occluded_push_recovery,payload_shift,combined_stress,0.650000,0.547043,0.186635,0.184260,0.079896,0.283507,0.076320,0.136345,0.150160,0.179459,0.156852,0.187041,0.105180,0.002113,0.001159,0.001068,0.000694,0.000826,0.000564,0.000828,0.000874,0.001003,0.001177,0.105226,80
causal_query_repair,occluded_push_recovery,payload_shift,hidden_mechanism,0.650000,0.568184,0.166324,0.159011,0.072207,0.274239,0.065072,0.114014,0.134625,0.156588,0.139332,0.263946,0.105180,0.002425,0.000983,0.000965,0.000706,0.000905,0.000718,0.000897,0.001011,0.001299,0.001204,0.105149,80
causal_query_repair,occluded_push_recovery,payload_shift,in_distribution,0.700000,0.584100,0.154812,0.147359,0.066804,0.269643,0.060491,0.103514,0.126631,0.145678,0.130363,0.355779,0.101054,0.002415,0.001083,0.001173,0.000608,0.000913,0.000705,0.000871,0.000904,0.001200,0.001129,0.101105,80
causal_query_repair,occluded_push_recovery,payload_shift,long_horizon,0.662500,0.575049,0.172245,0.171939,0.074225,0.273304,0.066322,0.116295,0.138763,0.161048,0.143625,0.257630,0.104273,0.002381,0.001043,0.001058,0.000707,0.000865,0.000706,0.000843,0.000969,0.001209,0.001248,0.104410,80
causal_query_repair,occluded_push_recovery,payload_shift,sparse_observation,0.525000,0.547214,0.176818,0.170207,0.076203,0.282293,0.074037,0.130860,0.144680,0.173496,0.151400,0.092171,0.110121,0.002090,0.001122,0.001092,0.000664,0.000842,0.000721,0.000834,0.000780,0.000986,0.001056,0.110337,80
causal_query_repair,payload_handover,actuator_lag,combined_stress,0.650000,0.555669,0.178480,0.178143,0.078688,0.280834,0.075658,0.133446,0.146915,0.177285,0.153668,0.207332,0.105180,0.002198,0.001247,0.001124,0.000630,0.000864,0.000635,0.000823,0.000992,0.001098,0.001160,0.104957,80
causal_query_repair,payload_handover,actuator_lag,hidden_mechanism,0.725000,0.583105,0.158952,0.152782,0.069309,0.271411,0.064280,0.111169,0.131707,0.154180,0.136182,0.362415,0.098464,0.001937,0.001183,0.001096,0.000762,0.000817,0.000703,0.001000,0.000888,0.001139,0.001069,0.098346,80
causal_query_repair,payload_handover,actuator_lag,in_distribution,0.675000,0.596848,0.146581,0.141050,0.064428,0.266912,0.059410,0.100426,0.122933,0.142080,0.127160,0.354489,0.103285,0.002415,0.001164,0.001135,0.000672,0.000872,0.000639,0.000859,0.000836,0.001046,0.001119,0.103273,80
causal_query_repair,payload_handover,actuator_lag,long_horizon,0.725000,0.587516,0.163569,0.165210,0.072868,0.271000,0.065114,0.113464,0.135484,0.157553,0.140151,0.343032,0.098464,0.002320,0.000964,0.001058,0.000724,0.000840,0.000724,0.000880,0.000977,0.001179,0.001124,0.098653,80
causal_query_repair,payload_handover,actuator_lag,sparse_observation,0.687500,0.560596,0.169206,0.164052,0.074685,0.280091,0.073104,0.127069,0.140597,0.169380,0.146734,0.277154,0.102212,0.002362,0.001074,0.001127,0.000651,0.000882,0.000753,0.000855,0.000944,0.001141,0.001157,0.102221,80
causal_query_repair,payload_handover,combined_hidden_mechanisms,combined_stress,0.500000,0.508200,0.202109,0.197620,0.082534,0.293115,0.081243,0.146906,0.157698,0.190070,0.165182,-0.016071,0.110259,0.002010,0.001009,0.001056,0.000614,0.000797,0.000671,0.000739,0.000741,0.001163,0.000918,0.110173,80
causal_query_repair,payload_handover,combined_hidden_mechanisms,hidden_mechanism,0.675000,0.519898,0.196161,0.180661,0.080076,0.288719,0.075850,0.135926,0.150975,0.180298,0.158292,0.194918,0.103285,0.002175,0.001182,0.001161,0.000752,0.000853,0.000626,0.000885,0.000921,0.001116,0.001145,0.103389,80
causal_query_repair,payload_handover,combined_hidden_mechanisms,in_distribution,0.650000,0.532110,0.183410,0.169366,0.075151,0.285732,0.070969,0.126022,0.142927,0.168194,0.148640,0.210445,0.105180,0.002375,0.001029,0.001112,0.000659,0.000782,0.000748,0.000897,0.000816,0.001157,0.001081,0.105148,80
causal_query_repair,payload_handover,combined_hidden_mechanisms,long_horizon,0.537500,0.522795,0.197169,0.192339,0.081282,0.289193,0.076384,0.137866,0.154005,0.182214,0.160695,0.044343,0.109948,0.002003,0.001134,0.001008,0.000745,0.000863,0.000625,0.001079,0.000842,0.001086,0.001044,0.110318,80
causal_query_repair,payload_handover,combined_hidden_mechanisms,sparse_observation,0.600000,0.509034,0.198105,0.187240,0.081955,0.293688,0.079718,0.144311,0.155467,0.187944,0.162595,0.099199,0.108031,0.002007,0.001068,0.001072,0.000656,0.000870,0.000626,0.000864,0.000958,0.001241,0.001190,0.107719,80
causal_query_repair,payload_handover,compliance_shift,combined_stress,0.637500,0.571334,0.173526,0.173833,0.077144,0.277452,0.073113,0.129007,0.143665,0.172379,0.149788,0.215055,0.106008,0.002260,0.001038,0.001161,0.000680,0.000884,0.000743,0.000913,0.000851,0.001042,0.001053,0.105543,80
causal_query_repair,payload_handover,compliance_shift,hidden_mechanism,0.700000,0.595191,0.150114,0.148407,0.066407,0.269753,0.062355,0.106613,0.125008,0.147220,0.129450,0.362850,0.101054,0.002238,0.001032,0.000932,0.000713,0.000931,0.000609,0.000868,0.000829,0.000982,0.000988,0.101246,80
causal_query_repair,payload_handover,compliance_shift,in_distribution,0.687500,0.607101,0.138760,0.135697,0.061586,0.264448,0.057335,0.095906,0.117239,0.135183,0.120749,0.391237,0.102212,0.001843,0.001158,0.000939,0.000613,0.000741,0.000610,0.000814,0.000839,0.001107,0.001124,0.102013,80
causal_query_repair,payload_handover,compliance_shift,long_horizon,0.600000,0.598251,0.155658,0.160689,0.069099,0.267965,0.062633,0.109658,0.131136,0.152360,0.135908,0.242240,0.108031,0.002103,0.001041,0.001143,0.000565,0.000868,0.000613,0.000875,0.000853,0.000921,0.001049,0.108079,80
causal_query_repair,payload_handover,compliance_shift,sparse_observation,0.650000,0.574037,0.161752,0.157514,0.071235,0.276161,0.070834,0.123117,0.134812,0.162260,0.140748,0.266701,0.105180,0.002304,0.001015,0.001124,0.000606,0.000789,0.000634,0.000900,0.000869,0.001188,0.001240,0.105104,80
causal_query_repair,payload_handover,contact_mode_flip,combined_stress,0.600000,0.545216,0.188521,0.186548,0.080041,0.284750,0.077773,0.137501,0.151681,0.182711,0.159034,0.130385,0.108031,0.001930,0.001038,0.001162,0.000662,0.000758,0.000658,0.000915,0.001084,0.001302,0.001184,0.108393,80
causal_query_repair,payload_handover,contact_mode_flip,hidden_mechanism,0.675000,0.567671,0.166447,0.161096,0.069637,0.276971,0.065617,0.116157,0.133362,0.157442,0.138378,0.288995,0.103285,0.002111,0.000981,0.001046,0.000630,0.000925,0.000650,0.000858,0.000857,0.001057,0.001179,0.103529,80
causal_query_repair,payload_handover,contact_mode_flip,in_distribution,0.725000,0.583605,0.154462,0.148481,0.064372,0.272529,0.060899,0.105162,0.124711,0.144488,0.129100,0.382423,0.098464,0.002185,0.001161,0.001176,0.000752,0.000813,0.000675,0.000774,0.000942,0.000970,0.001085,0.098440,80
causal_query_repair,payload_handover,contact_mode_flip,long_horizon,0.662500,0.572132,0.171439,0.173764,0.072652,0.276122,0.067283,0.118232,0.138128,0.161564,0.143572,0.256263,0.104273,0.002342,0.001032,0.001001,0.000596,0.000939,0.000620,0.000841,0.000787,0.001030,0.000988,0.104448,80
causal_query_repair,payload_handover,contact_mode_flip,sparse_observation,0.587500,0.547374,0.177669,0.171632,0.074540,0.283536,0.075093,0.132484,0.141637,0.171672,0.148684,0.155256,0.108557,0.002291,0.001163,0.000995,0.000627,0.000851,0.000730,0.000978,0.000838,0.001111,0.001010,0.108172,80
causal_query_repair,payload_handover,friction_shift,combined_stress,0.687500,0.580321,0.165264,0.168824,0.074892,0.274656,0.071618,0.124530,0.139868,0.167362,0.146169,0.286955,0.102212,0.001970,0.000984,0.001091,0.000692,0.000925,0.000567,0.000865,0.000778,0.000990,0.001005,0.102163,80
causal_query_repair,payload_handover,friction_shift,hidden_mechanism,0.612500,0.603852,0.142423,0.143538,0.063182,0.266491,0.061342,0.103438,0.121375,0.142336,0.125306,0.297040,0.107431,0.001964,0.000887,0.001145,0.000679,0.000900,0.000606,0.000851,0.000839,0.001055,0.001025,0.107249,80
causal_query_repair,payload_handover,friction_shift,in_distribution,0.725000,0.616314,0.132781,0.130513,0.059601,0.261168,0.055971,0.092073,0.113285,0.131197,0.117002,0.448515,0.098464,0.002283,0.001107,0.001048,0.000629,0.000885,0.000695,0.000808,0.001068,0.001292,0.001256,0.098512,80
causal_query_repair,payload_handover,friction_shift,long_horizon,0.700000,0.608567,0.148831,0.155751,0.066680,0.265310,0.062145,0.106435,0.126099,0.146602,0.130758,0.363346,0.101054,0.002192,0.001056,0.000961,0.000564,0.000706,0.000729,0.000890,0.000769,0.000979,0.001011,0.101115,80
causal_query_repair,payload_handover,friction_shift,sparse_observation,0.600000,0.585101,0.153486,0.153795,0.069238,0.273576,0.070109,0.120107,0.131031,0.158980,0.137233,0.237255,0.108031,0.002223,0.001288,0.001043,0.000695,0.000807,0.000705,0.000853,0.000982,0.001154,0.001107,0.108355,80
causal_query_repair,payload_handover,nominal,combined_stress,0.712500,0.614544,0.148665,0.156073,0.069553,0.266786,0.067722,0.116332,0.129509,0.156248,0.134305,0.367148,0.099805,0.002202,0.001110,0.001044,0.000534,0.000891,0.000737,0.000793,0.000929,0.001212,0.001110,0.099758,80
causal_query_repair,payload_handover,nominal,hidden_mechanism,0.737500,0.642254,0.124249,0.130515,0.058366,0.257960,0.056792,0.092295,0.111165,0.130618,0.114774,0.480812,0.097026,0.002186,0.000973,0.001073,0.000643,0.000816,0.000645,0.000852,0.000927,0.001184,0.001143,0.096990,80
causal_query_repair,payload_handover,nominal,in_distribution,0.787500,0.652562,0.113355,0.118303,0.053906,0.253902,0.052092,0.083210,0.102640,0.119162,0.105540,0.569576,0.090208,0.002322,0.001160,0.001127,0.000599,0.000788,0.000717,0.000765,0.000874,0.001122,0.001092,0.089934,80
causal_query_repair,payload_handover,nominal,long_horizon,0.787500,0.643568,0.130223,0.142856,0.060893,0.257780,0.057797,0.096653,0.115791,0.135332,0.120371,0.509163,0.090208,0.002352,0.001003,0.000980,0.000616,0.000848,0.000520,0.000785,0.000920,0.001118,0.001127,0.090213,80
causal_query_repair,payload_handover,nominal,sparse_observation,0.787500,0.619082,0.135874,0.141229,0.063381,0.264871,0.066852,0.109372,0.119965,0.146073,0.125330,0.482061,0.090208,0.002198,0.001134,0.001071,0.000676,0.000797,0.000618,0.000883,0.000740,0.001031,0.001044,0.090515,80
causal_query_repair,payload_handover,occlusion_persistence,combined_stress,0.562500,0.552493,0.181032,0.181113,0.077844,0.282833,0.076686,0.135812,0.147647,0.178595,0.154749,0.112877,0.109394,0.002342,0.000968,0.001055,0.000665,0.000910,0.000506,0.000757,0.000891,0.001097,0.001024,0.109561,80
causal_query_repair,payload_handover,occlusion_persistence,hidden_mechanism,0.600000,0.558007,0.160538,0.158207,0.067579,0.279122,0.071958,0.124215,0.131813,0.159812,0.138188,0.215871,0.108031,0.002242,0.001094,0.001051,0.000653,0.000941,0.000568,0.001051,0.000967,0.001101,0.001361,0.108203,80
causal_query_repair,payload_handover,occlusion_persistence,in_distribution,0.675000,0.573690,0.148998,0.145083,0.063160,0.275301,0.066410,0.114348,0.123384,0.148482,0.128525,0.333207,0.103285,0.002287,0.001116,0.001053,0.000594,0.000958,0.000680,0.000841,0.000779,0.001072,0.001035,0.103256,80
causal_query_repair,payload_handover,occlusion_persistence,long_horizon,0.675000,0.563509,0.166042,0.170821,0.071074,0.277204,0.072283,0.126281,0.136634,0.164784,0.142730,0.271070,0.103285,0.002371,0.001210,0.001021,0.000513,0.000864,0.000661,0.000883,0.000833,0.001055,0.001073,0.103116,80
causal_query_repair,payload_handover,occlusion_persistence,sparse_observation,0.662500,0.555176,0.167633,0.166395,0.071992,0.282428,0.075346,0.131117,0.137773,0.168000,0.144772,0.251845,0.104273,0.002443,0.001112,0.001106,0.000675,0.000820,0.000581,0.000978,0.000827,0.001164,0.001125,0.104581,80
causal_query_repair,payload_handover,payload_shift,combined_stress,0.637500,0.547907,0.182571,0.182145,0.079740,0.282242,0.075987,0.134728,0.149502,0.179000,0.155838,0.181690,0.106008,0.002115,0.001162,0.001180,0.000702,0.000838,0.000663,0.000929,0.000755,0.001103,0.001077,0.105630,80
causal_query_repair,payload_handover,payload_shift,hidden_mechanism,0.712500,0.574233,0.162292,0.155631,0.071406,0.273879,0.064466,0.113015,0.133607,0.155899,0.138528,0.336974,0.099805,0.001811,0.001023,0.001310,0.000643,0.000821,0.000682,0.000795,0.000793,0.000959,0.001087,0.099815,80
causal_query_repair,payload_handover,payload_shift,in_distribution,0.737500,0.587199,0.151071,0.144344,0.065688,0.269248,0.060284,0.102264,0.125991,0.144178,0.130432,0.402187,0.097026,0.002046,0.001016,0.001195,0.000720,0.000847,0.000597,0.000871,0.000852,0.001122,0.001004,0.097534,80
causal_query_repair,payload_handover,payload_shift,long_horizon,0.725000,0.579219,0.167287,0.169479,0.074451,0.273912,0.065534,0.114948,0.138855,0.160628,0.143815,0.328244,0.098464,0.002185,0.001233,0.001062,0.000648,0.000798,0.000753,0.000882,0.000901,0.001121,0.001171,0.099188,80
causal_query_repair,payload_handover,payload_shift,sparse_observation,0.637500,0.552470,0.173743,0.166751,0.076193,0.281362,0.073785,0.129921,0.143324,0.172032,0.149727,0.213464,0.106008,0.002228,0.000945,0.001106,0.000628,0.000900,0.000703,0.000817,0.000860,0.001060,0.001134,0.106460,80
causal_query_repair,peg_insert_with_lag,actuator_lag,combined_stress,0.662500,0.553565,0.183022,0.181465,0.079219,0.284118,0.076175,0.134645,0.148445,0.177839,0.154816,0.209305,0.104273,0.002114,0.001226,0.001171,0.000606,0.000828,0.000709,0.000830,0.000852,0.001211,0.001087,0.104210,80
causal_query_repair,peg_insert_with_lag,actuator_lag,hidden_mechanism,0.750000,0.578657,0.161333,0.155861,0.070172,0.274681,0.065163,0.112716,0.131885,0.154481,0.137093,0.378523,0.095487,0.002335,0.001149,0.001122,0.000697,0.000709,0.000683,0.000894,0.000871,0.001016,0.001174,0.095486,80
causal_query_repair,peg_insert_with_lag,actuator_lag,in_distribution,0.737500,0.592838,0.150414,0.142248,0.065551,0.270357,0.059982,0.102317,0.124244,0.143151,0.128330,0.407424,0.097026,0.002156,0.001047,0.001127,0.000594,0.000947,0.000655,0.000750,0.000923,0.001200,0.001121,0.097177,80
causal_query_repair,peg_insert_with_lag,actuator_lag,long_horizon,0.662500,0.583248,0.166883,0.166738,0.073537,0.273527,0.065493,0.115378,0.137979,0.160612,0.142596,0.271196,0.104273,0.002513,0.001137,0.001058,0.000642,0.000851,0.000617,0.000924,0.000891,0.001055,0.001099,0.104577,80
causal_query_repair,peg_insert_with_lag,actuator_lag,sparse_observation,0.612500,0.557631,0.172357,0.165620,0.075079,0.281263,0.073252,0.129554,0.142446,0.170639,0.148736,0.194499,0.107431,0.002410,0.001071,0.001108,0.000674,0.000902,0.000681,0.000876,0.000875,0.001144,0.000997,0.107775,80
causal_query_repair,peg_insert_with_lag,combined_hidden_mechanisms,combined_stress,0.562500,0.505288,0.203268,0.199435,0.083652,0.294661,0.081693,0.148807,0.159444,0.191219,0.167062,0.039580,0.109394,0.001989,0.001077,0.001147,0.000658,0.000774,0.000696,0.001037,0.000814,0.001014,0.001272,0.108952,80
causal_query_repair,peg_insert_with_lag,combined_hidden_mechanisms,hidden_mechanism,0.587500,0.514927,0.196772,0.180948,0.081051,0.291706,0.077026,0.138046,0.153322,0.182649,0.160178,0.100461,0.108557,0.002050,0.001105,0.001008,0.000673,0.000926,0.000678,0.000834,0.000949,0.001110,0.001098,0.108617,80
causal_query_repair,peg_insert_with_lag,combined_hidden_mechanisms,in_distribution,0.612500,0.525227,0.185353,0.171781,0.075858,0.288505,0.071498,0.127948,0.145143,0.170855,0.151163,0.163271,0.107431,0.002311,0.001071,0.000989,0.000703,0.000841,0.000729,0.000915,0.000827,0.000941,0.000994,0.107442,80
causal_query_repair,peg_insert_with_lag,combined_hidden_mechanisms,long_horizon,0.662500,0.517307,0.201223,0.195366,0.082762,0.291243,0.076812,0.139852,0.156226,0.185090,0.162873,0.157168,0.104273,0.002261,0.001065,0.001104,0.000653,0.000926,0.000630,0.000844,0.000972,0.001242,0.001259,0.104361,80
causal_query_repair,peg_insert_with_lag,combined_hidden_mechanisms,sparse_observation,0.687500,0.508047,0.200893,0.189808,0.082417,0.295119,0.080517,0.145082,0.155626,0.187451,0.162719,0.180195,0.102212,0.002164,0.001022,0.000961,0.000589,0.000804,0.000688,0.000894,0.000942,0.001128,0.001055,0.102057,80
causal_query_repair,peg_insert_with_lag,compliance_shift,combined_stress,0.662500,0.565186,0.175793,0.177616,0.078098,0.279601,0.073665,0.131454,0.145062,0.174287,0.151310,0.229601,0.104273,0.002620,0.001034,0.001089,0.000755,0.000846,0.000754,0.000927,0.000715,0.001000,0.001028,0.104667,80
causal_query_repair,peg_insert_with_lag,compliance_shift,hidden_mechanism,0.562500,0.589859,0.153165,0.150847,0.067126,0.272713,0.063212,0.108657,0.127744,0.150408,0.132324,0.214562,0.109394,0.001894,0.001245,0.001035,0.000630,0.000955,0.000640,0.000944,0.000931,0.001090,0.001088,0.109133,80
causal_query_repair,peg_insert_with_lag,compliance_shift,in_distribution,0.787500,0.601397,0.141217,0.138718,0.062459,0.266894,0.057598,0.098505,0.119017,0.137693,0.122781,0.481230,0.090208,0.002125,0.001217,0.001123,0.000617,0.000867,0.000681,0.001064,0.000930,0.001237,0.001201,0.090024,80
causal_query_repair,peg_insert_with_lag,compliance_shift,long_horizon,0.587500,0.594033,0.157733,0.163203,0.069505,0.270836,0.064008,0.110038,0.132721,0.154246,0.137251,0.221314,0.108557,0.002146,0.000984,0.001070,0.000633,0.000899,0.000645,0.000974,0.001130,0.001296,0.001299,0.108464,80
causal_query_repair,peg_insert_with_lag,compliance_shift,sparse_observation,0.662500,0.569928,0.164396,0.161962,0.071111,0.279189,0.072162,0.124957,0.136697,0.164414,0.141975,0.268833,0.104273,0.002089,0.001012,0.001219,0.000626,0.000862,0.000706,0.000719,0.000879,0.001127,0.001141,0.104479,80
causal_query_repair,peg_insert_with_lag,contact_mode_flip,combined_stress,0.550000,0.540490,0.191369,0.189779,0.081305,0.287639,0.078243,0.140076,0.152830,0.183462,0.159949,0.069940,0.109706,0.002144,0.001035,0.001041,0.000567,0.000944,0.000687,0.000836,0.000882,0.001166,0.001176,0.109586,80
causal_query_repair,peg_insert_with_lag,contact_mode_flip,hidden_mechanism,0.625000,0.564551,0.169548,0.163950,0.070568,0.279494,0.066868,0.117104,0.134435,0.157824,0.140172,0.229569,0.106757,0.002050,0.001089,0.001177,0.000716,0.000880,0.000715,0.000910,0.000852,0.001159,0.001110,0.107061,80
causal_query_repair,peg_insert_with_lag,contact_mode_flip,in_distribution,0.700000,0.576978,0.157427,0.150745,0.065458,0.273400,0.061782,0.107236,0.127817,0.147598,0.132299,0.346395,0.101054,0.001813,0.001114,0.001093,0.000590,0.000907,0.000701,0.000967,0.000900,0.001202,0.001061,0.100997,80
causal_query_repair,peg_insert_with_lag,contact_mode_flip,long_horizon,0.650000,0.568848,0.174984,0.176186,0.073453,0.278212,0.067909,0.119444,0.139655,0.162340,0.144993,0.234470,0.105180,0.002313,0.000897,0.000878,0.000693,0.000973,0.000733,0.000890,0.000911,0.001036,0.001250,0.105338,80
causal_query_repair,peg_insert_with_lag,contact_mode_flip,sparse_observation,0.662500,0.544738,0.180983,0.172898,0.075323,0.286283,0.075655,0.134135,0.144333,0.174067,0.150900,0.221318,0.104273,0.002343,0.001195,0.001017,0.000684,0.000886,0.000716,0.000885,0.000881,0.001082,0.001100,0.104222,80
causal_query_repair,peg_insert_with_lag,friction_shift,combined_stress,0.675000,0.577531,0.169656,0.171235,0.075371,0.277232,0.073496,0.127135,0.141768,0.170542,0.147887,0.263559,0.103285,0.002074,0.001213,0.001059,0.000687,0.000917,0.000721,0.000903,0.000842,0.001147,0.001065,0.103279,80
causal_query_repair,peg_insert_with_lag,friction_shift,hidden_mechanism,0.725000,0.599867,0.145476,0.146476,0.064082,0.268840,0.061730,0.104683,0.123738,0.144892,0.128065,0.399465,0.098464,0.002398,0.001168,0.001225,0.000611,0.000718,0.000670,0.000928,0.000918,0.001132,0.001236,0.098676,80
causal_query_repair,peg_insert_with_lag,friction_shift,in_distribution,0.762500,0.613441,0.134389,0.133470,0.059911,0.264687,0.056627,0.095243,0.114327,0.132288,0.117767,0.478216,0.093841,0.001988,0.001141,0.001135,0.000666,0.000921,0.000677,0.000879,0.000781,0.001023,0.000986,0.094130,80
causal_query_repair,peg_insert_with_lag,friction_shift,long_horizon,0.675000,0.602954,0.151163,0.159464,0.067405,0.267877,0.062060,0.107373,0.127652,0.148424,0.132382,0.328731,0.103285,0.002106,0.001062,0.001032,0.000573,0.000881,0.000693,0.000864,0.000804,0.001000,0.001041,0.103373,80
causal_query_repair,peg_insert_with_lag,friction_shift,sparse_observation,0.675000,0.579799,0.157042,0.157404,0.069432,0.275879,0.070302,0.121776,0.132193,0.159706,0.137917,0.302289,0.103285,0.002668,0.001046,0.001129,0.000690,0.000784,0.000649,0.000888,0.000755,0.000907,0.001068,0.102955,80
causal_query_repair,peg_insert_with_lag,nominal,combined_stress,0.687500,0.611221,0.151188,0.158580,0.069871,0.269343,0.068436,0.117755,0.130680,0.157448,0.135892,0.334221,0.102212,0.001930,0.001125,0.001081,0.000643,0.000950,0.000529,0.000943,0.000933,0.001230,0.001216,0.102287,80
causal_query_repair,peg_insert_with_lag,nominal,hidden_mechanism,0.775000,0.636482,0.127635,0.133256,0.058935,0.261223,0.057894,0.095370,0.112309,0.132640,0.116541,0.507576,0.092084,0.002216,0.000968,0.001224,0.000638,0.000801,0.000594,0.000919,0.000851,0.001104,0.001126,0.092114,80
causal_query_repair,peg_insert_with_lag,nominal,in_distribution,0.712500,0.648261,0.116185,0.120579,0.053899,0.256588,0.052823,0.085404,0.103763,0.120637,0.106989,0.486383,0.099805,0.002288,0.001028,0.001276,0.000642,0.000932,0.000639,0.000768,0.000824,0.001022,0.001026,0.099980,80
causal_query_repair,peg_insert_with_lag,nominal,long_horizon,0.712500,0.639188,0.132346,0.145759,0.061770,0.260013,0.057980,0.097326,0.117669,0.137158,0.121832,0.425429,0.099805,0.002196,0.001029,0.001082,0.000640,0.000895,0.000761,0.000836,0.000923,0.001120,0.001192,0.099439,80
causal_query_repair,peg_insert_with_lag,nominal,sparse_observation,0.725000,0.612268,0.139375,0.143664,0.064389,0.267907,0.066254,0.111699,0.122135,0.147770,0.127059,0.408625,0.098464,0.002282,0.001214,0.001100,0.000693,0.000847,0.000667,0.000864,0.000928,0.001077,0.001156,0.098392,80
causal_query_repair,peg_insert_with_lag,occlusion_persistence,combined_stress,0.437500,0.549343,0.183749,0.183462,0.078556,0.285176,0.077692,0.138192,0.148898,0.180105,0.155972,-0.020797,0.109394,0.002063,0.001028,0.001097,0.000619,0.000868,0.000724,0.000770,0.001020,0.001247,0.001290,0.109454,80
causal_query_repair,peg_insert_with_lag,occlusion_persistence,hidden_mechanism,0.600000,0.556215,0.164046,0.160042,0.069403,0.281090,0.072165,0.126064,0.132808,0.161378,0.139142,0.206978,0.108031,0.002639,0.001083,0.001104,0.000674,0.000867,0.000638,0.000807,0.000833,0.001122,0.001120,0.108176,80
causal_query_repair,peg_insert_with_lag,occlusion_persistence,in_distribution,0.662500,0.570516,0.152830,0.148214,0.063895,0.277227,0.066782,0.114823,0.124364,0.150131,0.129660,0.311389,0.104273,0.002098,0.001048,0.001127,0.000626,0.000958,0.000719,0.000852,0.000950,0.001203,0.001193,0.104126,80
causal_query_repair,peg_insert_with_lag,occlusion_persistence,long_horizon,0.662500,0.560156,0.168264,0.173907,0.071894,0.281024,0.073415,0.129007,0.138752,0.167362,0.145319,0.248460,0.104273,0.002272,0.001036,0.001062,0.000646,0.000796,0.000672,0.000742,0.000884,0.001141,0.001020,0.104084,80
causal_query_repair,peg_insert_with_lag,occlusion_persistence,sparse_observation,0.675000,0.552149,0.171654,0.169255,0.073094,0.284183,0.076416,0.132759,0.140372,0.171526,0.147127,0.253132,0.103285,0.002236,0.001073,0.001030,0.000600,0.000936,0.000615,0.000895,0.000975,0.001165,0.001168,0.103302,80
causal_query_repair,peg_insert_with_lag,payload_shift,combined_stress,0.487500,0.547005,0.186031,0.184001,0.080018,0.284315,0.076359,0.136247,0.151494,0.180948,0.158580,0.024059,0.110224,0.002267,0.001129,0.001139,0.000752,0.000923,0.000682,0.000889,0.000870,0.001074,0.001194,0.110092,80
causal_query_repair,peg_insert_with_lag,payload_shift,hidden_mechanism,0.650000,0.570205,0.165193,0.158793,0.071456,0.276173,0.065498,0.114742,0.135353,0.157066,0.140872,0.265210,0.105180,0.002395,0.001171,0.001138,0.000648,0.000802,0.000701,0.000938,0.000859,0.001148,0.001019,0.105323,80
causal_query_repair,peg_insert_with_lag,payload_shift,in_distribution,0.650000,0.581388,0.154155,0.146365,0.066703,0.272100,0.060736,0.104150,0.127724,0.146477,0.132338,0.304646,0.105180,0.002209,0.001015,0.001190,0.000647,0.000884,0.000676,0.001004,0.000928,0.001168,0.001131,0.105101,80
causal_query_repair,peg_insert_with_lag,payload_shift,long_horizon,0.712500,0.574503,0.170779,0.172087,0.074556,0.276626,0.065894,0.117289,0.140141,0.162193,0.145248,0.306484,0.099805,0.002244,0.001089,0.001224,0.000655,0.000837,0.000663,0.000888,0.000942,0.001234,0.001221,0.099934,80
causal_query_repair,peg_insert_with_lag,payload_shift,sparse_observation,0.600000,0.549774,0.177190,0.169219,0.076422,0.283389,0.074183,0.130189,0.145640,0.174619,0.152272,0.167351,0.108031,0.002241,0.001024,0.001092,0.000644,0.000843,0.000657,0.000882,0.000907,0.001201,0.001027,0.108019,80
conformal_risk_filter,cluttered_navigation_grasp,actuator_lag,combined_stress,0.400000,0.367801,0.246461,0.246393,0.091472,0.210602,0.084897,0.217499,0.165810,0.211487,0.173853,-0.248567,0.108031,0.002317,0.001099,0.000997,0.000673,0.000909,0.000634,0.000850,0.000945,0.001149,0.001235,0.107929,80
conformal_risk_filter,cluttered_navigation_grasp,actuator_lag,hidden_mechanism,0.462500,0.394130,0.223037,0.217854,0.081096,0.202919,0.073111,0.188162,0.148574,0.186670,0.154756,-0.096842,0.109948,0.002055,0.000971,0.001201,0.000682,0.000751,0.000670,0.001015,0.000940,0.001206,0.001269,0.109840,80
conformal_risk_filter,cluttered_navigation_grasp,actuator_lag,in_distribution,0.537500,0.408485,0.210067,0.204617,0.076000,0.199066,0.067760,0.172812,0.141189,0.176607,0.146696,0.022489,0.109948,0.002105,0.001122,0.001106,0.000579,0.000811,0.000740,0.000817,0.000900,0.001002,0.001024,0.109546,80
conformal_risk_filter,cluttered_navigation_grasp,actuator_lag,long_horizon,0.562500,0.398843,0.228258,0.231346,0.084517,0.202551,0.073473,0.192386,0.154619,0.192695,0.161347,-0.018957,0.109394,0.002028,0.000861,0.001156,0.000640,0.000961,0.000652,0.000696,0.000807,0.001047,0.000933,0.109261,80
conformal_risk_filter,cluttered_navigation_grasp,actuator_lag,sparse_observation,0.500000,0.371028,0.235513,0.230977,0.087074,0.209878,0.082218,0.209664,0.158779,0.203404,0.166524,-0.113025,0.110259,0.002315,0.001225,0.001113,0.000661,0.001041,0.000671,0.000914,0.000760,0.000963,0.001038,0.110072,80
conformal_risk_filter,cluttered_navigation_grasp,combined_hidden_mechanisms,combined_stress,0.337500,0.298878,0.270937,0.266141,0.096243,0.220325,0.090962,0.240887,0.175806,0.224024,0.184878,-0.394699,0.104273,0.002121,0.001063,0.001129,0.000621,0.000919,0.000629,0.000924,0.000939,0.001088,0.001257,0.104148,80
conformal_risk_filter,cluttered_navigation_grasp,combined_hidden_mechanisms,hidden_mechanism,0.425000,0.308577,0.261669,0.246313,0.092749,0.217736,0.085828,0.225194,0.170311,0.215319,0.178280,-0.266036,0.109011,0.002160,0.001028,0.001145,0.000619,0.000877,0.000630,0.000876,0.001001,0.001227,0.001315,0.108833,80
conformal_risk_filter,cluttered_navigation_grasp,combined_hidden_mechanisms,in_distribution,0.437500,0.321006,0.250574,0.236084,0.088197,0.214337,0.080236,0.211102,0.161804,0.203203,0.169141,-0.214042,0.109394,0.001999,0.001096,0.001067,0.000731,0.000787,0.000615,0.000871,0.000927,0.001150,0.001120,0.109384,80
conformal_risk_filter,cluttered_navigation_grasp,combined_hidden_mechanisms,long_horizon,0.412500,0.312242,0.265218,0.261543,0.094649,0.216862,0.086457,0.229744,0.173488,0.218103,0.181923,-0.297450,0.108557,0.002071,0.001238,0.001028,0.000625,0.001046,0.000679,0.000934,0.000829,0.001016,0.001010,0.108707,80
conformal_risk_filter,cluttered_navigation_grasp,combined_hidden_mechanisms,sparse_observation,0.487500,0.299479,0.266275,0.254707,0.094711,0.220161,0.089642,0.235520,0.173666,0.221117,0.182917,-0.226473,0.110224,0.002335,0.001078,0.001253,0.000622,0.000837,0.000691,0.000804,0.000863,0.001036,0.001070,0.110452,80
conformal_risk_filter,cluttered_navigation_grasp,compliance_shift,combined_stress,0.487500,0.388523,0.240167,0.240830,0.089979,0.207346,0.083309,0.212495,0.161703,0.206210,0.169533,-0.136861,0.110224,0.002309,0.000988,0.000915,0.000646,0.000887,0.000720,0.000816,0.000947,0.000994,0.001158,0.110392,80
conformal_risk_filter,cluttered_navigation_grasp,compliance_shift,hidden_mechanism,0.512500,0.412268,0.214195,0.212154,0.077215,0.199909,0.071134,0.180890,0.143202,0.181118,0.149606,-0.017157,0.110224,0.002334,0.000996,0.001071,0.000714,0.000852,0.000654,0.000987,0.000877,0.001101,0.001117,0.110343,80
conformal_risk_filter,cluttered_navigation_grasp,compliance_shift,in_distribution,0.575000,0.425782,0.201764,0.198306,0.072334,0.195712,0.064510,0.166453,0.135100,0.168677,0.140271,0.090211,0.109011,0.002133,0.001037,0.001037,0.000585,0.000873,0.000749,0.000887,0.000931,0.001198,0.001193,0.109185,80
conformal_risk_filter,cluttered_navigation_grasp,compliance_shift,long_horizon,0.587500,0.415194,0.220382,0.224965,0.080917,0.199639,0.072492,0.185232,0.147376,0.185170,0.153667,0.035075,0.108557,0.002236,0.001070,0.001158,0.000659,0.000832,0.000705,0.000975,0.000859,0.001002,0.001051,0.108188,80
conformal_risk_filter,cluttered_navigation_grasp,compliance_shift,sparse_observation,0.500000,0.391714,0.225922,0.225149,0.083427,0.206393,0.079517,0.202123,0.153178,0.196666,0.160553,-0.081196,0.110259,0.002041,0.001230,0.001026,0.000628,0.000727,0.000709,0.000785,0.000938,0.001151,0.001256,0.110536,80
conformal_risk_filter,cluttered_navigation_grasp,contact_mode_flip,combined_stress,0.425000,0.349453,0.257537,0.255128,0.092846,0.214018,0.086819,0.225738,0.169866,0.216723,0.178626,-0.254558,0.109011,0.002055,0.001010,0.001084,0.000661,0.000815,0.000670,0.000825,0.000759,0.000952,0.001036,0.108700,80
conformal_risk_filter,cluttered_navigation_grasp,contact_mode_flip,hidden_mechanism,0.525000,0.377454,0.232314,0.226038,0.081221,0.206952,0.075356,0.194627,0.150377,0.189400,0.157147,-0.059931,0.110121,0.002349,0.001066,0.001188,0.000647,0.000892,0.000686,0.000791,0.000936,0.001146,0.001064,0.110039,80
conformal_risk_filter,cluttered_navigation_grasp,contact_mode_flip,in_distribution,0.512500,0.389813,0.219959,0.213018,0.076580,0.202727,0.069929,0.180098,0.142445,0.178080,0.148708,-0.029653,0.110224,0.002075,0.001272,0.001028,0.000613,0.000893,0.000525,0.000844,0.000918,0.001117,0.001083,0.110197,80
conformal_risk_filter,cluttered_navigation_grasp,contact_mode_flip,long_horizon,0.500000,0.378784,0.238740,0.238862,0.084852,0.206470,0.076253,0.199816,0.155499,0.194985,0.161911,-0.108861,0.110259,0.002173,0.001128,0.001209,0.000664,0.000750,0.000668,0.000902,0.000736,0.000920,0.000986,0.109976,80
conformal_risk_filter,cluttered_navigation_grasp,contact_mode_flip,sparse_observation,0.500000,0.355654,0.243349,0.239427,0.087071,0.212697,0.084204,0.216600,0.160713,0.206635,0.168733,-0.136592,0.110259,0.002384,0.001237,0.001042,0.000635,0.000777,0.000650,0.000885,0.000965,0.001218,0.001097,0.110164,80
conformal_risk_filter,cluttered_navigation_grasp,friction_shift,combined_stress,0.550000,0.399728,0.231811,0.235665,0.087660,0.204887,0.081688,0.206178,0.157636,0.202272,0.165371,-0.050921,0.109706,0.002022,0.001137,0.000922,0.000606,0.000833,0.000559,0.000843,0.000920,0.001179,0.001060,0.109445,80
conformal_risk_filter,cluttered_navigation_grasp,friction_shift,hidden_mechanism,0.537500,0.429529,0.205489,0.207014,0.075391,0.197452,0.069858,0.175096,0.138905,0.175987,0.145169,0.032981,0.109948,0.002174,0.001156,0.001109,0.000691,0.000877,0.000565,0.000917,0.000940,0.001171,0.001031,0.109998,80
conformal_risk_filter,cluttered_navigation_grasp,friction_shift,in_distribution,0.450000,0.441759,0.194139,0.192142,0.070034,0.193949,0.064156,0.159627,0.130073,0.163848,0.135076,-0.009817,0.109706,0.002123,0.000946,0.001166,0.000688,0.000824,0.000619,0.000931,0.000905,0.001119,0.000999,0.109954,80
conformal_risk_filter,cluttered_navigation_grasp,friction_shift,long_horizon,0.675000,0.429746,0.211290,0.219598,0.077988,0.197451,0.070476,0.180222,0.143372,0.180178,0.149714,0.148458,0.103285,0.002083,0.001085,0.001001,0.000644,0.000984,0.000510,0.000881,0.000889,0.001027,0.001114,0.102931,80
conformal_risk_filter,cluttered_navigation_grasp,friction_shift,sparse_observation,0.487500,0.405152,0.218225,0.217354,0.081170,0.203946,0.077956,0.196200,0.149137,0.192288,0.155977,-0.068247,0.110224,0.002060,0.001013,0.001012,0.000686,0.000783,0.000586,0.000907,0.000868,0.001016,0.001024,0.110316,80
conformal_risk_filter,cluttered_navigation_grasp,nominal,combined_stress,0.587500,0.456431,0.212169,0.220695,0.080905,0.198473,0.077071,0.190846,0.146921,0.190075,0.154143,0.057040,0.108557,0.002097,0.001059,0.001053,0.000680,0.000805,0.000694,0.001012,0.001044,0.001240,0.001269,0.108541,80
conformal_risk_filter,cluttered_navigation_grasp,nominal,hidden_mechanism,0.662500,0.480539,0.185199,0.190268,0.068526,0.190307,0.064997,0.158697,0.127100,0.162291,0.132245,0.229864,0.104273,0.002103,0.001136,0.001150,0.000734,0.000945,0.000662,0.000940,0.000864,0.001119,0.001055,0.104266,80
conformal_risk_filter,cluttered_navigation_grasp,nominal,in_distribution,0.737500,0.490612,0.173193,0.177326,0.062877,0.186525,0.059523,0.143928,0.118413,0.150227,0.122588,0.347966,0.097026,0.002192,0.000923,0.001078,0.000579,0.000900,0.000616,0.000780,0.000891,0.001268,0.001025,0.097153,80
conformal_risk_filter,cluttered_navigation_grasp,nominal,long_horizon,0.700000,0.484484,0.191025,0.204252,0.072052,0.190359,0.065717,0.164112,0.131783,0.166665,0.136932,0.244251,0.101054,0.001995,0.001079,0.001015,0.000678,0.000861,0.000691,0.000944,0.000909,0.000963,0.001088,0.101269,80
conformal_risk_filter,cluttered_navigation_grasp,nominal,sparse_observation,0.675000,0.458767,0.198524,0.204362,0.073989,0.196953,0.073234,0.180010,0.137490,0.179066,0.143719,0.188620,0.103285,0.002028,0.001171,0.001136,0.000650,0.000897,0.000683,0.000911,0.000886,0.001165,0.001079,0.103423,80
conformal_risk_filter,cluttered_navigation_grasp,occlusion_persistence,combined_stress,0.512500,0.363521,0.249007,0.248832,0.091252,0.212120,0.086355,0.222358,0.165851,0.212835,0.174842,-0.143776,0.110224,0.002512,0.000919,0.001224,0.000582,0.000868,0.000712,0.000917,0.000977,0.001138,0.001192,0.110244,80
conformal_risk_filter,cluttered_navigation_grasp,occlusion_persistence,hidden_mechanism,0.512500,0.375192,0.225523,0.222947,0.079714,0.208601,0.081510,0.203566,0.149820,0.193968,0.157401,-0.068208,0.110224,0.002306,0.001042,0.001096,0.000640,0.000860,0.000649,0.000756,0.000926,0.001091,0.001339,0.109940,80
conformal_risk_filter,cluttered_navigation_grasp,occlusion_persistence,in_distribution,0.550000,0.387922,0.212886,0.210311,0.074870,0.205248,0.074783,0.188717,0.140926,0.182049,0.147300,0.013489,0.109706,0.002085,0.001099,0.001067,0.000607,0.000816,0.000619,0.000863,0.000926,0.001118,0.001246,0.110090,80
conformal_risk_filter,cluttered_navigation_grasp,occlusion_persistence,long_horizon,0.400000,0.375658,0.232448,0.236909,0.083970,0.209383,0.082563,0.207977,0.154895,0.199334,0.162551,-0.207214,0.108031,0.002311,0.001066,0.001214,0.000639,0.000685,0.000627,0.000845,0.000783,0.001034,0.001052,0.108020,80
conformal_risk_filter,cluttered_navigation_grasp,occlusion_persistence,sparse_observation,0.425000,0.367958,0.234607,0.232404,0.084971,0.210709,0.084561,0.213801,0.156100,0.202597,0.164492,-0.187768,0.109011,0.002466,0.000886,0.001067,0.000573,0.000954,0.000648,0.000800,0.000849,0.001289,0.001104,0.109130,80
conformal_risk_filter,cluttered_navigation_grasp,payload_shift,combined_stress,0.525000,0.350892,0.251496,0.249687,0.092735,0.210835,0.086076,0.221066,0.167378,0.212583,0.175924,-0.140268,0.110121,0.002047,0.001107,0.001109,0.000647,0.001106,0.000600,0.000762,0.000836,0.001015,0.001096,0.110042,80
conformal_risk_filter,cluttered_navigation_grasp,payload_shift,hidden_mechanism,0.425000,0.377202,0.228727,0.221227,0.083243,0.204260,0.073341,0.191550,0.152026,0.190318,0.158322,-0.153631,0.109011,0.002438,0.000872,0.001105,0.000692,0.000779,0.000716,0.000799,0.000914,0.001184,0.001082,0.109307,80
conformal_risk_filter,cluttered_navigation_grasp,payload_shift,in_distribution,0.562500,0.393687,0.214241,0.208354,0.077154,0.200329,0.068382,0.176853,0.142977,0.177425,0.148841,0.031823,0.109394,0.002253,0.001110,0.001080,0.000684,0.001007,0.000592,0.000745,0.000790,0.001163,0.000894,0.109372,80
conformal_risk_filter,cluttered_navigation_grasp,payload_shift,long_horizon,0.500000,0.385591,0.234249,0.234418,0.086462,0.203739,0.074759,0.195696,0.157398,0.194746,0.163724,-0.099404,0.110259,0.002080,0.001030,0.001088,0.000550,0.000972,0.000675,0.000835,0.000900,0.001153,0.001031,0.110220,80
conformal_risk_filter,cluttered_navigation_grasp,payload_shift,sparse_observation,0.587500,0.358786,0.240975,0.234554,0.088590,0.210635,0.083249,0.212835,0.161454,0.206153,0.169732,-0.042224,0.108557,0.002151,0.001131,0.000968,0.000729,0.000860,0.000722,0.000911,0.000954,0.001190,0.001155,0.108573,80
conformal_risk_filter,deformable_bin_pick,actuator_lag,combined_stress,0.475000,0.371591,0.244758,0.243442,0.091116,0.210482,0.084628,0.217134,0.164857,0.211195,0.172492,-0.167171,0.110121,0.002159,0.000913,0.001038,0.000672,0.000991,0.000693,0.000888,0.000821,0.001029,0.000992,0.110071,80
conformal_risk_filter,deformable_bin_pick,actuator_lag,hidden_mechanism,0.562500,0.397294,0.221032,0.216043,0.081208,0.202121,0.072590,0.185570,0.147794,0.186273,0.153854,0.008911,0.109394,0.002405,0.001092,0.000925,0.000565,0.000914,0.000587,0.000853,0.000852,0.001113,0.001219,0.109511,80
conformal_risk_filter,deformable_bin_pick,actuator_lag,in_distribution,0.625000,0.409995,0.208366,0.202203,0.075568,0.199113,0.067297,0.171180,0.139430,0.174492,0.144724,0.116092,0.106757,0.002253,0.001015,0.001184,0.000577,0.001035,0.000701,0.001064,0.000879,0.001214,0.001124,0.106890,80
conformal_risk_filter,deformable_bin_pick,actuator_lag,long_horizon,0.487500,0.399211,0.227108,0.230108,0.083579,0.202382,0.073415,0.191574,0.153339,0.191402,0.159735,-0.089761,0.110224,0.002431,0.000977,0.001184,0.000567,0.000863,0.000595,0.000836,0.000772,0.001043,0.001000,0.110125,80
conformal_risk_filter,deformable_bin_pick,actuator_lag,sparse_observation,0.587500,0.373413,0.233568,0.228438,0.086328,0.209012,0.081309,0.207815,0.157792,0.202112,0.165562,-0.018408,0.108557,0.002141,0.001000,0.001137,0.000600,0.000966,0.000559,0.000880,0.000862,0.001016,0.001045,0.108481,80
conformal_risk_filter,deformable_bin_pick,combined_hidden_mechanisms,combined_stress,0.387500,0.300571,0.269580,0.265744,0.095928,0.220027,0.090702,0.239542,0.176261,0.224853,0.185407,-0.342026,0.107431,0.002211,0.001112,0.001045,0.000657,0.000910,0.000627,0.000938,0.000991,0.001109,0.001144,0.107345,80
conformal_risk_filter,deformable_bin_pick,combined_hidden_mechanisms,hidden_mechanism,0.400000,0.309637,0.261155,0.246218,0.092772,0.219014,0.084763,0.224767,0.170172,0.214881,0.178692,-0.289788,0.108031,0.001908,0.001002,0.000961,0.000673,0.000883,0.000726,0.000840,0.000885,0.000939,0.001164,0.108139,80
conformal_risk_filter,deformable_bin_pick,combined_hidden_mechanisms,in_distribution,0.400000,0.325057,0.247973,0.233325,0.087045,0.214277,0.080619,0.209485,0.161278,0.202770,0.168556,-0.243939,0.108031,0.002254,0.001091,0.001219,0.000680,0.000867,0.000657,0.000834,0.000825,0.001036,0.000999,0.108083,80
conformal_risk_filter,deformable_bin_pick,combined_hidden_mechanisms,long_horizon,0.387500,0.309668,0.265450,0.259525,0.094303,0.218090,0.086617,0.228828,0.173373,0.217930,0.182032,-0.321799,0.107431,0.002189,0.001054,0.001167,0.000729,0.000864,0.000602,0.000886,0.000923,0.001129,0.001067,0.107314,80
conformal_risk_filter,deformable_bin_pick,combined_hidden_mechanisms,sparse_observation,0.375000,0.297818,0.266784,0.254066,0.095044,0.220473,0.088966,0.234782,0.173375,0.220344,0.182224,-0.339251,0.106757,0.002002,0.001003,0.001098,0.000633,0.000729,0.000705,0.000959,0.000848,0.001041,0.001045,0.106640,80
conformal_risk_filter,deformable_bin_pick,compliance_shift,combined_stress,0.537500,0.390349,0.238457,0.239037,0.089566,0.207849,0.082314,0.210659,0.162357,0.207286,0.169849,-0.082500,0.109948,0.002147,0.001103,0.001233,0.000583,0.000793,0.000694,0.000876,0.000850,0.001120,0.001005,0.109923,80
conformal_risk_filter,deformable_bin_pick,compliance_shift,hidden_mechanism,0.637500,0.414343,0.211303,0.208856,0.076736,0.199509,0.070170,0.179220,0.142697,0.179648,0.148784,0.115583,0.106008,0.002066,0.000996,0.000947,0.000724,0.000985,0.000686,0.000904,0.000814,0.001055,0.001029,0.106227,80
conformal_risk_filter,deformable_bin_pick,compliance_shift,in_distribution,0.700000,0.429870,0.198185,0.196236,0.072079,0.197354,0.065280,0.164872,0.133353,0.166981,0.138246,0.222300,0.101054,0.002025,0.001103,0.001184,0.000713,0.000882,0.000657,0.000855,0.000864,0.001124,0.001100,0.101514,80
conformal_risk_filter,deformable_bin_pick,compliance_shift,long_horizon,0.537500,0.418594,0.217386,0.223365,0.080143,0.199687,0.071154,0.183726,0.147847,0.184466,0.154258,-0.008245,0.109948,0.001989,0.001135,0.000995,0.000664,0.000908,0.000653,0.001000,0.000874,0.000931,0.001151,0.109745,80
conformal_risk_filter,deformable_bin_pick,compliance_shift,sparse_observation,0.425000,0.391483,0.223932,0.221552,0.082974,0.206172,0.079580,0.201614,0.152165,0.195318,0.159767,-0.150380,0.109011,0.002145,0.001096,0.001000,0.000610,0.000918,0.000717,0.000969,0.000862,0.001098,0.000943,0.109363,80
conformal_risk_filter,deformable_bin_pick,contact_mode_flip,combined_stress,0.475000,0.353756,0.254496,0.253114,0.093178,0.214392,0.086222,0.224795,0.168806,0.215681,0.177308,-0.197998,0.110121,0.002150,0.001075,0.000965,0.000630,0.000859,0.000733,0.000785,0.000840,0.001086,0.001061,0.110184,80
conformal_risk_filter,deformable_bin_pick,contact_mode_flip,hidden_mechanism,0.500000,0.379177,0.229936,0.223690,0.080941,0.205366,0.075091,0.192861,0.150112,0.189396,0.156525,-0.078890,0.110259,0.002587,0.001042,0.001105,0.000717,0.000863,0.000560,0.000717,0.000886,0.001115,0.001094,0.110063,80
conformal_risk_filter,deformable_bin_pick,contact_mode_flip,in_distribution,0.537500,0.392143,0.216983,0.210301,0.076073,0.202761,0.068888,0.177819,0.140851,0.176616,0.147055,0.003556,0.109948,0.002249,0.001033,0.000953,0.000614,0.000966,0.000624,0.000898,0.000855,0.001148,0.001154,0.109825,80
conformal_risk_filter,deformable_bin_pick,contact_mode_flip,long_horizon,0.437500,0.383337,0.235304,0.237563,0.084198,0.206779,0.075268,0.198047,0.155760,0.194943,0.162985,-0.164326,0.109394,0.002257,0.001058,0.001089,0.000594,0.000770,0.000765,0.000953,0.000848,0.001291,0.001072,0.109473,80
conformal_risk_filter,deformable_bin_pick,contact_mode_flip,sparse_observation,0.400000,0.359503,0.241981,0.236651,0.087542,0.213290,0.083427,0.214870,0.159936,0.205124,0.168188,-0.231269,0.108031,0.002224,0.001161,0.001105,0.000628,0.000861,0.000712,0.000791,0.000938,0.001159,0.001260,0.107895,80
conformal_risk_filter,deformable_bin_pick,friction_shift,combined_stress,0.475000,0.404107,0.229709,0.232872,0.086906,0.205979,0.081128,0.204413,0.158061,0.202436,0.166226,-0.119472,0.110121,0.002060,0.001169,0.001026,0.000664,0.000762,0.000727,0.000816,0.000827,0.000973,0.001155,0.109878,80
conformal_risk_filter,deformable_bin_pick,friction_shift,hidden_mechanism,0.562500,0.430294,0.202696,0.205139,0.074143,0.197765,0.069236,0.173117,0.137574,0.174416,0.143714,0.065074,0.109394,0.001890,0.001127,0.000924,0.000578,0.000807,0.000662,0.000888,0.000818,0.001036,0.001084,0.109449,80
conformal_risk_filter,deformable_bin_pick,friction_shift,in_distribution,0.575000,0.444704,0.191788,0.190577,0.068880,0.193683,0.063077,0.158711,0.128896,0.161589,0.133359,0.122378,0.109011,0.002014,0.001237,0.001299,0.000728,0.000818,0.000627,0.000806,0.000810,0.000950,0.001099,0.109294,80
conformal_risk_filter,deformable_bin_pick,friction_shift,long_horizon,0.600000,0.434358,0.209315,0.218843,0.077783,0.196390,0.070275,0.178579,0.143006,0.179757,0.149084,0.078637,0.108031,0.002281,0.001103,0.001156,0.000619,0.000824,0.000702,0.000765,0.000888,0.001026,0.001149,0.108168,80
conformal_risk_filter,deformable_bin_pick,friction_shift,sparse_observation,0.575000,0.407011,0.216508,0.217109,0.080521,0.203239,0.078140,0.194936,0.147303,0.190542,0.154590,0.023876,0.109011,0.002120,0.000983,0.001004,0.000653,0.000899,0.000594,0.000927,0.000783,0.001017,0.000977,0.109211,80
conformal_risk_filter,deformable_bin_pick,nominal,combined_stress,0.512500,0.455564,0.210101,0.218054,0.080546,0.198384,0.076067,0.188634,0.145687,0.187760,0.152557,-0.012114,0.110224,0.002234,0.001054,0.001022,0.000636,0.001056,0.000716,0.000865,0.000881,0.001100,0.001153,0.110625,80
conformal_risk_filter,deformable_bin_pick,nominal,hidden_mechanism,0.762500,0.484278,0.182848,0.189977,0.067970,0.190279,0.064537,0.156638,0.126439,0.162328,0.131799,0.335202,0.093841,0.001947,0.001276,0.000999,0.000596,0.000792,0.000683,0.000785,0.000930,0.001145,0.001161,0.093992,80
conformal_risk_filter,deformable_bin_pick,nominal,in_distribution,0.725000,0.497071,0.170837,0.174290,0.062680,0.187019,0.059436,0.142326,0.118626,0.150479,0.122831,0.342486,0.098464,0.002260,0.001035,0.001301,0.000655,0.000980,0.000669,0.000870,0.000805,0.001068,0.000989,0.098458,80
conformal_risk_filter,deformable_bin_pick,nominal,long_horizon,0.712500,0.485195,0.188997,0.202939,0.071385,0.190135,0.065550,0.162561,0.131986,0.167090,0.136840,0.260921,0.099805,0.002221,0.001134,0.001113,0.000623,0.000997,0.000682,0.000832,0.000913,0.001130,0.001072,0.099756,80
conformal_risk_filter,deformable_bin_pick,nominal,sparse_observation,0.637500,0.459233,0.195997,0.201853,0.073585,0.197095,0.073665,0.177888,0.136393,0.177923,0.143430,0.156836,0.106008,0.002184,0.000986,0.001093,0.000674,0.000898,0.000627,0.000935,0.000948,0.001220,0.001171,0.106049,80
conformal_risk_filter,deformable_bin_pick,occlusion_persistence,combined_stress,0.425000,0.367227,0.246374,0.246096,0.090850,0.211620,0.085572,0.220815,0.164944,0.211838,0.173254,-0.223576,0.109011,0.002009,0.001059,0.001077,0.000634,0.000900,0.000743,0.000847,0.000882,0.001197,0.001190,0.109146,80
conformal_risk_filter,deformable_bin_pick,occlusion_persistence,hidden_mechanism,0.550000,0.376376,0.223974,0.221594,0.079501,0.209486,0.080363,0.202283,0.148864,0.193690,0.155942,-0.026378,0.109706,0.002371,0.001107,0.001202,0.000657,0.000831,0.000647,0.000840,0.000842,0.001018,0.001034,0.109905,80
conformal_risk_filter,deformable_bin_pick,occlusion_persistence,in_distribution,0.462500,0.391304,0.210718,0.207989,0.074559,0.204720,0.074976,0.187739,0.139918,0.181000,0.145961,-0.067833,0.109948,0.002091,0.001236,0.001142,0.000642,0.000843,0.000601,0.000826,0.000842,0.001023,0.001145,0.109739,80
conformal_risk_filter,deformable_bin_pick,occlusion_persistence,long_horizon,0.500000,0.379111,0.229784,0.236020,0.083048,0.207083,0.080799,0.207899,0.154520,0.198400,0.162273,-0.100028,0.110259,0.002242,0.001033,0.001138,0.000756,0.000842,0.000613,0.000901,0.000861,0.001067,0.001059,0.110262,80
conformal_risk_filter,deformable_bin_pick,occlusion_persistence,sparse_observation,0.475000,0.370531,0.232220,0.230738,0.083676,0.211284,0.084478,0.212904,0.155202,0.202052,0.163025,-0.131411,0.110121,0.002245,0.000956,0.001099,0.000681,0.000880,0.000544,0.000839,0.000808,0.001102,0.000997,0.110434,80
conformal_risk_filter,deformable_bin_pick,payload_shift,combined_stress,0.462500,0.355424,0.247679,0.246906,0.091930,0.211688,0.084177,0.220493,0.166298,0.211860,0.173989,-0.193125,0.109948,0.002371,0.001126,0.001131,0.000610,0.000862,0.000671,0.000940,0.000909,0.001140,0.001136,0.109963,80
conformal_risk_filter,deformable_bin_pick,payload_shift,hidden_mechanism,0.675000,0.383497,0.225808,0.219369,0.082673,0.204234,0.073093,0.189462,0.150773,0.188406,0.157281,0.104603,0.103285,0.002123,0.001091,0.001093,0.000675,0.000914,0.000644,0.000671,0.000975,0.001148,0.001258,0.103203,80
conformal_risk_filter,deformable_bin_pick,payload_shift,in_distribution,0.512500,0.394986,0.213657,0.206576,0.077366,0.200881,0.067644,0.174935,0.142304,0.176853,0.148544,-0.014987,0.110224,0.002383,0.001055,0.001003,0.000610,0.000834,0.000684,0.000971,0.000888,0.001182,0.001145,0.110170,80
conformal_risk_filter,deformable_bin_pick,payload_shift,long_horizon,0.437500,0.385702,0.231741,0.233864,0.086191,0.203970,0.074663,0.194455,0.157223,0.195394,0.164559,-0.158500,0.109394,0.002065,0.001088,0.001113,0.000615,0.000789,0.000676,0.000885,0.000923,0.001138,0.001082,0.109100,80
conformal_risk_filter,deformable_bin_pick,payload_shift,sparse_observation,0.512500,0.359201,0.238485,0.231088,0.088090,0.210385,0.081916,0.212024,0.160208,0.204756,0.168508,-0.109809,0.110224,0.001772,0.001085,0.001054,0.000579,0.000826,0.000680,0.000907,0.000949,0.001162,0.001147,0.109758,80
conformal_risk_filter,drawer_contact_repair,actuator_lag,combined_stress,0.525000,0.374769,0.239469,0.239529,0.090037,0.208779,0.083299,0.212785,0.163625,0.208651,0.172159,-0.104154,0.110121,0.002157,0.001185,0.001061,0.000575,0.000893,0.000661,0.000872,0.000789,0.001000,0.000973,0.110092,80
conformal_risk_filter,drawer_contact_repair,actuator_lag,hidden_mechanism,0.587500,0.401813,0.215162,0.211407,0.080437,0.200905,0.072109,0.182280,0.145337,0.183740,0.151612,0.048128,0.108557,0.002382,0.001212,0.001024,0.000607,0.000913,0.000668,0.000985,0.000877,0.001049,0.001103,0.108814,80
conformal_risk_filter,drawer_contact_repair,actuator_lag,in_distribution,0.675000,0.416057,0.202979,0.198329,0.075121,0.196620,0.066157,0.168148,0.137009,0.171587,0.142112,0.180120,0.103285,0.002164,0.001255,0.001231,0.000583,0.000926,0.000678,0.000939,0.000762,0.001058,0.000988,0.103668,80
conformal_risk_filter,drawer_contact_repair,actuator_lag,long_horizon,0.562500,0.404815,0.222400,0.224000,0.083151,0.200354,0.072537,0.186552,0.151632,0.189501,0.157978,-0.000131,0.109394,0.002174,0.001039,0.001154,0.000615,0.000783,0.000628,0.000907,0.000881,0.001105,0.001082,0.109872,80
conformal_risk_filter,drawer_contact_repair,actuator_lag,sparse_observation,0.475000,0.379857,0.228695,0.223574,0.085630,0.207826,0.080666,0.203625,0.155931,0.200397,0.163676,-0.116976,0.110121,0.002204,0.001071,0.001065,0.000660,0.000952,0.000655,0.000937,0.000885,0.001060,0.001029,0.110009,80
conformal_risk_filter,drawer_contact_repair,combined_hidden_mechanisms,combined_stress,0.437500,0.302286,0.266712,0.263206,0.095157,0.219878,0.089242,0.236328,0.174068,0.222065,0.182584,-0.283136,0.109394,0.002323,0.001159,0.001096,0.000641,0.000782,0.000710,0.000984,0.000851,0.000989,0.001063,0.109518,80
conformal_risk_filter,drawer_contact_repair,combined_hidden_mechanisms,hidden_mechanism,0.325000,0.315426,0.257463,0.242395,0.091718,0.216258,0.084077,0.219745,0.168212,0.212377,0.176251,-0.351878,0.103285,0.002330,0.001094,0.001097,0.000658,0.001015,0.000728,0.000894,0.000821,0.001060,0.000995,0.103228,80
conformal_risk_filter,drawer_contact_repair,combined_hidden_mechanisms,in_distribution,0.462500,0.325833,0.244528,0.229557,0.086065,0.212981,0.078626,0.205596,0.157900,0.199047,0.165543,-0.169634,0.109948,0.001999,0.001044,0.001031,0.000695,0.001029,0.000630,0.001032,0.000798,0.000941,0.001075,0.109818,80
conformal_risk_filter,drawer_contact_repair,combined_hidden_mechanisms,long_horizon,0.462500,0.319249,0.259738,0.257641,0.094212,0.215674,0.085310,0.224380,0.170528,0.214234,0.179221,-0.232581,0.109948,0.001993,0.001213,0.000946,0.000610,0.000810,0.000567,0.000980,0.000813,0.001006,0.001064,0.109663,80
conformal_risk_filter,drawer_contact_repair,combined_hidden_mechanisms,sparse_observation,0.325000,0.305180,0.262649,0.250543,0.094001,0.218246,0.088472,0.231646,0.171536,0.219374,0.180174,-0.376360,0.103285,0.002014,0.001121,0.000990,0.000611,0.000936,0.000682,0.001049,0.000819,0.001166,0.001084,0.103364,80
conformal_risk_filter,drawer_contact_repair,compliance_shift,combined_stress,0.537500,0.395587,0.233149,0.235095,0.088487,0.205196,0.081088,0.207467,0.160292,0.204275,0.167614,-0.068209,0.109948,0.002280,0.001090,0.001109,0.000680,0.000912,0.000687,0.000911,0.000819,0.001062,0.001021,0.109745,80
conformal_risk_filter,drawer_contact_repair,compliance_shift,hidden_mechanism,0.650000,0.419070,0.206296,0.205930,0.075237,0.199047,0.069528,0.175321,0.139745,0.176593,0.145582,0.141306,0.105180,0.002440,0.000948,0.001183,0.000576,0.000818,0.000603,0.000884,0.000799,0.000956,0.001058,0.105365,80
conformal_risk_filter,drawer_contact_repair,compliance_shift,in_distribution,0.650000,0.436428,0.194434,0.192856,0.070462,0.194914,0.064099,0.160737,0.131292,0.164976,0.136255,0.185832,0.105180,0.002012,0.001132,0.001059,0.000615,0.000797,0.000557,0.000839,0.000922,0.001175,0.001024,0.105091,80
conformal_risk_filter,drawer_contact_repair,compliance_shift,long_horizon,0.662500,0.423851,0.211864,0.219996,0.079460,0.197829,0.070556,0.179246,0.144471,0.181713,0.150567,0.130906,0.104273,0.002431,0.001020,0.001221,0.000672,0.000677,0.000663,0.000998,0.000822,0.001041,0.000994,0.104518,80
conformal_risk_filter,drawer_contact_repair,compliance_shift,sparse_observation,0.587500,0.398353,0.219637,0.217821,0.081650,0.204414,0.079191,0.196092,0.148909,0.192971,0.156345,0.026634,0.108557,0.001931,0.001203,0.000992,0.000622,0.000867,0.000640,0.000798,0.000893,0.001187,0.001043,0.108370,80
conformal_risk_filter,drawer_contact_repair,contact_mode_flip,combined_stress,0.550000,0.359114,0.250655,0.247810,0.091472,0.211811,0.086088,0.221410,0.166443,0.213074,0.174819,-0.108677,0.109706,0.002072,0.000950,0.001189,0.000632,0.000876,0.000698,0.000823,0.000889,0.001112,0.001114,0.109733,80
conformal_risk_filter,drawer_contact_repair,contact_mode_flip,hidden_mechanism,0.550000,0.385733,0.225331,0.219521,0.080742,0.204772,0.075145,0.189415,0.147892,0.187232,0.155288,-0.016705,0.109706,0.002475,0.000964,0.001095,0.000756,0.000871,0.000670,0.000783,0.000764,0.000970,0.000966,0.109745,80
conformal_risk_filter,drawer_contact_repair,contact_mode_flip,in_distribution,0.525000,0.398957,0.211798,0.207232,0.074903,0.201127,0.068238,0.173876,0.139345,0.174652,0.145342,0.004359,0.110121,0.002208,0.001213,0.001055,0.000686,0.000846,0.000606,0.000906,0.000997,0.001257,0.001060,0.109903,80
conformal_risk_filter,drawer_contact_repair,contact_mode_flip,long_horizon,0.537500,0.387882,0.230260,0.233847,0.083406,0.204657,0.074921,0.194397,0.153024,0.192138,0.159047,-0.051105,0.109948,0.002023,0.001037,0.001111,0.000678,0.000688,0.000798,0.000876,0.000952,0.001041,0.001325,0.109738,80
conformal_risk_filter,drawer_contact_repair,contact_mode_flip,sparse_observation,0.500000,0.362667,0.236281,0.232269,0.086199,0.210971,0.083099,0.210842,0.156848,0.202080,0.164945,-0.116465,0.110259,0.002075,0.001229,0.000964,0.000627,0.000974,0.000650,0.000820,0.000949,0.001027,0.001152,0.110099,80
conformal_risk_filter,drawer_contact_repair,friction_shift,combined_stress,0.625000,0.411101,0.225158,0.229185,0.085105,0.202577,0.080349,0.200853,0.155181,0.199227,0.162895,0.045857,0.106757,0.002327,0.000997,0.001197,0.000701,0.000820,0.000691,0.000792,0.000886,0.001060,0.001066,0.106843,80
conformal_risk_filter,drawer_contact_repair,friction_shift,hidden_mechanism,0.687500,0.438085,0.197856,0.199340,0.074153,0.196005,0.068259,0.168997,0.136186,0.172917,0.141570,0.204456,0.102212,0.001926,0.001085,0.001148,0.000689,0.000885,0.000622,0.000909,0.000851,0.001006,0.001224,0.102144,80
conformal_risk_filter,drawer_contact_repair,friction_shift,in_distribution,0.637500,0.452033,0.185492,0.185859,0.068263,0.192733,0.062426,0.154934,0.127086,0.160545,0.132320,0.200041,0.106008,0.002359,0.001045,0.001148,0.000611,0.000906,0.000666,0.000847,0.000771,0.001060,0.001022,0.106164,80
conformal_risk_filter,drawer_contact_repair,friction_shift,long_horizon,0.587500,0.438723,0.204689,0.213218,0.076861,0.195769,0.068509,0.174392,0.141312,0.177635,0.146500,0.080294,0.108557,0.002081,0.001004,0.001115,0.000710,0.000852,0.000645,0.000918,0.000865,0.001123,0.001077,0.108616,80
conformal_risk_filter,drawer_contact_repair,friction_shift,sparse_observation,0.625000,0.413527,0.210553,0.213061,0.079130,0.202025,0.077533,0.191247,0.144854,0.187866,0.152775,0.089185,0.106757,0.002279,0.000955,0.001079,0.000676,0.000936,0.000610,0.000885,0.000819,0.000962,0.000995,0.106777,80
conformal_risk_filter,drawer_contact_repair,nominal,combined_stress,0.650000,0.460392,0.205510,0.212764,0.079338,0.196961,0.075737,0.185001,0.143993,0.186120,0.150908,0.139061,0.105180,0.002312,0.001056,0.001091,0.000638,0.000885,0.000567,0.000905,0.000968,0.001175,0.001031,0.104811,80
conformal_risk_filter,drawer_contact_repair,nominal,hidden_mechanism,0.600000,0.488477,0.178612,0.183900,0.067782,0.188929,0.063823,0.152355,0.124318,0.159671,0.128987,0.185969,0.108031,0.002438,0.001038,0.001289,0.000634,0.000922,0.000759,0.000822,0.000980,0.001129,0.001030,0.108084,80
conformal_risk_filter,drawer_contact_repair,nominal,in_distribution,0.700000,0.502175,0.166146,0.171133,0.061553,0.185388,0.058388,0.138544,0.115256,0.147209,0.119007,0.331153,0.101054,0.001778,0.001152,0.001129,0.000591,0.000974,0.000643,0.000889,0.000832,0.001196,0.001076,0.100844,80
conformal_risk_filter,drawer_contact_repair,nominal,long_horizon,0.712500,0.493101,0.183760,0.198008,0.070296,0.188103,0.065175,0.158023,0.129127,0.163773,0.135237,0.276966,0.099805,0.002083,0.001095,0.001085,0.000740,0.000921,0.000696,0.000657,0.000875,0.001070,0.001078,0.099776,80
conformal_risk_filter,drawer_contact_repair,nominal,sparse_observation,0.687500,0.465331,0.191048,0.197771,0.072861,0.195169,0.072308,0.174783,0.134635,0.175818,0.140379,0.220463,0.102212,0.002402,0.001015,0.001119,0.000625,0.000852,0.000672,0.000934,0.000735,0.000859,0.000961,0.101800,80
conformal_risk_filter,drawer_contact_repair,occlusion_persistence,combined_stress,0.550000,0.372766,0.240871,0.242593,0.089304,0.209935,0.084953,0.216969,0.161879,0.208530,0.170640,-0.083704,0.109706,0.002256,0.001120,0.001169,0.000657,0.000840,0.000579,0.000876,0.000863,0.001056,0.001041,0.109585,80
conformal_risk_filter,drawer_contact_repair,occlusion_persistence,hidden_mechanism,0.512500,0.383366,0.219282,0.216466,0.078510,0.206939,0.079104,0.197122,0.145615,0.189433,0.153413,-0.047590,0.110224,0.001983,0.001357,0.001100,0.000700,0.000885,0.000738,0.001084,0.000845,0.001054,0.001089,0.110484,80
conformal_risk_filter,drawer_contact_repair,occlusion_persistence,in_distribution,0.525000,0.395833,0.205557,0.204236,0.073686,0.202914,0.073975,0.183052,0.137558,0.177761,0.144409,0.008328,0.110121,0.002231,0.001070,0.001092,0.000614,0.000703,0.000772,0.000965,0.000919,0.001032,0.001120,0.110035,80
conformal_risk_filter,drawer_contact_repair,occlusion_persistence,long_horizon,0.587500,0.385105,0.225137,0.231002,0.082376,0.205660,0.080521,0.203300,0.151409,0.195196,0.160043,0.001892,0.108557,0.002138,0.001073,0.001061,0.000672,0.000923,0.000723,0.000891,0.000883,0.001270,0.001046,0.108580,80
conformal_risk_filter,drawer_contact_repair,occlusion_persistence,sparse_observation,0.462500,0.377167,0.227265,0.226617,0.083007,0.209818,0.083111,0.207957,0.154184,0.200787,0.161311,-0.130359,0.109948,0.002185,0.001152,0.001125,0.000661,0.000825,0.000640,0.000943,0.000934,0.001067,0.001193,0.109893,80
conformal_risk_filter,drawer_contact_repair,payload_shift,combined_stress,0.512500,0.359400,0.243266,0.243303,0.091107,0.209971,0.083447,0.215602,0.165084,0.209912,0.173100,-0.131375,0.110224,0.002110,0.000903,0.000975,0.000706,0.000788,0.000568,0.000859,0.000914,0.001182,0.001115,0.110268,80
conformal_risk_filter,drawer_contact_repair,payload_shift,hidden_mechanism,0.650000,0.388241,0.221618,0.214674,0.081148,0.203068,0.071838,0.186091,0.148787,0.186335,0.154989,0.093307,0.105180,0.001915,0.001146,0.001105,0.000662,0.000800,0.000585,0.000950,0.000827,0.001078,0.001107,0.105297,80
conformal_risk_filter,drawer_contact_repair,payload_shift,in_distribution,0.625000,0.402080,0.208165,0.202291,0.076184,0.198489,0.066739,0.170737,0.140374,0.174550,0.145361,0.112843,0.106757,0.001741,0.001062,0.001155,0.000668,0.000878,0.000732,0.000854,0.000766,0.001096,0.001047,0.106685,80
conformal_risk_filter,drawer_contact_repair,payload_shift,long_horizon,0.462500,0.392614,0.227190,0.228814,0.084147,0.202550,0.073034,0.191132,0.153798,0.191587,0.160089,-0.116715,0.109948,0.002376,0.001025,0.001072,0.000696,0.000755,0.000676,0.000909,0.000887,0.001229,0.001136,0.109628,80
conformal_risk_filter,drawer_contact_repair,payload_shift,sparse_observation,0.462500,0.365386,0.233783,0.229132,0.087290,0.207854,0.081551,0.207104,0.158381,0.202388,0.166292,-0.147905,0.109948,0.002372,0.001179,0.001075,0.000661,0.000863,0.000710,0.000898,0.000716,0.000973,0.000952,0.109832,80
conformal_risk_filter,occluded_push_recovery,actuator_lag,combined_stress,0.500000,0.369248,0.247079,0.246757,0.091458,0.209415,0.084737,0.218365,0.165856,0.211149,0.173828,-0.148673,0.110259,0.001957,0.001067,0.001062,0.000654,0.000890,0.000686,0.000894,0.000901,0.000995,0.001181,0.109879,80
conformal_risk_filter,occluded_push_recovery,actuator_lag,hidden_mechanism,0.612500,0.395919,0.223081,0.217148,0.081189,0.201521,0.073239,0.186943,0.148681,0.186668,0.155009,0.054704,0.107431,0.002239,0.001086,0.000935,0.000651,0.000830,0.000734,0.000954,0.000870,0.001193,0.001113,0.107527,80
conformal_risk_filter,occluded_push_recovery,actuator_lag,in_distribution,0.687500,0.409909,0.211024,0.203841,0.075598,0.198364,0.067111,0.172122,0.139132,0.174192,0.144232,0.175135,0.102212,0.002279,0.001077,0.001079,0.000652,0.000859,0.000677,0.000824,0.000933,0.001312,0.001143,0.102201,80
conformal_risk_filter,occluded_push_recovery,actuator_lag,long_horizon,0.587500,0.397689,0.228698,0.232134,0.083896,0.201493,0.073550,0.192233,0.153583,0.191624,0.160053,0.006252,0.108557,0.002102,0.001195,0.001072,0.000600,0.000921,0.000709,0.000783,0.000870,0.001043,0.001204,0.108307,80
conformal_risk_filter,occluded_push_recovery,actuator_lag,sparse_observation,0.550000,0.373341,0.236153,0.230102,0.086723,0.207827,0.081592,0.208477,0.157564,0.202382,0.165732,-0.059807,0.109706,0.002338,0.001217,0.001036,0.000699,0.000828,0.000722,0.000864,0.001012,0.001138,0.001282,0.109669,80
conformal_risk_filter,occluded_push_recovery,combined_hidden_mechanisms,combined_stress,0.400000,0.298733,0.269596,0.265389,0.096080,0.219481,0.089718,0.238356,0.176184,0.223792,0.185341,-0.329068,0.108031,0.002193,0.001034,0.001049,0.000617,0.000888,0.000628,0.000977,0.000781,0.000980,0.000972,0.108277,80
conformal_risk_filter,occluded_push_recovery,combined_hidden_mechanisms,hidden_mechanism,0.437500,0.308712,0.261623,0.245721,0.092188,0.216342,0.085455,0.223082,0.169570,0.214012,0.178518,-0.250881,0.109394,0.002311,0.001136,0.001086,0.000636,0.000849,0.000573,0.000913,0.000967,0.001125,0.001070,0.109595,80
conformal_risk_filter,occluded_push_recovery,combined_hidden_mechanisms,in_distribution,0.462500,0.320662,0.252254,0.235230,0.087584,0.212766,0.080101,0.209808,0.162156,0.203963,0.170032,-0.188817,0.109948,0.002317,0.001160,0.001023,0.000811,0.000863,0.000610,0.000890,0.000887,0.001106,0.001080,0.109984,80
conformal_risk_filter,occluded_push_recovery,combined_hidden_mechanisms,long_horizon,0.500000,0.314375,0.265583,0.259705,0.095038,0.216325,0.085774,0.227358,0.172441,0.216319,0.180999,-0.206858,0.110259,0.002110,0.000995,0.001041,0.000657,0.000840,0.000613,0.000818,0.000890,0.000912,0.001136,0.110112,80
conformal_risk_filter,occluded_push_recovery,combined_hidden_mechanisms,sparse_observation,0.387500,0.301548,0.266406,0.253752,0.095110,0.219574,0.088993,0.234617,0.172566,0.219846,0.181715,-0.324153,0.107431,0.002052,0.001177,0.000999,0.000605,0.000848,0.000603,0.000866,0.000893,0.000984,0.001005,0.107473,80
conformal_risk_filter,occluded_push_recovery,compliance_shift,combined_stress,0.400000,0.387212,0.240463,0.240641,0.089543,0.206458,0.082386,0.211612,0.161225,0.205614,0.169496,-0.223226,0.108031,0.002308,0.000987,0.001056,0.000722,0.000887,0.000669,0.000807,0.000877,0.001084,0.001200,0.108136,80
conformal_risk_filter,occluded_push_recovery,compliance_shift,hidden_mechanism,0.575000,0.411771,0.213125,0.211180,0.077615,0.198654,0.070664,0.179989,0.142995,0.180934,0.149228,0.047442,0.109011,0.001856,0.001181,0.001074,0.000627,0.000853,0.000686,0.000929,0.001046,0.001333,0.001287,0.109082,80
conformal_risk_filter,occluded_push_recovery,compliance_shift,in_distribution,0.537500,0.426709,0.201119,0.198588,0.071771,0.195138,0.065497,0.165560,0.133771,0.167208,0.138647,0.054658,0.109948,0.002281,0.001039,0.001020,0.000685,0.000872,0.000654,0.000974,0.000839,0.000924,0.001021,0.110100,80
conformal_risk_filter,occluded_push_recovery,compliance_shift,long_horizon,0.425000,0.415873,0.219722,0.225613,0.080299,0.198524,0.071338,0.184303,0.147779,0.184806,0.154873,-0.125559,0.109011,0.002196,0.001051,0.001093,0.000634,0.000857,0.000678,0.000949,0.000825,0.001075,0.001084,0.108974,80
conformal_risk_filter,occluded_push_recovery,compliance_shift,sparse_observation,0.500000,0.392123,0.227012,0.225351,0.083385,0.205199,0.079921,0.200863,0.151867,0.196104,0.159252,-0.080941,0.110259,0.002082,0.001071,0.001001,0.000565,0.000843,0.000710,0.000800,0.000954,0.001092,0.001080,0.110052,80
conformal_risk_filter,occluded_push_recovery,contact_mode_flip,combined_stress,0.450000,0.350031,0.256868,0.255022,0.093504,0.212969,0.086654,0.225169,0.167720,0.214173,0.176749,-0.227463,0.109706,0.002278,0.001192,0.001101,0.000689,0.000937,0.000643,0.000887,0.000867,0.001054,0.000992,0.110003,80
conformal_risk_filter,occluded_push_recovery,contact_mode_flip,hidden_mechanism,0.450000,0.376615,0.231566,0.225921,0.080852,0.205559,0.075116,0.194321,0.150947,0.190337,0.157194,-0.133805,0.109706,0.001981,0.000948,0.001045,0.000718,0.000872,0.000603,0.000923,0.000919,0.001108,0.001209,0.109922,80
conformal_risk_filter,occluded_push_recovery,contact_mode_flip,in_distribution,0.612500,0.392573,0.218426,0.212807,0.075522,0.201481,0.069464,0.178652,0.142001,0.177957,0.147411,0.075170,0.107431,0.002024,0.000893,0.001055,0.000638,0.000986,0.000543,0.000903,0.000829,0.001160,0.001105,0.107400,80
conformal_risk_filter,occluded_push_recovery,contact_mode_flip,long_horizon,0.562500,0.382202,0.238663,0.239909,0.084536,0.205245,0.075578,0.198088,0.155360,0.194240,0.161980,-0.044447,0.109394,0.002243,0.001185,0.001120,0.000670,0.000912,0.000689,0.000831,0.000844,0.000877,0.001048,0.109396,80
conformal_risk_filter,occluded_push_recovery,contact_mode_flip,sparse_observation,0.425000,0.353627,0.243768,0.238157,0.087337,0.212176,0.084207,0.215204,0.159701,0.205969,0.167962,-0.210873,0.109011,0.002396,0.001060,0.001171,0.000616,0.000828,0.000596,0.000831,0.000960,0.001191,0.001262,0.109343,80
conformal_risk_filter,occluded_push_recovery,friction_shift,combined_stress,0.587500,0.402894,0.232402,0.234342,0.086937,0.204219,0.080807,0.205939,0.157511,0.201692,0.165281,-0.010293,0.108557,0.002223,0.001077,0.001209,0.000628,0.000887,0.000522,0.000985,0.000873,0.001095,0.001094,0.108321,80
conformal_risk_filter,occluded_push_recovery,friction_shift,hidden_mechanism,0.650000,0.428323,0.205988,0.206797,0.075117,0.197804,0.068300,0.174326,0.137865,0.174708,0.144152,0.146624,0.105180,0.001971,0.001171,0.001193,0.000606,0.000951,0.000586,0.000906,0.000901,0.001039,0.001060,0.105258,80
conformal_risk_filter,occluded_push_recovery,friction_shift,in_distribution,0.675000,0.443187,0.193111,0.192454,0.069650,0.193385,0.064298,0.157760,0.129416,0.163294,0.134116,0.217661,0.103285,0.002237,0.001182,0.001054,0.000624,0.000879,0.000675,0.001026,0.000880,0.001214,0.001163,0.103437,80
conformal_risk_filter,occluded_push_recovery,friction_shift,long_horizon,0.612500,0.432905,0.212095,0.218873,0.078164,0.195594,0.070167,0.178686,0.143389,0.180698,0.149223,0.087693,0.107431,0.002391,0.001121,0.001007,0.000631,0.000805,0.000631,0.001055,0.000947,0.001183,0.001166,0.107613,80
conformal_risk_filter,occluded_push_recovery,friction_shift,sparse_observation,0.550000,0.405754,0.217725,0.218725,0.080465,0.202789,0.078421,0.195752,0.147894,0.190845,0.155300,-0.004432,0.109706,0.001975,0.001207,0.001168,0.000704,0.000913,0.000647,0.000804,0.000782,0.000930,0.001062,0.109416,80
conformal_risk_filter,occluded_push_recovery,nominal,combined_stress,0.600000,0.451856,0.211278,0.220723,0.080026,0.197564,0.077068,0.189499,0.146550,0.189453,0.153408,0.070486,0.108031,0.002169,0.001072,0.001101,0.000662,0.000978,0.000755,0.000868,0.000797,0.001035,0.001105,0.108126,80
conformal_risk_filter,occluded_push_recovery,nominal,hidden_mechanism,0.625000,0.480401,0.185605,0.191032,0.068036,0.190173,0.064650,0.157201,0.126796,0.161871,0.132561,0.192583,0.106757,0.002315,0.001205,0.001216,0.000653,0.000985,0.000635,0.000854,0.000926,0.001236,0.001247,0.107177,80
conformal_risk_filter,occluded_push_recovery,nominal,in_distribution,0.762500,0.493824,0.173397,0.176917,0.062491,0.186271,0.059392,0.142332,0.117808,0.149703,0.122044,0.375447,0.093841,0.002081,0.001072,0.001207,0.000601,0.000930,0.000608,0.000947,0.000896,0.001152,0.001152,0.093747,80
conformal_risk_filter,occluded_push_recovery,nominal,long_horizon,0.625000,0.483733,0.191101,0.203900,0.071050,0.188912,0.065732,0.162787,0.131105,0.165816,0.136562,0.171378,0.106757,0.002181,0.001112,0.001214,0.000692,0.000946,0.000635,0.000766,0.000890,0.001056,0.000997,0.106689,80
conformal_risk_filter,occluded_push_recovery,nominal,sparse_observation,0.650000,0.457750,0.198563,0.203336,0.073597,0.195828,0.073588,0.178795,0.136274,0.177683,0.143183,0.165617,0.105180,0.002324,0.001094,0.001115,0.000737,0.000913,0.000685,0.000926,0.000958,0.001285,0.001076,0.105446,80
conformal_risk_filter,occluded_push_recovery,occlusion_persistence,combined_stress,0.525000,0.363912,0.248015,0.248032,0.090755,0.210739,0.086485,0.221161,0.164628,0.211677,0.173162,-0.127719,0.110121,0.002051,0.001205,0.001121,0.000680,0.000877,0.000683,0.000839,0.000848,0.001063,0.001149,0.109955,80
conformal_risk_filter,occluded_push_recovery,occlusion_persistence,hidden_mechanism,0.475000,0.374692,0.226441,0.223121,0.080147,0.207467,0.080564,0.202789,0.148402,0.192803,0.156344,-0.105399,0.110121,0.002106,0.001052,0.001208,0.000581,0.000971,0.000641,0.000915,0.000933,0.001148,0.001184,0.110336,80
conformal_risk_filter,occluded_push_recovery,occlusion_persistence,in_distribution,0.637500,0.387182,0.214080,0.210117,0.074130,0.204252,0.074781,0.187927,0.139926,0.180737,0.146774,0.101665,0.106008,0.001981,0.001248,0.001025,0.000650,0.000885,0.000565,0.000866,0.000821,0.001033,0.001053,0.105782,80
conformal_risk_filter,occluded_push_recovery,occlusion_persistence,long_horizon,0.525000,0.379911,0.232306,0.237312,0.083172,0.207413,0.081509,0.208375,0.154645,0.198701,0.162806,-0.078872,0.110121,0.001944,0.001012,0.001269,0.000716,0.000920,0.000717,0.000775,0.000899,0.001086,0.001181,0.109928,80
conformal_risk_filter,occluded_push_recovery,occlusion_persistence,sparse_observation,0.450000,0.368939,0.236153,0.231796,0.084604,0.210476,0.084437,0.212533,0.155723,0.202194,0.164078,-0.162365,0.109706,0.001890,0.001062,0.001165,0.000574,0.000838,0.000622,0.000816,0.000850,0.001127,0.001037,0.109479,80
conformal_risk_filter,occluded_push_recovery,payload_shift,combined_stress,0.612500,0.352607,0.250775,0.249730,0.092132,0.210941,0.084819,0.220048,0.167436,0.212643,0.175731,-0.050108,0.107431,0.002212,0.001114,0.001024,0.000714,0.000882,0.000668,0.000920,0.000773,0.000955,0.000841,0.107448,80
conformal_risk_filter,occluded_push_recovery,payload_shift,hidden_mechanism,0.550000,0.379679,0.227104,0.220814,0.082965,0.203733,0.073530,0.190570,0.151037,0.188832,0.157672,-0.024796,0.109706,0.001983,0.001084,0.001160,0.000703,0.000996,0.000601,0.000838,0.000840,0.001023,0.001169,0.110030,80
conformal_risk_filter,occluded_push_recovery,payload_shift,in_distribution,0.475000,0.391937,0.215779,0.207332,0.077266,0.198942,0.068068,0.175207,0.142900,0.177477,0.148636,-0.056043,0.110121,0.002285,0.001050,0.001126,0.000618,0.000935,0.000681,0.000863,0.000974,0.001308,0.001324,0.110136,80
conformal_risk_filter,occluded_push_recovery,payload_shift,long_horizon,0.475000,0.383176,0.233928,0.235356,0.085702,0.202727,0.074696,0.195607,0.156480,0.194567,0.163376,-0.123921,0.110121,0.002401,0.001176,0.001208,0.000688,0.000831,0.000673,0.000838,0.000881,0.001063,0.001140,0.110274,80
conformal_risk_filter,occluded_push_recovery,payload_shift,sparse_observation,0.525000,0.358858,0.240698,0.233273,0.087832,0.209366,0.082320,0.212348,0.160324,0.204954,0.167975,-0.100947,0.110121,0.002565,0.001256,0.001091,0.000585,0.000835,0.000697,0.000800,0.000887,0.001221,0.001133,0.110457,80
conformal_risk_filter,payload_handover,actuator_lag,combined_stress,0.500000,0.373649,0.242325,0.242417,0.091276,0.209673,0.084051,0.216025,0.164434,0.209979,0.172345,-0.137556,0.110259,0.002187,0.001142,0.001045,0.000641,0.000821,0.000672,0.000903,0.000780,0.000968,0.000982,0.110015,80
conformal_risk_filter,payload_handover,actuator_lag,hidden_mechanism,0.725000,0.400232,0.219492,0.214173,0.080046,0.201502,0.072497,0.184596,0.146786,0.184530,0.152545,0.177582,0.098464,0.001856,0.001044,0.001190,0.000623,0.000859,0.000635,0.000927,0.000817,0.001034,0.001198,0.098265,80
conformal_risk_filter,payload_handover,actuator_lag,in_distribution,0.637500,0.411553,0.204267,0.200714,0.075296,0.197918,0.066611,0.169438,0.138953,0.173358,0.144447,0.135722,0.106008,0.002476,0.001059,0.001215,0.000625,0.000881,0.000588,0.000823,0.000846,0.001037,0.001155,0.105839,80
conformal_risk_filter,payload_handover,actuator_lag,long_horizon,0.525000,0.402658,0.223927,0.228564,0.084196,0.200364,0.072829,0.189367,0.152570,0.189906,0.158354,-0.045750,0.110121,0.002186,0.001162,0.001222,0.000587,0.000917,0.000651,0.000867,0.000879,0.001134,0.001099,0.110434,80
conformal_risk_filter,payload_handover,actuator_lag,sparse_observation,0.512500,0.376896,0.232023,0.227343,0.086210,0.207908,0.081932,0.206948,0.156732,0.201386,0.164942,-0.088979,0.110224,0.002364,0.001055,0.001059,0.000657,0.000814,0.000595,0.000767,0.000893,0.001027,0.001035,0.110019,80
conformal_risk_filter,payload_handover,combined_hidden_mechanisms,combined_stress,0.400000,0.302562,0.269889,0.264526,0.095729,0.219287,0.090941,0.238183,0.176060,0.223913,0.185870,-0.327481,0.108031,0.002443,0.001031,0.001193,0.000659,0.000883,0.000619,0.000827,0.000975,0.001126,0.001131,0.108018,80
conformal_risk_filter,payload_handover,combined_hidden_mechanisms,hidden_mechanism,0.412500,0.311104,0.259754,0.244819,0.092118,0.217617,0.084816,0.222605,0.168396,0.212960,0.177095,-0.271761,0.108557,0.002542,0.001156,0.001064,0.000626,0.000877,0.000677,0.000806,0.000832,0.001109,0.001116,0.108217,80
conformal_risk_filter,payload_handover,combined_hidden_mechanisms,in_distribution,0.462500,0.323908,0.247476,0.231262,0.086715,0.213215,0.079253,0.208570,0.160849,0.202416,0.168313,-0.177904,0.109948,0.002513,0.001137,0.001181,0.000715,0.000924,0.000671,0.000847,0.000973,0.001127,0.001305,0.109791,80
conformal_risk_filter,payload_handover,combined_hidden_mechanisms,long_horizon,0.450000,0.313602,0.263978,0.258935,0.094640,0.215943,0.085417,0.226945,0.171858,0.216457,0.180073,-0.253863,0.109706,0.002422,0.001018,0.001178,0.000543,0.001005,0.000631,0.000805,0.000736,0.001039,0.001098,0.109394,80
conformal_risk_filter,payload_handover,combined_hidden_mechanisms,sparse_observation,0.375000,0.301179,0.266117,0.253464,0.094458,0.219752,0.088926,0.233516,0.172605,0.220441,0.182115,-0.335426,0.106757,0.001996,0.001134,0.001298,0.000614,0.000911,0.000673,0.001003,0.000932,0.001267,0.001042,0.106743,80
conformal_risk_filter,payload_handover,compliance_shift,combined_stress,0.575000,0.392556,0.236366,0.238274,0.088556,0.207134,0.081580,0.209240,0.161281,0.205681,0.168815,-0.039087,0.109011,0.002159,0.001276,0.001209,0.000671,0.000807,0.000681,0.000847,0.000938,0.001084,0.001059,0.109223,80
conformal_risk_filter,payload_handover,compliance_shift,hidden_mechanism,0.587500,0.418287,0.210034,0.208334,0.076361,0.199227,0.070652,0.177645,0.140738,0.177956,0.146887,0.070285,0.108557,0.002055,0.001109,0.000986,0.000637,0.000917,0.000634,0.000777,0.000854,0.001144,0.001053,0.108635,80
conformal_risk_filter,payload_handover,compliance_shift,in_distribution,0.662500,0.430574,0.197763,0.194211,0.071598,0.195193,0.064269,0.162234,0.132841,0.166497,0.137465,0.189563,0.104273,0.001998,0.001003,0.001049,0.000680,0.000918,0.000686,0.000711,0.000820,0.001032,0.001077,0.104232,80
conformal_risk_filter,payload_handover,compliance_shift,long_horizon,0.437500,0.421185,0.216149,0.223052,0.079842,0.198157,0.071088,0.181988,0.146065,0.183086,0.152264,-0.103683,0.109394,0.001972,0.001177,0.001198,0.000684,0.000815,0.000595,0.000887,0.000820,0.001027,0.001073,0.109629,80
conformal_risk_filter,payload_handover,compliance_shift,sparse_observation,0.487500,0.395101,0.222398,0.219498,0.081785,0.205661,0.078442,0.199048,0.151514,0.194698,0.158998,-0.080690,0.110224,0.002203,0.001066,0.001094,0.000692,0.000771,0.000658,0.000814,0.000832,0.001108,0.001033,0.109935,80
conformal_risk_filter,payload_handover,contact_mode_flip,combined_stress,0.500000,0.355188,0.253215,0.251319,0.092899,0.212846,0.086302,0.223243,0.166510,0.212842,0.176349,-0.167439,0.110259,0.002370,0.000940,0.001234,0.000615,0.000812,0.000717,0.000863,0.000920,0.001203,0.001126,0.110792,80
conformal_risk_filter,payload_handover,contact_mode_flip,hidden_mechanism,0.550000,0.382596,0.228078,0.222437,0.081243,0.205493,0.073970,0.191351,0.149163,0.188614,0.155278,-0.023882,0.109706,0.002167,0.001043,0.000995,0.000621,0.000958,0.000660,0.000803,0.000767,0.000981,0.001055,0.109695,80
conformal_risk_filter,payload_handover,contact_mode_flip,in_distribution,0.612500,0.395476,0.214920,0.209059,0.076151,0.201822,0.068958,0.176567,0.140051,0.175840,0.146381,0.083482,0.107431,0.002031,0.001047,0.001057,0.000544,0.000735,0.000589,0.000914,0.000819,0.000970,0.000980,0.107688,80
conformal_risk_filter,payload_handover,contact_mode_flip,long_horizon,0.525000,0.384829,0.233475,0.235712,0.084263,0.205278,0.075204,0.196760,0.154629,0.193819,0.161032,-0.071795,0.110121,0.002371,0.000867,0.001098,0.000575,0.000849,0.000690,0.000939,0.000875,0.001047,0.001064,0.109970,80
conformal_risk_filter,payload_handover,contact_mode_flip,sparse_observation,0.400000,0.360025,0.239783,0.234445,0.086267,0.211952,0.083350,0.213312,0.158605,0.203793,0.166747,-0.224404,0.108031,0.002030,0.001032,0.001143,0.000703,0.000832,0.000622,0.000894,0.000983,0.001132,0.001108,0.107914,80
conformal_risk_filter,payload_handover,friction_shift,combined_stress,0.575000,0.404694,0.228204,0.231701,0.086553,0.203817,0.080491,0.203141,0.156130,0.200405,0.163628,-0.014120,0.109011,0.002480,0.000992,0.001140,0.000727,0.000868,0.000681,0.000887,0.000895,0.001063,0.000975,0.109121,80
conformal_risk_filter,payload_handover,friction_shift,hidden_mechanism,0.612500,0.433976,0.201948,0.202828,0.074496,0.196797,0.068172,0.171568,0.136148,0.173160,0.141418,0.120532,0.107431,0.002369,0.001129,0.001212,0.000695,0.001005,0.000559,0.000852,0.000876,0.001125,0.001131,0.107469,80
conformal_risk_filter,payload_handover,friction_shift,in_distribution,0.625000,0.445950,0.188573,0.188563,0.068848,0.192960,0.063238,0.157663,0.128742,0.162402,0.133001,0.177802,0.106757,0.002232,0.001093,0.001091,0.000671,0.000797,0.000642,0.000935,0.000805,0.001138,0.001072,0.106624,80
conformal_risk_filter,payload_handover,friction_shift,long_horizon,0.562500,0.435644,0.207385,0.216070,0.077325,0.195060,0.069076,0.176753,0.141777,0.177853,0.147494,0.048192,0.109394,0.002198,0.001032,0.000981,0.000753,0.000908,0.000696,0.000907,0.000908,0.001134,0.001109,0.109346,80
conformal_risk_filter,payload_handover,friction_shift,sparse_observation,0.525000,0.411866,0.214355,0.214889,0.079217,0.203015,0.078231,0.192927,0.146527,0.190038,0.154212,-0.018475,0.110121,0.002176,0.001134,0.001165,0.000674,0.000999,0.000636,0.000946,0.000903,0.001197,0.001131,0.110171,80
conformal_risk_filter,payload_handover,nominal,combined_stress,0.625000,0.459913,0.207810,0.216573,0.080139,0.197163,0.075709,0.187342,0.144496,0.186914,0.151551,0.107135,0.106757,0.002007,0.001143,0.001115,0.000705,0.000801,0.000721,0.000802,0.000850,0.001085,0.000969,0.106620,80
conformal_risk_filter,payload_handover,nominal,hidden_mechanism,0.775000,0.483308,0.181001,0.186414,0.068159,0.189616,0.064364,0.155075,0.125412,0.160611,0.131042,0.352914,0.092084,0.002179,0.001173,0.001126,0.000690,0.000885,0.000567,0.000847,0.000930,0.001083,0.001116,0.092013,80
conformal_risk_filter,payload_handover,nominal,in_distribution,0.625000,0.499024,0.169178,0.173539,0.062871,0.184860,0.058327,0.140696,0.116388,0.148631,0.120341,0.248068,0.106757,0.002306,0.001073,0.001195,0.000686,0.000850,0.000690,0.000880,0.000777,0.001100,0.000977,0.106595,80
conformal_risk_filter,payload_handover,nominal,long_horizon,0.587500,0.487168,0.187366,0.201218,0.071235,0.188835,0.065567,0.160047,0.130322,0.165915,0.135686,0.141542,0.108557,0.002327,0.001173,0.001089,0.000704,0.000945,0.000609,0.000729,0.000996,0.001229,0.001236,0.108555,80
conformal_risk_filter,payload_handover,nominal,sparse_observation,0.600000,0.463948,0.194201,0.199959,0.073808,0.195418,0.073234,0.175915,0.135512,0.177172,0.141963,0.125529,0.108031,0.002174,0.001067,0.001029,0.000610,0.000848,0.000645,0.000934,0.000771,0.000996,0.000916,0.108039,80
conformal_risk_filter,payload_handover,occlusion_persistence,combined_stress,0.425000,0.368610,0.245726,0.244271,0.089582,0.210069,0.085389,0.219836,0.164144,0.211694,0.172906,-0.218483,0.109011,0.002230,0.001165,0.001169,0.000667,0.000911,0.000604,0.000945,0.000936,0.001162,0.001132,0.109332,80
conformal_risk_filter,payload_handover,occlusion_persistence,hidden_mechanism,0.562500,0.378945,0.223285,0.219778,0.079101,0.208037,0.079400,0.200808,0.147700,0.191875,0.155614,-0.008541,0.109394,0.001886,0.000971,0.001041,0.000719,0.000893,0.000657,0.000866,0.000894,0.001216,0.001071,0.109697,80
conformal_risk_filter,payload_handover,occlusion_persistence,in_distribution,0.537500,0.390871,0.209898,0.205445,0.073924,0.204153,0.074668,0.186443,0.139617,0.180242,0.145997,0.011213,0.109948,0.002072,0.001106,0.000980,0.000567,0.000884,0.000589,0.000899,0.000900,0.001068,0.001042,0.109996,80
conformal_risk_filter,payload_handover,occlusion_persistence,long_horizon,0.462500,0.384168,0.228855,0.233551,0.082783,0.208005,0.080626,0.206012,0.153295,0.197126,0.160663,-0.131772,0.109948,0.002224,0.001269,0.001081,0.000566,0.000888,0.000656,0.000850,0.000895,0.000971,0.001104,0.109729,80
conformal_risk_filter,payload_handover,occlusion_persistence,sparse_observation,0.425000,0.372986,0.231481,0.228655,0.083552,0.209409,0.084165,0.210287,0.154804,0.201228,0.163100,-0.176631,0.109011,0.002273,0.001176,0.001043,0.000642,0.000936,0.000605,0.000832,0.000785,0.000926,0.001085,0.109420,80
conformal_risk_filter,payload_handover,payload_shift,combined_stress,0.512500,0.356772,0.247102,0.245632,0.091519,0.210232,0.084522,0.218413,0.165833,0.211716,0.173834,-0.139746,0.110224,0.001983,0.001135,0.001082,0.000693,0.000933,0.000662,0.000878,0.000849,0.001021,0.001136,0.110291,80
conformal_risk_filter,payload_handover,payload_shift,hidden_mechanism,0.550000,0.385589,0.224145,0.217719,0.081967,0.202994,0.072431,0.188626,0.149413,0.187051,0.155798,-0.014361,0.109706,0.002014,0.001072,0.001033,0.000629,0.000896,0.000645,0.000898,0.000700,0.000903,0.000974,0.109772,80
conformal_risk_filter,payload_handover,payload_shift,in_distribution,0.637500,0.397783,0.211205,0.204260,0.077136,0.199389,0.068380,0.173465,0.141386,0.176597,0.146555,0.116200,0.106008,0.002185,0.001225,0.001081,0.000671,0.000936,0.000676,0.000876,0.000960,0.001226,0.001224,0.106015,80
conformal_risk_filter,payload_handover,payload_shift,long_horizon,0.562500,0.386263,0.230015,0.232010,0.085725,0.202347,0.074128,0.194043,0.155305,0.193008,0.161874,-0.027700,0.109394,0.001981,0.001139,0.001015,0.000634,0.000829,0.000716,0.000877,0.000912,0.001116,0.001146,0.109388,80
conformal_risk_filter,payload_handover,payload_shift,sparse_observation,0.550000,0.360864,0.236371,0.230582,0.087146,0.209117,0.082186,0.210127,0.160356,0.204975,0.167995,-0.067894,0.109706,0.002247,0.001178,0.001199,0.000610,0.000863,0.000693,0.000888,0.000979,0.001201,0.001149,0.109654,80
conformal_risk_filter,peg_insert_with_lag,actuator_lag,combined_stress,0.500000,0.365301,0.247290,0.245874,0.091536,0.212006,0.084469,0.218993,0.165759,0.210867,0.173905,-0.150298,0.110259,0.002013,0.001180,0.001144,0.000617,0.000864,0.000620,0.000797,0.000769,0.001079,0.001039,0.110057,80
conformal_risk_filter,peg_insert_with_lag,actuator_lag,hidden_mechanism,0.487500,0.394111,0.222911,0.216854,0.080755,0.204602,0.073455,0.187984,0.149263,0.186862,0.156108,-0.071690,0.110224,0.002203,0.001005,0.001199,0.000672,0.000794,0.000671,0.000835,0.000954,0.001085,0.001097,0.110135,80
conformal_risk_filter,peg_insert_with_lag,actuator_lag,in_distribution,0.587500,0.408936,0.209765,0.204866,0.076209,0.200707,0.067658,0.173840,0.140290,0.175124,0.145631,0.072438,0.108557,0.002182,0.000934,0.001080,0.000650,0.000736,0.000631,0.000831,0.000874,0.001181,0.001017,0.108508,80
conformal_risk_filter,peg_insert_with_lag,actuator_lag,long_horizon,0.512500,0.396615,0.228235,0.231604,0.084718,0.203972,0.073808,0.192601,0.154241,0.192921,0.160964,-0.070515,0.110224,0.002520,0.001026,0.001195,0.000646,0.000967,0.000649,0.000795,0.000818,0.001035,0.001028,0.110326,80
conformal_risk_filter,peg_insert_with_lag,actuator_lag,sparse_observation,0.462500,0.370464,0.235690,0.229691,0.087405,0.210428,0.082103,0.209965,0.158744,0.203184,0.167259,-0.150364,0.109948,0.002507,0.001222,0.000882,0.000651,0.000880,0.000587,0.000884,0.000730,0.000957,0.001046,0.109989,80
conformal_risk_filter,peg_insert_with_lag,combined_hidden_mechanisms,combined_stress,0.337500,0.299019,0.270016,0.267758,0.096444,0.221322,0.090726,0.240223,0.177654,0.225881,0.186930,-0.396499,0.104273,0.002397,0.001163,0.001012,0.000682,0.000776,0.000646,0.000919,0.000808,0.001016,0.000973,0.103794,80
conformal_risk_filter,peg_insert_with_lag,combined_hidden_mechanisms,hidden_mechanism,0.437500,0.305952,0.262479,0.247043,0.093232,0.220235,0.085410,0.225575,0.170320,0.215083,0.178364,-0.256857,0.109394,0.002109,0.001076,0.001128,0.000734,0.000954,0.000637,0.000766,0.000860,0.001004,0.001058,0.109411,80
conformal_risk_filter,peg_insert_with_lag,combined_hidden_mechanisms,in_distribution,0.450000,0.320794,0.250694,0.234658,0.087989,0.216211,0.080449,0.210625,0.161944,0.202943,0.169782,-0.201066,0.109706,0.002033,0.001079,0.001142,0.000535,0.000922,0.000671,0.000964,0.000787,0.001126,0.000967,0.109654,80
conformal_risk_filter,peg_insert_with_lag,combined_hidden_mechanisms,long_horizon,0.375000,0.309241,0.266110,0.261662,0.095243,0.218949,0.086064,0.229664,0.173630,0.217807,0.181902,-0.337995,0.106757,0.002056,0.000962,0.001136,0.000694,0.000847,0.000759,0.000877,0.000913,0.001198,0.001012,0.106730,80
conformal_risk_filter,peg_insert_with_lag,combined_hidden_mechanisms,sparse_observation,0.450000,0.299158,0.266714,0.255322,0.094928,0.222187,0.089684,0.235848,0.174214,0.222362,0.183094,-0.266241,0.109706,0.002122,0.001033,0.001098,0.000643,0.000781,0.000694,0.000929,0.000744,0.000994,0.000930,0.110241,80
conformal_risk_filter,peg_insert_with_lag,compliance_shift,combined_stress,0.487500,0.386354,0.239392,0.239932,0.089290,0.209690,0.083131,0.212610,0.163025,0.208102,0.170838,-0.136938,0.110224,0.002316,0.001025,0.001040,0.000639,0.000818,0.000719,0.000761,0.001073,0.001114,0.001205,0.110136,80
conformal_risk_filter,peg_insert_with_lag,compliance_shift,hidden_mechanism,0.662500,0.414270,0.213191,0.211702,0.077523,0.202084,0.071727,0.181152,0.142354,0.180156,0.148741,0.133994,0.104273,0.002340,0.001062,0.001216,0.000661,0.001002,0.000739,0.000849,0.000845,0.001205,0.001078,0.104244,80
conformal_risk_filter,peg_insert_with_lag,compliance_shift,in_distribution,0.600000,0.427361,0.199768,0.198726,0.072544,0.197644,0.065309,0.165642,0.134507,0.168607,0.139348,0.116565,0.108031,0.001894,0.001014,0.001091,0.000695,0.000810,0.000676,0.000908,0.000861,0.001158,0.001049,0.108000,80
conformal_risk_filter,peg_insert_with_lag,compliance_shift,long_horizon,0.587500,0.416242,0.219201,0.224984,0.080817,0.200854,0.071936,0.185499,0.148617,0.186337,0.155113,0.035696,0.108557,0.002292,0.001161,0.001081,0.000712,0.000836,0.000632,0.000843,0.000888,0.001117,0.001054,0.108835,80
conformal_risk_filter,peg_insert_with_lag,compliance_shift,sparse_observation,0.537500,0.390334,0.225645,0.223250,0.083473,0.207266,0.079995,0.202043,0.152676,0.196293,0.159551,-0.042659,0.109948,0.002221,0.000986,0.001170,0.000687,0.000761,0.000674,0.000909,0.000885,0.000935,0.001093,0.110177,80
conformal_risk_filter,peg_insert_with_lag,contact_mode_flip,combined_stress,0.362500,0.348552,0.256411,0.255411,0.092962,0.215805,0.087009,0.226122,0.170253,0.216743,0.179053,-0.317633,0.106008,0.001962,0.001096,0.001072,0.000697,0.000941,0.000635,0.000877,0.000776,0.001059,0.001055,0.105898,80
conformal_risk_filter,peg_insert_with_lag,contact_mode_flip,hidden_mechanism,0.500000,0.377605,0.231575,0.225521,0.081390,0.208070,0.075825,0.194784,0.150718,0.190283,0.157520,-0.084811,0.110259,0.002205,0.001125,0.000987,0.000573,0.000761,0.000639,0.000927,0.000776,0.001122,0.001038,0.110283,80
conformal_risk_filter,peg_insert_with_lag,contact_mode_flip,in_distribution,0.537500,0.389096,0.218264,0.212117,0.076256,0.204618,0.070001,0.180889,0.142399,0.178526,0.147955,-0.003029,0.109948,0.002003,0.001011,0.001017,0.000662,0.001031,0.000691,0.000850,0.000871,0.001075,0.001107,0.109803,80
conformal_risk_filter,peg_insert_with_lag,contact_mode_flip,long_horizon,0.487500,0.381245,0.237060,0.239950,0.084438,0.207972,0.076328,0.199681,0.155500,0.194601,0.162446,-0.119858,0.110224,0.001962,0.001226,0.001272,0.000769,0.000840,0.000678,0.000860,0.001003,0.001304,0.001156,0.110374,80
conformal_risk_filter,peg_insert_with_lag,contact_mode_flip,sparse_observation,0.487500,0.354492,0.244009,0.238557,0.086709,0.214316,0.084291,0.217161,0.160352,0.205895,0.169180,-0.149449,0.110224,0.002011,0.001196,0.000910,0.000684,0.000931,0.000673,0.000872,0.000840,0.001083,0.001081,0.110435,80
conformal_risk_filter,peg_insert_with_lag,friction_shift,combined_stress,0.550000,0.401489,0.231818,0.234809,0.087353,0.206955,0.081387,0.207059,0.158235,0.202761,0.166638,-0.050356,0.109706,0.002245,0.001116,0.001144,0.000693,0.000891,0.000684,0.000859,0.000765,0.000922,0.000974,0.109967,80
conformal_risk_filter,peg_insert_with_lag,friction_shift,hidden_mechanism,0.587500,0.429696,0.204737,0.205556,0.075050,0.198819,0.069397,0.174730,0.138109,0.175098,0.144314,0.085646,0.108557,0.002030,0.001205,0.001277,0.000735,0.000808,0.000632,0.000930,0.000912,0.001218,0.001085,0.108559,80
conformal_risk_filter,peg_insert_with_lag,friction_shift,in_distribution,0.725000,0.444367,0.191273,0.192416,0.069772,0.195265,0.064229,0.160725,0.129008,0.162364,0.134061,0.268795,0.098464,0.002191,0.001223,0.001058,0.000629,0.000897,0.000707,0.000894,0.000949,0.001160,0.001248,0.098655,80
conformal_risk_filter,peg_insert_with_lag,friction_shift,long_horizon,0.637500,0.433330,0.211691,0.219260,0.078164,0.198751,0.070297,0.179647,0.144342,0.181084,0.149760,0.111087,0.106008,0.002037,0.001140,0.001015,0.000684,0.000904,0.000697,0.000933,0.000946,0.001074,0.001135,0.105893,80
conformal_risk_filter,peg_insert_with_lag,friction_shift,sparse_observation,0.475000,0.405289,0.218939,0.218396,0.081090,0.205953,0.078955,0.196603,0.148482,0.192372,0.156277,-0.082890,0.110121,0.002370,0.001034,0.001069,0.000647,0.000758,0.000595,0.000924,0.000736,0.000954,0.000963,0.110291,80
conformal_risk_filter,peg_insert_with_lag,nominal,combined_stress,0.537500,0.452305,0.210972,0.220590,0.081065,0.199492,0.076809,0.190365,0.146212,0.189231,0.153161,0.007038,0.109948,0.001903,0.001133,0.001005,0.000770,0.000944,0.000750,0.001096,0.000818,0.000976,0.001083,0.110105,80
conformal_risk_filter,peg_insert_with_lag,nominal,hidden_mechanism,0.737500,0.480392,0.185750,0.190127,0.068678,0.192329,0.065270,0.158449,0.127395,0.162700,0.132668,0.303366,0.097026,0.002253,0.001093,0.001156,0.000772,0.000872,0.000738,0.000891,0.000829,0.001151,0.001018,0.096692,80
conformal_risk_filter,peg_insert_with_lag,nominal,in_distribution,0.700000,0.494978,0.172529,0.177012,0.063451,0.187665,0.059068,0.143388,0.118994,0.150557,0.123442,0.311842,0.101054,0.002185,0.001150,0.001059,0.000633,0.000961,0.000642,0.000918,0.000942,0.001131,0.001116,0.101272,80
conformal_risk_filter,peg_insert_with_lag,nominal,long_horizon,0.712500,0.482785,0.190894,0.203936,0.072324,0.191832,0.066000,0.163563,0.133028,0.168458,0.138451,0.254974,0.099805,0.002497,0.001074,0.000951,0.000652,0.000919,0.000639,0.000856,0.000983,0.001206,0.001250,0.099954,80
conformal_risk_filter,peg_insert_with_lag,nominal,sparse_observation,0.650000,0.454728,0.196735,0.204055,0.074871,0.198960,0.073240,0.180788,0.137350,0.178610,0.144125,0.162535,0.105180,0.002123,0.001011,0.000903,0.000627,0.000847,0.000614,0.000884,0.000852,0.000921,0.001095,0.105123,80
conformal_risk_filter,peg_insert_with_lag,occlusion_persistence,combined_stress,0.450000,0.365860,0.247897,0.248096,0.091048,0.213352,0.085859,0.222543,0.165389,0.212708,0.173720,-0.203515,0.109706,0.002105,0.001170,0.001137,0.000708,0.000720,0.000823,0.000861,0.000946,0.001122,0.001179,0.109725,80
conformal_risk_filter,peg_insert_with_lag,occlusion_persistence,hidden_mechanism,0.525000,0.376216,0.224942,0.223814,0.080631,0.210735,0.080857,0.203828,0.149575,0.194438,0.157711,-0.056647,0.110121,0.002185,0.001008,0.000990,0.000639,0.000813,0.000742,0.000746,0.000816,0.000947,0.001078,0.110009,80
conformal_risk_filter,peg_insert_with_lag,occlusion_persistence,in_distribution,0.387500,0.389976,0.213131,0.210640,0.074997,0.206607,0.075722,0.189141,0.140123,0.181465,0.146672,-0.149414,0.107431,0.002206,0.000964,0.001079,0.000592,0.000891,0.000647,0.001051,0.000918,0.000973,0.001056,0.107591,80
conformal_risk_filter,peg_insert_with_lag,occlusion_persistence,long_horizon,0.537500,0.379116,0.230822,0.236890,0.084012,0.209972,0.081688,0.208713,0.155642,0.199762,0.163483,-0.067401,0.109948,0.002070,0.001171,0.001134,0.000631,0.000910,0.000689,0.000855,0.000846,0.001103,0.001258,0.109632,80
conformal_risk_filter,peg_insert_with_lag,occlusion_persistence,sparse_observation,0.562500,0.368370,0.234259,0.232539,0.084849,0.212756,0.084379,0.214137,0.156661,0.203296,0.164955,-0.050726,0.109394,0.001889,0.001107,0.001081,0.000741,0.000748,0.000662,0.000837,0.000900,0.001140,0.001073,0.109799,80
conformal_risk_filter,peg_insert_with_lag,payload_shift,combined_stress,0.487500,0.351782,0.249770,0.249365,0.092776,0.213789,0.085283,0.222770,0.168289,0.214340,0.176640,-0.177051,0.110224,0.002136,0.001182,0.001047,0.000787,0.000868,0.000677,0.000806,0.000885,0.001226,0.001043,0.110411,80
conformal_risk_filter,peg_insert_with_lag,payload_shift,hidden_mechanism,0.475000,0.382160,0.227624,0.220490,0.082319,0.206355,0.073900,0.192177,0.152214,0.190771,0.158856,-0.100563,0.110121,0.002206,0.001141,0.001105,0.000729,0.000836,0.000716,0.000939,0.000848,0.001125,0.001083,0.110189,80
conformal_risk_filter,peg_insert_with_lag,payload_shift,in_distribution,0.587500,0.394157,0.214171,0.208243,0.076837,0.201379,0.067935,0.176527,0.142616,0.177623,0.148517,0.057689,0.108557,0.001979,0.001006,0.001066,0.000658,0.000842,0.000631,0.000855,0.000870,0.000960,0.001240,0.108819,80
conformal_risk_filter,peg_insert_with_lag,payload_shift,long_horizon,0.562500,0.384018,0.233405,0.234107,0.086050,0.204439,0.074709,0.196791,0.156589,0.195022,0.163233,-0.035872,0.109394,0.002246,0.001094,0.001117,0.000737,0.000915,0.000711,0.000885,0.000861,0.001017,0.001140,0.109718,80
conformal_risk_filter,peg_insert_with_lag,payload_shift,sparse_observation,0.537500,0.357912,0.239645,0.233196,0.088646,0.212692,0.082958,0.213218,0.161599,0.206235,0.170005,-0.090927,0.109948,0.002057,0.001053,0.001126,0.000612,0.000818,0.000709,0.000921,0.000908,0.001207,0.001167,0.110045,80
counterfactual_mechanism_audit_v5,cluttered_navigation_grasp,actuator_lag,combined_stress,0.812500,0.701114,0.108241,0.095979,0.054596,0.194936,0.045421,0.147502,0.052690,0.093209,0.045481,0.672878,0.086071,0.002219,0.001236,0.001112,0.000669,0.000919,0.000688,0.000935,0.000817,0.001147,0.001180,0.086541,80
counterfactual_mechanism_audit_v5,cluttered_navigation_grasp,actuator_lag,hidden_mechanism,0.800000,0.727093,0.092842,0.075323,0.047163,0.191214,0.036459,0.124771,0.040927,0.075102,0.032485,0.725323,0.088207,0.002308,0.001108,0.001148,0.000694,0.000872,0.000760,0.000790,0.000859,0.001124,0.001068,0.088256,80
counterfactual_mechanism_audit_v5,cluttered_navigation_grasp,actuator_lag,in_distribution,0.862500,0.737830,0.083212,0.066301,0.042509,0.187688,0.032332,0.114092,0.035451,0.066163,0.026632,0.821185,0.075940,0.002433,0.001149,0.001077,0.000604,0.000883,0.000753,0.000827,0.000812,0.001058,0.001034,0.076025,80
counterfactual_mechanism_audit_v5,cluttered_navigation_grasp,actuator_lag,long_horizon,0.837500,0.729055,0.095711,0.087459,0.048686,0.190624,0.037231,0.126380,0.044866,0.078964,0.036176,0.746704,0.081351,0.002403,0.001049,0.001051,0.000686,0.000817,0.000657,0.000747,0.000947,0.001134,0.001113,0.081380,80
counterfactual_mechanism_audit_v5,cluttered_navigation_grasp,actuator_lag,sparse_observation,0.837500,0.706351,0.099609,0.083612,0.050968,0.194856,0.044697,0.141338,0.047317,0.088165,0.040558,0.726142,0.081351,0.002195,0.001063,0.001156,0.000645,0.000937,0.000654,0.000838,0.000843,0.001183,0.001179,0.081555,80
counterfactual_mechanism_audit_v5,cluttered_navigation_grasp,combined_hidden_mechanisms,combined_stress,0.837500,0.674843,0.124819,0.109685,0.057334,0.201275,0.049025,0.160475,0.057761,0.100719,0.051520,0.650440,0.081351,0.002190,0.001138,0.001020,0.000627,0.000940,0.000613,0.000838,0.000976,0.001195,0.001143,0.081503,80
counterfactual_mechanism_audit_v5,cluttered_navigation_grasp,combined_hidden_mechanisms,hidden_mechanism,0.800000,0.682997,0.120380,0.093856,0.055292,0.200121,0.044995,0.149450,0.054845,0.094783,0.047701,0.640880,0.088207,0.002605,0.000917,0.001044,0.000616,0.000852,0.000638,0.000869,0.000884,0.001146,0.001096,0.087790,80
counterfactual_mechanism_audit_v5,cluttered_navigation_grasp,combined_hidden_mechanisms,in_distribution,0.812500,0.692930,0.112250,0.086484,0.051336,0.197229,0.041341,0.138470,0.048592,0.085028,0.040708,0.683180,0.086071,0.002482,0.000971,0.001109,0.000626,0.000906,0.000633,0.000917,0.000969,0.001082,0.001161,0.085932,80
counterfactual_mechanism_audit_v5,cluttered_navigation_grasp,combined_hidden_mechanisms,long_horizon,0.687500,0.687926,0.122204,0.106224,0.056121,0.198465,0.045036,0.151072,0.055921,0.095157,0.048684,0.517322,0.102212,0.002458,0.001127,0.001123,0.000692,0.000690,0.000629,0.000742,0.000851,0.001132,0.001040,0.102277,80
counterfactual_mechanism_audit_v5,cluttered_navigation_grasp,combined_hidden_mechanisms,sparse_observation,0.750000,0.675335,0.122007,0.099833,0.056472,0.201172,0.048878,0.156608,0.056322,0.099047,0.050094,0.576090,0.095487,0.001799,0.001010,0.001169,0.000619,0.000872,0.000540,0.000851,0.000954,0.000994,0.001120,0.095492,80
counterfactual_mechanism_audit_v5,cluttered_navigation_grasp,compliance_shift,combined_stress,0.775000,0.711926,0.102489,0.092441,0.053275,0.193293,0.045025,0.142943,0.050889,0.091828,0.044006,0.651263,0.092084,0.001753,0.000980,0.001073,0.000682,0.000896,0.000615,0.000841,0.000793,0.000980,0.000916,0.091970,80
counterfactual_mechanism_audit_v5,cluttered_navigation_grasp,compliance_shift,hidden_mechanism,0.875000,0.731567,0.084797,0.072263,0.043430,0.189131,0.034982,0.121173,0.037758,0.071593,0.029167,0.819724,0.072929,0.001946,0.001167,0.001030,0.000561,0.000949,0.000678,0.000845,0.000821,0.001071,0.001078,0.073064,80
counterfactual_mechanism_audit_v5,cluttered_navigation_grasp,compliance_shift,in_distribution,0.837500,0.744334,0.075637,0.062607,0.039322,0.186556,0.031526,0.109411,0.031751,0.062339,0.022692,0.815672,0.081351,0.002091,0.001106,0.001132,0.000713,0.000911,0.000595,0.001037,0.000958,0.001140,0.001189,0.081231,80
counterfactual_mechanism_audit_v5,cluttered_navigation_grasp,compliance_shift,long_horizon,0.825000,0.737040,0.088713,0.084534,0.046507,0.188093,0.035048,0.122835,0.040712,0.073659,0.031798,0.753232,0.083789,0.002179,0.001071,0.001102,0.000644,0.000890,0.000682,0.000891,0.000886,0.001205,0.001142,0.083967,80
counterfactual_mechanism_audit_v5,cluttered_navigation_grasp,compliance_shift,sparse_observation,0.812500,0.712361,0.091607,0.079893,0.048029,0.192207,0.042049,0.136202,0.043338,0.082832,0.035353,0.722331,0.086071,0.002296,0.001100,0.001116,0.000609,0.000780,0.000680,0.000870,0.000971,0.001066,0.001170,0.086040,80
counterfactual_mechanism_audit_v5,cluttered_navigation_grasp,contact_mode_flip,combined_stress,0.837500,0.692673,0.115607,0.101784,0.055924,0.197136,0.047210,0.151581,0.055008,0.097185,0.048120,0.678384,0.081351,0.002151,0.001163,0.001103,0.000645,0.000928,0.000684,0.000845,0.000833,0.001077,0.001054,0.081121,80
counterfactual_mechanism_audit_v5,cluttered_navigation_grasp,contact_mode_flip,hidden_mechanism,0.837500,0.714344,0.098816,0.082923,0.046533,0.192823,0.038181,0.128765,0.041337,0.076876,0.032862,0.745254,0.081351,0.002150,0.001014,0.001278,0.000597,0.000835,0.000603,0.000869,0.000866,0.001218,0.001253,0.081347,80
counterfactual_mechanism_audit_v5,cluttered_navigation_grasp,contact_mode_flip,in_distribution,0.850000,0.727794,0.089321,0.071954,0.041823,0.190808,0.034172,0.119250,0.037006,0.069476,0.028856,0.792007,0.078740,0.002169,0.001056,0.001114,0.000635,0.000873,0.000671,0.000870,0.000836,0.001153,0.000926,0.078918,80
counterfactual_mechanism_audit_v5,cluttered_navigation_grasp,contact_mode_flip,long_horizon,0.862500,0.717647,0.102533,0.093865,0.048899,0.192381,0.038291,0.130985,0.045597,0.081191,0.037766,0.753840,0.075940,0.002442,0.001188,0.001069,0.000601,0.000745,0.000715,0.000916,0.000983,0.001194,0.001110,0.076231,80
counterfactual_mechanism_audit_v5,cluttered_navigation_grasp,contact_mode_flip,sparse_observation,0.862500,0.694997,0.106052,0.090238,0.050787,0.196162,0.045584,0.145422,0.048899,0.089451,0.042110,0.733675,0.075940,0.002180,0.001157,0.001017,0.000749,0.000876,0.000547,0.000880,0.000947,0.001122,0.001113,0.076137,80
counterfactual_mechanism_audit_v5,cluttered_navigation_grasp,friction_shift,combined_stress,0.800000,0.715894,0.097366,0.090515,0.051786,0.192908,0.043228,0.138980,0.048207,0.087913,0.040351,0.688986,0.088207,0.001944,0.001033,0.001091,0.000604,0.000884,0.000719,0.000946,0.000899,0.001149,0.001043,0.088436,80
counterfactual_mechanism_audit_v5,cluttered_navigation_grasp,friction_shift,hidden_mechanism,0.850000,0.740075,0.080065,0.070354,0.041305,0.187496,0.034028,0.116946,0.034833,0.067976,0.025598,0.809412,0.078740,0.001909,0.000943,0.001063,0.000531,0.000857,0.000687,0.000874,0.000922,0.001255,0.001099,0.078858,80
counterfactual_mechanism_audit_v5,cluttered_navigation_grasp,friction_shift,in_distribution,0.900000,0.750502,0.069310,0.060179,0.037973,0.185117,0.030925,0.107273,0.028085,0.058090,0.018249,0.892930,0.066155,0.002182,0.001080,0.001038,0.000717,0.000835,0.000676,0.000847,0.000757,0.000880,0.000987,0.066129,80
counterfactual_mechanism_audit_v5,cluttered_navigation_grasp,friction_shift,long_horizon,0.850000,0.743043,0.082574,0.080114,0.044452,0.187179,0.034571,0.119925,0.038429,0.071549,0.030146,0.794102,0.078740,0.002436,0.001046,0.001020,0.000665,0.000733,0.000567,0.000802,0.000825,0.001118,0.001036,0.078681,80
counterfactual_mechanism_audit_v5,cluttered_navigation_grasp,friction_shift,sparse_observation,0.825000,0.717190,0.086997,0.077373,0.045886,0.191327,0.042075,0.132939,0.041377,0.079580,0.032862,0.747088,0.083789,0.002028,0.001120,0.001060,0.000688,0.000982,0.000766,0.000965,0.000866,0.001196,0.001084,0.083661,80
counterfactual_mechanism_audit_v5,cluttered_navigation_grasp,nominal,combined_stress,0.787500,0.733963,0.083099,0.081286,0.046525,0.187384,0.041008,0.129723,0.042221,0.081137,0.034419,0.717017,0.090208,0.002232,0.001003,0.001227,0.000560,0.000916,0.000704,0.000940,0.000853,0.001144,0.000965,0.089962,80
counterfactual_mechanism_audit_v5,cluttered_navigation_grasp,nominal,hidden_mechanism,0.800000,0.754945,0.064072,0.059845,0.036662,0.183626,0.031927,0.105721,0.028271,0.059983,0.019194,0.800995,0.088207,0.001927,0.001195,0.001108,0.000659,0.000934,0.000685,0.000798,0.000845,0.001172,0.001093,0.088466,80
counterfactual_mechanism_audit_v5,cluttered_navigation_grasp,nominal,in_distribution,0.812500,0.769122,0.055459,0.050348,0.032831,0.181597,0.027325,0.096410,0.022607,0.051641,0.012303,0.846249,0.086071,0.002070,0.001104,0.001070,0.000576,0.000858,0.000644,0.000951,0.000904,0.001266,0.001133,0.086003,80
counterfactual_mechanism_audit_v5,cluttered_navigation_grasp,nominal,long_horizon,0.750000,0.760736,0.068141,0.071984,0.040164,0.183007,0.031851,0.109272,0.030915,0.062378,0.021383,0.733899,0.095487,0.002349,0.001131,0.001017,0.000638,0.000858,0.000703,0.001045,0.000909,0.001211,0.000992,0.095639,80
counterfactual_mechanism_audit_v5,cluttered_navigation_grasp,nominal,sparse_observation,0.737500,0.735238,0.072098,0.067455,0.041749,0.187319,0.038888,0.123715,0.033259,0.071487,0.024667,0.701476,0.097026,0.002004,0.000928,0.001102,0.000684,0.001026,0.000618,0.000833,0.000825,0.001169,0.001070,0.096750,80
counterfactual_mechanism_audit_v5,cluttered_navigation_grasp,occlusion_persistence,combined_stress,0.750000,0.695925,0.109905,0.098799,0.054148,0.196041,0.047260,0.148862,0.051947,0.093885,0.045100,0.604232,0.095487,0.002270,0.001183,0.001023,0.000564,0.000904,0.000653,0.001095,0.000889,0.001261,0.001022,0.095334,80
counterfactual_mechanism_audit_v5,cluttered_navigation_grasp,occlusion_persistence,hidden_mechanism,0.750000,0.702883,0.092673,0.078461,0.044989,0.194314,0.043837,0.136951,0.040477,0.081153,0.033140,0.660021,0.095487,0.002268,0.001098,0.001045,0.000676,0.000997,0.000667,0.000875,0.000839,0.000968,0.001039,0.095591,80
counterfactual_mechanism_audit_v5,cluttered_navigation_grasp,occlusion_persistence,in_distribution,0.837500,0.714222,0.084015,0.069781,0.041193,0.192527,0.039702,0.128303,0.034510,0.071786,0.026305,0.778416,0.081351,0.002453,0.001153,0.000956,0.000614,0.000896,0.000686,0.000794,0.000820,0.001015,0.001070,0.081137,80
counterfactual_mechanism_audit_v5,cluttered_navigation_grasp,occlusion_persistence,long_horizon,0.812500,0.705945,0.096324,0.090553,0.047752,0.194103,0.043652,0.140308,0.043960,0.083243,0.036400,0.705133,0.086071,0.002100,0.001061,0.001109,0.000614,0.000977,0.000663,0.000844,0.000964,0.001085,0.001099,0.085709,80
counterfactual_mechanism_audit_v5,cluttered_navigation_grasp,occlusion_persistence,sparse_observation,0.887500,0.694988,0.098632,0.087110,0.048249,0.195205,0.046089,0.144732,0.044603,0.086911,0.037704,0.773505,0.069679,0.002345,0.000951,0.001061,0.000572,0.000853,0.000645,0.000785,0.000947,0.000982,0.001200,0.069518,80
counterfactual_mechanism_audit_v5,cluttered_navigation_grasp,payload_shift,combined_stress,0.800000,0.697852,0.109649,0.098351,0.055085,0.196158,0.045619,0.148231,0.053555,0.094254,0.046840,0.654436,0.088207,0.002097,0.001143,0.001214,0.000686,0.000939,0.000687,0.000896,0.000876,0.001233,0.001120,0.088268,80
counterfactual_mechanism_audit_v5,cluttered_navigation_grasp,payload_shift,hidden_mechanism,0.862500,0.722831,0.094974,0.078469,0.047566,0.191145,0.036946,0.127227,0.043450,0.077435,0.034344,0.779189,0.075940,0.002223,0.001085,0.001135,0.000535,0.000871,0.000744,0.000895,0.000855,0.000986,0.001065,0.076321,80
counterfactual_mechanism_audit_v5,cluttered_navigation_grasp,payload_shift,in_distribution,0.825000,0.733957,0.085100,0.068281,0.043202,0.188767,0.032702,0.116410,0.037938,0.069243,0.028412,0.775781,0.083789,0.002272,0.001120,0.001062,0.000751,0.000956,0.000646,0.000925,0.000868,0.001109,0.001042,0.083811,80
counterfactual_mechanism_audit_v5,cluttered_navigation_grasp,payload_shift,long_horizon,0.850000,0.726531,0.098389,0.090925,0.050811,0.190463,0.037295,0.129203,0.046443,0.080184,0.037577,0.749387,0.078740,0.002387,0.001102,0.001136,0.000657,0.000905,0.000757,0.000790,0.000850,0.000992,0.001037,0.078724,80
counterfactual_mechanism_audit_v5,cluttered_navigation_grasp,payload_shift,sparse_observation,0.812500,0.701399,0.102778,0.085895,0.051832,0.195520,0.043963,0.143154,0.050022,0.090038,0.042468,0.691957,0.086071,0.002464,0.000942,0.001056,0.000681,0.000943,0.000641,0.000939,0.000746,0.001095,0.000950,0.085768,80
counterfactual_mechanism_audit_v5,deformable_bin_pick,actuator_lag,combined_stress,0.800000,0.705361,0.105983,0.095999,0.053882,0.195700,0.045779,0.146049,0.052619,0.093586,0.046123,0.664547,0.088207,0.002076,0.000951,0.001042,0.000655,0.000899,0.000643,0.000984,0.001052,0.001418,0.001202,0.088366,80
counterfactual_mechanism_audit_v5,deformable_bin_pick,actuator_lag,hidden_mechanism,0.875000,0.727747,0.089752,0.075745,0.046967,0.189989,0.035735,0.123791,0.041406,0.075402,0.032838,0.803914,0.072929,0.002198,0.001174,0.001118,0.000753,0.000898,0.000544,0.000841,0.000809,0.000911,0.001008,0.073057,80
counterfactual_mechanism_audit_v5,deformable_bin_pick,actuator_lag,in_distribution,0.812500,0.740451,0.081495,0.065772,0.042230,0.188590,0.032109,0.113728,0.036550,0.067295,0.027620,0.773581,0.086071,0.001976,0.001106,0.001157,0.000690,0.000866,0.000593,0.000935,0.000976,0.001104,0.001175,0.085784,80
counterfactual_mechanism_audit_v5,deformable_bin_pick,actuator_lag,long_horizon,0.825000,0.733208,0.094075,0.086278,0.049510,0.190887,0.037111,0.127015,0.044803,0.078452,0.036255,0.737077,0.083789,0.002081,0.001147,0.001086,0.000563,0.000872,0.000727,0.000917,0.001015,0.001262,0.001145,0.083542,80
counterfactual_mechanism_audit_v5,deformable_bin_pick,actuator_lag,sparse_observation,0.862500,0.707360,0.097238,0.082289,0.050928,0.194802,0.043483,0.140339,0.047177,0.086938,0.039662,0.755701,0.075940,0.001845,0.001122,0.000986,0.000636,0.000925,0.000730,0.000822,0.000884,0.001172,0.001075,0.076034,80
counterfactual_mechanism_audit_v5,deformable_bin_pick,combined_hidden_mechanisms,combined_stress,0.762500,0.674455,0.123464,0.109598,0.056412,0.201848,0.049682,0.159363,0.057498,0.100789,0.051284,0.577454,0.093841,0.002016,0.001109,0.001106,0.000672,0.000907,0.000589,0.000800,0.000948,0.001222,0.001106,0.094013,80
counterfactual_mechanism_audit_v5,deformable_bin_pick,combined_hidden_mechanisms,hidden_mechanism,0.812500,0.686200,0.120400,0.094457,0.055219,0.199649,0.044621,0.149059,0.053904,0.093880,0.046878,0.655084,0.086071,0.002396,0.001194,0.001050,0.000730,0.000814,0.000682,0.000855,0.001030,0.001284,0.001244,0.085927,80
counterfactual_mechanism_audit_v5,deformable_bin_pick,combined_hidden_mechanisms,in_distribution,0.875000,0.695608,0.111382,0.084469,0.051144,0.197705,0.040860,0.137971,0.048098,0.084995,0.040408,0.749695,0.072929,0.002506,0.001148,0.001162,0.000714,0.000873,0.000664,0.000735,0.000851,0.001160,0.001057,0.072942,80
counterfactual_mechanism_audit_v5,deformable_bin_pick,combined_hidden_mechanisms,long_horizon,0.837500,0.686471,0.122009,0.105445,0.056444,0.199795,0.045369,0.150789,0.056362,0.095413,0.048781,0.666471,0.081351,0.002116,0.000983,0.001046,0.000612,0.000950,0.000690,0.000896,0.000859,0.001012,0.001097,0.081856,80
counterfactual_mechanism_audit_v5,deformable_bin_pick,combined_hidden_mechanisms,sparse_observation,0.800000,0.673907,0.121328,0.099127,0.056842,0.202096,0.048951,0.156512,0.056866,0.100070,0.050526,0.625744,0.088207,0.001945,0.001066,0.001160,0.000662,0.000787,0.000595,0.000816,0.000899,0.001093,0.001110,0.088032,80
counterfactual_mechanism_audit_v5,deformable_bin_pick,compliance_shift,combined_stress,0.800000,0.714452,0.101098,0.092191,0.053418,0.193459,0.044279,0.143390,0.050179,0.090555,0.042915,0.679165,0.088207,0.002189,0.001178,0.000905,0.000682,0.000903,0.000642,0.000831,0.000811,0.000994,0.001073,0.088310,80
counterfactual_mechanism_audit_v5,deformable_bin_pick,compliance_shift,hidden_mechanism,0.825000,0.736492,0.082684,0.071207,0.043574,0.188733,0.035117,0.119453,0.037462,0.071043,0.028415,0.774594,0.083789,0.002204,0.000986,0.001044,0.000655,0.000818,0.000640,0.000836,0.000870,0.001125,0.001075,0.083696,80
counterfactual_mechanism_audit_v5,deformable_bin_pick,compliance_shift,in_distribution,0.812500,0.745379,0.072888,0.061177,0.039508,0.187305,0.031074,0.109553,0.032437,0.062981,0.023569,0.794029,0.086071,0.002077,0.001068,0.001157,0.000641,0.000820,0.000657,0.000773,0.000876,0.001029,0.001149,0.086250,80
counterfactual_mechanism_audit_v5,deformable_bin_pick,compliance_shift,long_horizon,0.862500,0.739624,0.087266,0.082232,0.045628,0.188083,0.035338,0.121727,0.040164,0.073333,0.031476,0.796079,0.075940,0.002340,0.001183,0.001091,0.000680,0.000968,0.000599,0.000737,0.000798,0.000974,0.000969,0.075867,80
counterfactual_mechanism_audit_v5,deformable_bin_pick,compliance_shift,sparse_observation,0.862500,0.711485,0.091909,0.079295,0.047546,0.193124,0.042991,0.136067,0.043589,0.082541,0.036393,0.771813,0.075940,0.002303,0.001112,0.001158,0.000809,0.000842,0.000546,0.000899,0.000844,0.001068,0.001041,0.075902,80
counterfactual_mechanism_audit_v5,deformable_bin_pick,contact_mode_flip,combined_stress,0.675000,0.693858,0.113853,0.100865,0.055638,0.197913,0.047029,0.150673,0.054103,0.096028,0.047968,0.519542,0.103285,0.002313,0.001158,0.001011,0.000715,0.000820,0.000638,0.000955,0.000866,0.001018,0.001058,0.103294,80
counterfactual_mechanism_audit_v5,deformable_bin_pick,contact_mode_flip,hidden_mechanism,0.725000,0.716463,0.097724,0.081344,0.045901,0.192518,0.037434,0.128290,0.041982,0.076876,0.034175,0.636551,0.098464,0.001845,0.001167,0.001077,0.000631,0.001001,0.000586,0.000840,0.000810,0.000951,0.001122,0.098658,80
counterfactual_mechanism_audit_v5,deformable_bin_pick,contact_mode_flip,in_distribution,0.850000,0.727537,0.088120,0.070929,0.041852,0.190702,0.033744,0.118137,0.035669,0.067603,0.026946,0.795136,0.078740,0.002179,0.001095,0.001225,0.000742,0.000934,0.000711,0.000859,0.000821,0.001036,0.001076,0.078754,80
counterfactual_mechanism_audit_v5,deformable_bin_pick,contact_mode_flip,long_horizon,0.925000,0.720244,0.099683,0.092124,0.049355,0.192534,0.038234,0.130695,0.045702,0.081021,0.037265,0.820700,0.058082,0.002049,0.001184,0.001171,0.000674,0.000963,0.000637,0.000816,0.000889,0.001192,0.001188,0.058035,80
counterfactual_mechanism_audit_v5,deformable_bin_pick,contact_mode_flip,sparse_observation,0.787500,0.694669,0.105372,0.088514,0.050919,0.196593,0.045087,0.145560,0.047000,0.087878,0.040012,0.661721,0.090208,0.002382,0.001039,0.001122,0.000627,0.000840,0.000702,0.000790,0.000808,0.000980,0.000966,0.090162,80
counterfactual_mechanism_audit_v5,deformable_bin_pick,friction_shift,combined_stress,0.825000,0.718339,0.095175,0.089667,0.051537,0.192338,0.043380,0.138724,0.047361,0.087652,0.040023,0.718437,0.083789,0.002287,0.001204,0.001096,0.000704,0.000765,0.000641,0.000933,0.000934,0.001198,0.001110,0.083874,80
counterfactual_mechanism_audit_v5,deformable_bin_pick,friction_shift,hidden_mechanism,0.812500,0.741928,0.076288,0.068260,0.041482,0.187873,0.034145,0.115287,0.033740,0.066729,0.024629,0.778321,0.086071,0.002199,0.001152,0.001076,0.000693,0.000952,0.000654,0.000867,0.000950,0.001273,0.001157,0.086524,80
counterfactual_mechanism_audit_v5,deformable_bin_pick,friction_shift,in_distribution,0.812500,0.749726,0.068177,0.058309,0.037283,0.185785,0.029843,0.105635,0.028927,0.059184,0.019728,0.808566,0.086071,0.002051,0.000924,0.001162,0.000738,0.000932,0.000655,0.000894,0.000786,0.001088,0.001026,0.086102,80
counterfactual_mechanism_audit_v5,deformable_bin_pick,friction_shift,long_horizon,0.787500,0.745111,0.081622,0.079553,0.044967,0.187395,0.034072,0.118223,0.038041,0.070914,0.029003,0.733870,0.090208,0.002040,0.001124,0.001057,0.000663,0.000903,0.000686,0.000826,0.000972,0.001196,0.001145,0.090075,80
counterfactual_mechanism_audit_v5,deformable_bin_pick,friction_shift,sparse_observation,0.812500,0.722309,0.084456,0.075585,0.045495,0.191328,0.041762,0.132402,0.040274,0.079418,0.032540,0.741454,0.086071,0.002165,0.001150,0.001092,0.000671,0.000822,0.000606,0.000941,0.000801,0.001106,0.001045,0.086397,80
counterfactual_mechanism_audit_v5,deformable_bin_pick,nominal,combined_stress,0.825000,0.736686,0.081766,0.078864,0.047141,0.187442,0.040918,0.128878,0.040305,0.079105,0.032703,0.759337,0.083789,0.002391,0.001266,0.001092,0.000659,0.001017,0.000705,0.000947,0.000945,0.001065,0.001170,0.083744,80
counterfactual_mechanism_audit_v5,deformable_bin_pick,nominal,hidden_mechanism,0.875000,0.758363,0.063665,0.058161,0.037054,0.182915,0.031818,0.105942,0.027429,0.059896,0.018097,0.879201,0.072929,0.002090,0.001058,0.001069,0.000685,0.000922,0.000654,0.000790,0.001036,0.001377,0.001306,0.072775,80
counterfactual_mechanism_audit_v5,deformable_bin_pick,nominal,in_distribution,0.887500,0.769186,0.052818,0.050008,0.032823,0.181023,0.027124,0.095421,0.022509,0.051536,0.013156,0.924516,0.069679,0.001799,0.001172,0.001014,0.000723,0.000835,0.000629,0.001097,0.000923,0.001066,0.001151,0.069977,80
counterfactual_mechanism_audit_v5,deformable_bin_pick,nominal,long_horizon,0.850000,0.760542,0.066526,0.070340,0.039083,0.183061,0.032316,0.109350,0.031162,0.062783,0.021905,0.837295,0.078740,0.002157,0.001075,0.001133,0.000568,0.000811,0.000644,0.000876,0.000987,0.001209,0.001248,0.078719,80
counterfactual_mechanism_audit_v5,deformable_bin_pick,nominal,sparse_observation,0.862500,0.737688,0.071367,0.067023,0.041304,0.187512,0.039388,0.122344,0.033827,0.072050,0.025536,0.828369,0.075940,0.002266,0.001041,0.001007,0.000627,0.000778,0.000729,0.000721,0.000875,0.001156,0.001047,0.076093,80
counterfactual_mechanism_audit_v5,deformable_bin_pick,occlusion_persistence,combined_stress,0.762500,0.698325,0.107826,0.096124,0.054032,0.196413,0.046918,0.148466,0.051955,0.094310,0.045551,0.621816,0.093841,0.002141,0.001139,0.001172,0.000675,0.001041,0.000629,0.000924,0.000741,0.000972,0.000930,0.093925,80
counterfactual_mechanism_audit_v5,deformable_bin_pick,occlusion_persistence,hidden_mechanism,0.787500,0.703762,0.090938,0.079095,0.044948,0.194785,0.043069,0.136884,0.040576,0.080874,0.033593,0.699189,0.090208,0.002181,0.001071,0.001055,0.000590,0.000856,0.000632,0.000862,0.000843,0.001088,0.001169,0.090250,80
counterfactual_mechanism_audit_v5,deformable_bin_pick,occlusion_persistence,in_distribution,0.812500,0.715369,0.081465,0.068862,0.040878,0.191626,0.039310,0.127445,0.034696,0.071962,0.026903,0.757734,0.086071,0.002178,0.001126,0.001096,0.000679,0.000815,0.000698,0.000857,0.000919,0.001099,0.001139,0.085861,80
counterfactual_mechanism_audit_v5,deformable_bin_pick,occlusion_persistence,long_horizon,0.787500,0.709151,0.094039,0.088570,0.047692,0.194662,0.043324,0.138832,0.043660,0.083460,0.036440,0.685432,0.090208,0.002322,0.000954,0.001111,0.000611,0.000713,0.000617,0.000775,0.000796,0.001104,0.001080,0.089926,80
counterfactual_mechanism_audit_v5,deformable_bin_pick,occlusion_persistence,sparse_observation,0.850000,0.698916,0.096556,0.084460,0.048558,0.196385,0.045977,0.144778,0.045788,0.088511,0.039513,0.739932,0.078740,0.002226,0.000991,0.001126,0.000674,0.000835,0.000599,0.000797,0.000902,0.001140,0.001161,0.078598,80
counterfactual_mechanism_audit_v5,deformable_bin_pick,payload_shift,combined_stress,0.825000,0.701932,0.107975,0.096258,0.055447,0.196581,0.045705,0.146884,0.052540,0.093169,0.046260,0.684362,0.083789,0.002278,0.001133,0.001204,0.000647,0.000952,0.000608,0.000742,0.000827,0.001046,0.001012,0.083869,80
counterfactual_mechanism_audit_v5,deformable_bin_pick,payload_shift,hidden_mechanism,0.875000,0.723096,0.093120,0.076897,0.047503,0.191178,0.036558,0.125733,0.043182,0.077640,0.034785,0.795447,0.072929,0.002171,0.001019,0.001108,0.000699,0.000830,0.000717,0.000867,0.000837,0.000960,0.001036,0.072972,80
counterfactual_mechanism_audit_v5,deformable_bin_pick,payload_shift,in_distribution,0.887500,0.735487,0.084985,0.067727,0.043786,0.189398,0.032554,0.115335,0.037117,0.068157,0.028466,0.839357,0.069679,0.002048,0.001132,0.001038,0.000603,0.000857,0.000639,0.000848,0.000979,0.001126,0.001185,0.069753,80
counterfactual_mechanism_audit_v5,deformable_bin_pick,payload_shift,long_horizon,0.800000,0.728049,0.096982,0.088495,0.050124,0.190670,0.036854,0.128002,0.046561,0.080057,0.037958,0.704156,0.088207,0.001663,0.001104,0.001197,0.000644,0.000820,0.000627,0.000983,0.000925,0.001209,0.001236,0.088220,80
counterfactual_mechanism_audit_v5,deformable_bin_pick,payload_shift,sparse_observation,0.775000,0.702466,0.100846,0.084443,0.051843,0.195535,0.044357,0.142572,0.049326,0.089717,0.042536,0.658063,0.092084,0.001830,0.001065,0.001176,0.000605,0.000830,0.000665,0.000884,0.000820,0.001082,0.001028,0.092368,80
counterfactual_mechanism_audit_v5,drawer_contact_repair,actuator_lag,combined_stress,0.737500,0.709008,0.103116,0.093113,0.053977,0.193940,0.045727,0.143203,0.051459,0.092647,0.044585,0.609944,0.097026,0.002449,0.000980,0.001063,0.000595,0.000847,0.000580,0.000833,0.001040,0.001312,0.001227,0.097076,80
counterfactual_mechanism_audit_v5,drawer_contact_repair,actuator_lag,hidden_mechanism,0.787500,0.732913,0.086408,0.071573,0.046247,0.188503,0.036699,0.121619,0.039524,0.073492,0.030713,0.726822,0.090208,0.002130,0.001090,0.001163,0.000669,0.000821,0.000679,0.000775,0.000868,0.001057,0.001096,0.090377,80
counterfactual_mechanism_audit_v5,drawer_contact_repair,actuator_lag,in_distribution,0.862500,0.744354,0.077508,0.062568,0.041741,0.186952,0.031615,0.111701,0.034807,0.065764,0.025804,0.833868,0.075940,0.002143,0.000935,0.001321,0.000701,0.000912,0.000662,0.000833,0.000883,0.001120,0.001033,0.075857,80
counterfactual_mechanism_audit_v5,drawer_contact_repair,actuator_lag,long_horizon,0.850000,0.735205,0.090823,0.083730,0.048906,0.188570,0.035766,0.124098,0.044182,0.077853,0.035403,0.770771,0.078740,0.001994,0.000979,0.001133,0.000702,0.000888,0.000672,0.000787,0.000853,0.001150,0.001134,0.078930,80
counterfactual_mechanism_audit_v5,drawer_contact_repair,actuator_lag,sparse_observation,0.787500,0.712533,0.094049,0.080492,0.050380,0.192855,0.043100,0.138150,0.045630,0.085738,0.037927,0.689589,0.090208,0.002100,0.001063,0.000997,0.000689,0.000957,0.000765,0.000995,0.000879,0.001000,0.001201,0.090380,80
counterfactual_mechanism_audit_v5,drawer_contact_repair,combined_hidden_mechanisms,combined_stress,0.812500,0.678489,0.122425,0.107981,0.056574,0.200719,0.048641,0.157939,0.056172,0.098838,0.049600,0.632908,0.086071,0.002077,0.001082,0.001149,0.000663,0.000861,0.000713,0.000872,0.000840,0.001014,0.001045,0.085791,80
counterfactual_mechanism_audit_v5,drawer_contact_repair,combined_hidden_mechanisms,hidden_mechanism,0.800000,0.688997,0.115630,0.091190,0.054684,0.198659,0.044922,0.147001,0.052856,0.092944,0.045390,0.652250,0.088207,0.002280,0.001074,0.001105,0.000628,0.001013,0.000672,0.000874,0.000923,0.001103,0.001126,0.088256,80
counterfactual_mechanism_audit_v5,drawer_contact_repair,combined_hidden_mechanisms,in_distribution,0.725000,0.700219,0.106947,0.082108,0.050092,0.195757,0.040232,0.136726,0.047681,0.084079,0.040989,0.609729,0.098464,0.002418,0.001036,0.001196,0.000565,0.000969,0.000628,0.000936,0.000850,0.001163,0.001094,0.098283,80
counterfactual_mechanism_audit_v5,drawer_contact_repair,combined_hidden_mechanisms,long_horizon,0.812500,0.691941,0.116968,0.102639,0.056220,0.197703,0.044326,0.148356,0.054733,0.094110,0.047374,0.653113,0.086071,0.002273,0.001163,0.001250,0.000735,0.001058,0.000738,0.000982,0.000899,0.001181,0.001125,0.085722,80
counterfactual_mechanism_audit_v5,drawer_contact_repair,combined_hidden_mechanisms,sparse_observation,0.787500,0.681948,0.119941,0.097349,0.055401,0.200083,0.047898,0.154910,0.054823,0.096534,0.048367,0.622955,0.090208,0.002112,0.001192,0.001018,0.000705,0.000807,0.000690,0.000949,0.000741,0.001003,0.000838,0.089974,80
counterfactual_mechanism_audit_v5,drawer_contact_repair,compliance_shift,combined_stress,0.825000,0.715765,0.098248,0.088712,0.052827,0.191845,0.043524,0.139451,0.048642,0.089262,0.041199,0.713230,0.083789,0.002347,0.001031,0.001063,0.000740,0.000849,0.000632,0.000844,0.000887,0.001112,0.001145,0.083889,80
counterfactual_mechanism_audit_v5,drawer_contact_repair,compliance_shift,hidden_mechanism,0.825000,0.739437,0.079445,0.068961,0.042612,0.187482,0.034229,0.116514,0.036567,0.069501,0.027883,0.783353,0.083789,0.002059,0.001136,0.001105,0.000701,0.000937,0.000667,0.000945,0.000806,0.000975,0.001086,0.083799,80
counterfactual_mechanism_audit_v5,drawer_contact_repair,compliance_shift,in_distribution,0.750000,0.749349,0.071078,0.058683,0.038632,0.185290,0.030585,0.106412,0.030174,0.060173,0.020996,0.740355,0.095487,0.002069,0.001119,0.001283,0.000563,0.000820,0.000662,0.000924,0.000771,0.001193,0.001026,0.095751,80
counterfactual_mechanism_audit_v5,drawer_contact_repair,compliance_shift,long_horizon,0.850000,0.742430,0.082277,0.081271,0.045571,0.186376,0.034602,0.119740,0.039551,0.071940,0.031243,0.791632,0.078740,0.001869,0.001173,0.001003,0.000692,0.000754,0.000606,0.000899,0.000889,0.001090,0.001188,0.079028,80
counterfactual_mechanism_audit_v5,drawer_contact_repair,compliance_shift,sparse_observation,0.775000,0.717639,0.088308,0.076841,0.047403,0.190333,0.042114,0.133424,0.042576,0.082493,0.035381,0.694269,0.092084,0.002170,0.001119,0.001036,0.000652,0.000848,0.000659,0.000908,0.000824,0.001155,0.000999,0.091824,80
counterfactual_mechanism_audit_v5,drawer_contact_repair,contact_mode_flip,combined_stress,0.787500,0.698249,0.111498,0.098091,0.054642,0.196139,0.046826,0.148048,0.052973,0.095351,0.046549,0.640802,0.090208,0.002127,0.001219,0.001124,0.000625,0.000654,0.000634,0.000780,0.000872,0.001201,0.001146,0.090280,80
counterfactual_mechanism_audit_v5,drawer_contact_repair,contact_mode_flip,hidden_mechanism,0.837500,0.722914,0.093028,0.078590,0.045604,0.190512,0.036801,0.125840,0.040732,0.075693,0.032225,0.760258,0.081351,0.002202,0.001091,0.001135,0.000671,0.000890,0.000686,0.000890,0.000821,0.001020,0.001070,0.080830,80
counterfactual_mechanism_audit_v5,drawer_contact_repair,contact_mode_flip,in_distribution,0.837500,0.732160,0.083477,0.068981,0.041044,0.188479,0.033313,0.115500,0.034665,0.066679,0.025712,0.792917,0.081351,0.001900,0.001051,0.001094,0.000666,0.000847,0.000697,0.000914,0.000989,0.001226,0.001152,0.081166,80
counterfactual_mechanism_audit_v5,drawer_contact_repair,contact_mode_flip,long_horizon,0.825000,0.725870,0.097610,0.089995,0.048370,0.190569,0.037440,0.127678,0.044284,0.079276,0.035908,0.729745,0.083789,0.002211,0.001100,0.001105,0.000580,0.000903,0.000671,0.000893,0.000919,0.001084,0.001255,0.083780,80
counterfactual_mechanism_audit_v5,drawer_contact_repair,contact_mode_flip,sparse_observation,0.762500,0.701269,0.101688,0.086460,0.050558,0.196047,0.045287,0.141990,0.046584,0.087767,0.039468,0.645374,0.093841,0.002118,0.001056,0.001010,0.000616,0.000780,0.000694,0.000773,0.000842,0.001075,0.001081,0.093806,80
counterfactual_mechanism_audit_v5,drawer_contact_repair,friction_shift,combined_stress,0.850000,0.723445,0.092023,0.085456,0.050479,0.190283,0.043077,0.136344,0.045600,0.085891,0.037834,0.754853,0.078740,0.002157,0.001323,0.001067,0.000664,0.000822,0.000669,0.000848,0.000745,0.001046,0.001092,0.078507,80
counterfactual_mechanism_audit_v5,drawer_contact_repair,friction_shift,hidden_mechanism,0.837500,0.746764,0.073173,0.064869,0.040852,0.186570,0.033291,0.113464,0.033083,0.066009,0.023890,0.812774,0.081351,0.002358,0.001147,0.001139,0.000663,0.000932,0.000549,0.000891,0.000870,0.001166,0.001193,0.081529,80
counterfactual_mechanism_audit_v5,drawer_contact_repair,friction_shift,in_distribution,0.837500,0.756530,0.065443,0.055185,0.036457,0.183602,0.029346,0.103102,0.027873,0.057493,0.017889,0.843803,0.081351,0.002022,0.001119,0.001164,0.000669,0.000838,0.000594,0.000932,0.000902,0.000947,0.001110,0.081486,80
counterfactual_mechanism_audit_v5,drawer_contact_repair,friction_shift,long_horizon,0.825000,0.750022,0.078258,0.076435,0.043976,0.185269,0.034159,0.116267,0.037089,0.070385,0.028374,0.781199,0.083789,0.002210,0.001181,0.001126,0.000574,0.000919,0.000649,0.000913,0.000916,0.001117,0.001125,0.083682,80
counterfactual_mechanism_audit_v5,drawer_contact_repair,friction_shift,sparse_observation,0.850000,0.723718,0.080906,0.072968,0.044678,0.189416,0.041232,0.129632,0.039467,0.078390,0.031792,0.787528,0.078740,0.002129,0.001062,0.001203,0.000640,0.000765,0.000553,0.000853,0.001000,0.001253,0.001329,0.078602,80
counterfactual_mechanism_audit_v5,drawer_contact_repair,nominal,combined_stress,0.825000,0.742706,0.076994,0.077190,0.046043,0.185532,0.040671,0.126412,0.040217,0.078602,0.032041,0.769489,0.083789,0.002054,0.001033,0.001044,0.000558,0.000904,0.000674,0.000964,0.000915,0.001168,0.001042,0.083958,80
counterfactual_mechanism_audit_v5,drawer_contact_repair,nominal,hidden_mechanism,0.787500,0.763448,0.058728,0.055955,0.036190,0.181713,0.030952,0.103965,0.026701,0.058755,0.017599,0.802289,0.090208,0.001847,0.001146,0.001035,0.000679,0.000916,0.000634,0.000855,0.000932,0.001185,0.001110,0.090261,80
counterfactual_mechanism_audit_v5,drawer_contact_repair,nominal,in_distribution,0.850000,0.771835,0.049627,0.046978,0.032512,0.179282,0.026899,0.093107,0.020190,0.048990,0.010167,0.896134,0.078740,0.002148,0.001174,0.000978,0.000652,0.000813,0.000624,0.000928,0.000914,0.001128,0.001180,0.078562,80
counterfactual_mechanism_audit_v5,drawer_contact_repair,nominal,long_horizon,0.900000,0.766248,0.063702,0.066690,0.038892,0.181482,0.031742,0.105774,0.030118,0.061836,0.020661,0.897048,0.066155,0.002147,0.001134,0.001156,0.000601,0.000943,0.000732,0.000897,0.000747,0.000948,0.000970,0.066111,80
counterfactual_mechanism_audit_v5,drawer_contact_repair,nominal,sparse_observation,0.787500,0.743368,0.068357,0.064560,0.040821,0.185146,0.038923,0.120332,0.032457,0.071396,0.023992,0.762737,0.090208,0.002031,0.001225,0.000977,0.000667,0.000796,0.000555,0.000845,0.000910,0.001139,0.001159,0.090320,80
counterfactual_mechanism_audit_v5,drawer_contact_repair,occlusion_persistence,combined_stress,0.787500,0.704179,0.104220,0.093810,0.053912,0.194860,0.046822,0.147022,0.051233,0.093251,0.044402,0.655325,0.090208,0.002204,0.000995,0.001053,0.000467,0.000879,0.000739,0.000794,0.000815,0.001077,0.000993,0.090112,80
counterfactual_mechanism_audit_v5,drawer_contact_repair,occlusion_persistence,hidden_mechanism,0.812500,0.708659,0.087624,0.075478,0.044433,0.192923,0.043018,0.134306,0.038842,0.078592,0.031567,0.734476,0.086071,0.002010,0.001057,0.001001,0.000638,0.000776,0.000659,0.001067,0.000827,0.001084,0.001158,0.086408,80
counterfactual_mechanism_audit_v5,drawer_contact_repair,occlusion_persistence,in_distribution,0.850000,0.719260,0.077929,0.066141,0.040097,0.190162,0.038818,0.124081,0.033274,0.070190,0.025095,0.805039,0.078740,0.002200,0.001066,0.001023,0.000665,0.000790,0.000685,0.000981,0.000756,0.001035,0.001098,0.078771,80
counterfactual_mechanism_audit_v5,drawer_contact_repair,occlusion_persistence,long_horizon,0.912500,0.712444,0.090862,0.086026,0.047245,0.192476,0.043006,0.137018,0.042204,0.082065,0.035029,0.819051,0.062311,0.002155,0.001223,0.001131,0.000637,0.000967,0.000629,0.000918,0.000849,0.001099,0.001247,0.062211,80
counterfactual_mechanism_audit_v5,drawer_contact_repair,occlusion_persistence,sparse_observation,0.762500,0.703431,0.093689,0.082773,0.047500,0.194207,0.045921,0.141319,0.044098,0.085555,0.037296,0.661488,0.093841,0.002264,0.001108,0.001095,0.000662,0.000946,0.000703,0.000818,0.000930,0.001193,0.001145,0.093647,80
counterfactual_mechanism_audit_v5,drawer_contact_repair,payload_shift,combined_stress,0.862500,0.709449,0.104642,0.093671,0.054314,0.194395,0.045306,0.145202,0.052160,0.092711,0.044919,0.732142,0.075940,0.002236,0.001186,0.001090,0.000612,0.000763,0.000511,0.000906,0.000895,0.001066,0.001026,0.076101,80
counterfactual_mechanism_audit_v5,drawer_contact_repair,payload_shift,hidden_mechanism,0.837500,0.729594,0.089596,0.075308,0.047444,0.190539,0.036264,0.123352,0.041621,0.075145,0.032600,0.766526,0.081351,0.002236,0.001015,0.000954,0.000732,0.000861,0.000712,0.000761,0.000878,0.001064,0.001138,0.081334,80
counterfactual_mechanism_audit_v5,drawer_contact_repair,payload_shift,in_distribution,0.787500,0.741820,0.080138,0.065067,0.043345,0.187684,0.031771,0.113310,0.036924,0.067708,0.028228,0.749973,0.090208,0.001849,0.000995,0.001119,0.000714,0.000769,0.000692,0.000820,0.000780,0.001055,0.001083,0.090586,80
counterfactual_mechanism_audit_v5,drawer_contact_repair,payload_shift,long_horizon,0.875000,0.736110,0.095012,0.085240,0.050197,0.190690,0.036301,0.125301,0.045661,0.080048,0.036523,0.787580,0.072929,0.002165,0.001069,0.001125,0.000640,0.000955,0.000631,0.000862,0.000864,0.001122,0.001140,0.073247,80
counterfactual_mechanism_audit_v5,drawer_contact_repair,payload_shift,sparse_observation,0.712500,0.709306,0.097843,0.082327,0.051648,0.193954,0.043808,0.139120,0.048322,0.088283,0.041000,0.604610,0.099805,0.002285,0.001117,0.001161,0.000589,0.000927,0.000668,0.000937,0.000836,0.001064,0.001069,0.100143,80
counterfactual_mechanism_audit_v5,occluded_push_recovery,actuator_lag,combined_stress,0.787500,0.703908,0.108468,0.096457,0.054740,0.194330,0.045766,0.146930,0.052304,0.093219,0.045254,0.648452,0.090208,0.002358,0.001067,0.001101,0.000577,0.000962,0.000711,0.000943,0.001041,0.001210,0.001149,0.090217,80
counterfactual_mechanism_audit_v5,occluded_push_recovery,actuator_lag,hidden_mechanism,0.812500,0.725500,0.092768,0.076393,0.046413,0.188421,0.036001,0.123554,0.041156,0.075186,0.033526,0.738486,0.086071,0.001984,0.001131,0.000989,0.000660,0.000917,0.000641,0.000885,0.000979,0.001178,0.001183,0.085835,80
counterfactual_mechanism_audit_v5,occluded_push_recovery,actuator_lag,in_distribution,0.862500,0.737397,0.082708,0.066400,0.042673,0.187765,0.032087,0.113855,0.035090,0.065764,0.025751,0.821640,0.075940,0.002215,0.001008,0.001128,0.000666,0.000965,0.000667,0.000808,0.000920,0.001137,0.001157,0.076151,80
counterfactual_mechanism_audit_v5,occluded_push_recovery,actuator_lag,long_horizon,0.837500,0.730423,0.095073,0.088210,0.049190,0.189199,0.036084,0.126188,0.045324,0.079177,0.036612,0.747433,0.081351,0.002298,0.001224,0.001015,0.000723,0.000934,0.000553,0.000890,0.000850,0.001035,0.001127,0.081470,80
counterfactual_mechanism_audit_v5,occluded_push_recovery,actuator_lag,sparse_observation,0.900000,0.704347,0.100246,0.084838,0.050609,0.193290,0.044143,0.139704,0.047433,0.088224,0.040119,0.787817,0.066155,0.002475,0.001010,0.001057,0.000571,0.000727,0.000582,0.000892,0.000811,0.001080,0.001002,0.066210,80
counterfactual_mechanism_audit_v5,occluded_push_recovery,combined_hidden_mechanisms,combined_stress,0.787500,0.675869,0.123282,0.109432,0.057052,0.200448,0.049369,0.158378,0.057654,0.100509,0.050860,0.603247,0.090208,0.002182,0.001200,0.001185,0.000610,0.000914,0.000691,0.000886,0.000859,0.001053,0.001129,0.090307,80
counterfactual_mechanism_audit_v5,occluded_push_recovery,combined_hidden_mechanisms,hidden_mechanism,0.812500,0.686441,0.119150,0.094319,0.054220,0.197591,0.044987,0.148717,0.054560,0.094184,0.047371,0.657540,0.086071,0.002246,0.001164,0.001040,0.000594,0.000881,0.000676,0.000946,0.000886,0.001220,0.001159,0.085991,80
counterfactual_mechanism_audit_v5,occluded_push_recovery,combined_hidden_mechanisms,in_distribution,0.737500,0.696336,0.112504,0.085832,0.050828,0.196254,0.041868,0.139052,0.047469,0.084545,0.039890,0.610758,0.097026,0.002153,0.001026,0.001134,0.000558,0.000814,0.000620,0.000775,0.000835,0.001059,0.001016,0.096905,80
counterfactual_mechanism_audit_v5,occluded_push_recovery,combined_hidden_mechanisms,long_horizon,0.800000,0.688670,0.122041,0.105111,0.056380,0.198490,0.044906,0.151245,0.055875,0.096191,0.048421,0.630878,0.088207,0.002164,0.001070,0.001167,0.000585,0.000850,0.000587,0.001013,0.000769,0.000995,0.000900,0.088174,80
counterfactual_mechanism_audit_v5,occluded_push_recovery,combined_hidden_mechanisms,sparse_observation,0.775000,0.675239,0.121606,0.099480,0.056501,0.200550,0.048853,0.155402,0.055916,0.099432,0.049288,0.602371,0.092084,0.002571,0.001066,0.000984,0.000658,0.000965,0.000670,0.000766,0.000809,0.001257,0.000976,0.091963,80
counterfactual_mechanism_audit_v5,occluded_push_recovery,compliance_shift,combined_stress,0.800000,0.710306,0.104715,0.093113,0.052474,0.192971,0.044384,0.141522,0.050881,0.090700,0.044171,0.674714,0.088207,0.001972,0.001230,0.001273,0.000625,0.000919,0.000707,0.000861,0.000788,0.001154,0.000999,0.088241,80
counterfactual_mechanism_audit_v5,occluded_push_recovery,compliance_shift,hidden_mechanism,0.837500,0.734010,0.084901,0.073055,0.043817,0.188362,0.034512,0.119399,0.036471,0.070161,0.027643,0.783598,0.081351,0.002010,0.000985,0.001114,0.000654,0.000978,0.000707,0.000839,0.000884,0.000950,0.001065,0.081399,80
counterfactual_mechanism_audit_v5,occluded_push_recovery,compliance_shift,in_distribution,0.850000,0.743943,0.075471,0.064441,0.039276,0.185694,0.031020,0.109828,0.032230,0.063115,0.023177,0.826951,0.078740,0.002449,0.001140,0.001048,0.000618,0.000914,0.000670,0.000790,0.000867,0.001115,0.000969,0.078406,80
counterfactual_mechanism_audit_v5,occluded_push_recovery,compliance_shift,long_horizon,0.812500,0.736366,0.088288,0.083936,0.046104,0.187768,0.035442,0.121447,0.040480,0.073645,0.031559,0.742095,0.086071,0.002173,0.001177,0.001040,0.000716,0.000788,0.000680,0.000894,0.000857,0.001170,0.001127,0.085969,80
counterfactual_mechanism_audit_v5,occluded_push_recovery,compliance_shift,sparse_observation,0.800000,0.711868,0.092907,0.080884,0.047850,0.191420,0.042721,0.136233,0.043384,0.082770,0.036289,0.707720,0.088207,0.002243,0.001056,0.001001,0.000680,0.000853,0.000728,0.000871,0.000879,0.001085,0.001072,0.088341,80
counterfactual_mechanism_audit_v5,occluded_push_recovery,contact_mode_flip,combined_stress,0.837500,0.694091,0.116601,0.102882,0.054562,0.196424,0.046523,0.150695,0.054263,0.096405,0.047593,0.679762,0.081351,0.002304,0.000984,0.001218,0.000637,0.000911,0.000630,0.000792,0.000867,0.001163,0.001097,0.081003,80
counterfactual_mechanism_audit_v5,occluded_push_recovery,contact_mode_flip,hidden_mechanism,0.775000,0.716201,0.099254,0.082774,0.046314,0.191406,0.038089,0.128293,0.041512,0.077064,0.032987,0.683785,0.092084,0.002128,0.001066,0.001039,0.000617,0.000921,0.000694,0.000824,0.000915,0.001233,0.001058,0.092248,80
counterfactual_mechanism_audit_v5,occluded_push_recovery,contact_mode_flip,in_distribution,0.812500,0.726637,0.089363,0.072943,0.042321,0.189229,0.032844,0.118785,0.036201,0.068022,0.027058,0.754579,0.086071,0.002323,0.001172,0.001098,0.000631,0.000847,0.000715,0.000853,0.000904,0.001163,0.001130,0.085919,80
counterfactual_mechanism_audit_v5,occluded_push_recovery,contact_mode_flip,long_horizon,0.850000,0.720713,0.103083,0.093586,0.048853,0.191270,0.037833,0.131427,0.046173,0.080742,0.037856,0.742266,0.078740,0.002428,0.001261,0.001091,0.000639,0.000830,0.000581,0.000899,0.000928,0.001068,0.001005,0.078869,80
counterfactual_mechanism_audit_v5,occluded_push_recovery,contact_mode_flip,sparse_observation,0.787500,0.693205,0.107001,0.089816,0.051001,0.196441,0.045522,0.145416,0.048474,0.090185,0.041529,0.657520,0.090208,0.002157,0.001183,0.001125,0.000588,0.000894,0.000615,0.000772,0.000930,0.001127,0.001120,0.090033,80
counterfactual_mechanism_audit_v5,occluded_push_recovery,friction_shift,combined_stress,0.775000,0.714468,0.097871,0.090233,0.051308,0.191102,0.043341,0.138788,0.047701,0.087665,0.039945,0.664602,0.092084,0.002453,0.001140,0.001063,0.000561,0.000782,0.000687,0.000883,0.000890,0.001145,0.001094,0.092253,80
counterfactual_mechanism_audit_v5,occluded_push_recovery,friction_shift,hidden_mechanism,0.887500,0.738719,0.079655,0.069500,0.041272,0.187531,0.034634,0.116523,0.034036,0.067435,0.025297,0.847787,0.069679,0.001949,0.001293,0.001172,0.000588,0.000860,0.000621,0.000824,0.000773,0.001046,0.001017,0.069330,80
counterfactual_mechanism_audit_v5,occluded_push_recovery,friction_shift,in_distribution,0.837500,0.752239,0.069970,0.059737,0.037093,0.183954,0.030162,0.106121,0.028500,0.059013,0.019227,0.832409,0.081351,0.002167,0.001258,0.001217,0.000673,0.000847,0.000661,0.000855,0.000957,0.001241,0.001207,0.081645,80
counterfactual_mechanism_audit_v5,occluded_push_recovery,friction_shift,long_horizon,0.825000,0.742607,0.082471,0.081210,0.044263,0.185961,0.034780,0.118644,0.037736,0.071271,0.029292,0.769344,0.083789,0.002129,0.001109,0.000966,0.000686,0.000822,0.000706,0.000965,0.000873,0.001317,0.001068,0.084025,80
counterfactual_mechanism_audit_v5,occluded_push_recovery,friction_shift,sparse_observation,0.812500,0.717496,0.087186,0.076992,0.045436,0.190504,0.042015,0.132494,0.041031,0.080520,0.033606,0.735878,0.086071,0.002084,0.000978,0.001217,0.000680,0.000872,0.000706,0.001015,0.000798,0.001171,0.001019,0.086333,80
counterfactual_mechanism_audit_v5,occluded_push_recovery,nominal,combined_stress,0.837500,0.733414,0.082443,0.081792,0.046465,0.187240,0.040449,0.128919,0.040638,0.079299,0.032568,0.768620,0.081351,0.002179,0.001120,0.001048,0.000626,0.001053,0.000680,0.000914,0.000761,0.001043,0.001009,0.081200,80
counterfactual_mechanism_audit_v5,occluded_push_recovery,nominal,hidden_mechanism,0.825000,0.759028,0.065578,0.060623,0.036293,0.182215,0.031832,0.105997,0.027583,0.058987,0.018113,0.826637,0.083789,0.002535,0.001239,0.001132,0.000623,0.000846,0.000705,0.000862,0.000782,0.001015,0.000987,0.083680,80
counterfactual_mechanism_audit_v5,occluded_push_recovery,nominal,in_distribution,0.837500,0.770678,0.056248,0.049708,0.032742,0.179864,0.027755,0.096307,0.022609,0.051889,0.012520,0.871953,0.081351,0.002287,0.001096,0.001173,0.000610,0.000757,0.000657,0.000955,0.000787,0.001101,0.001061,0.081204,80
counterfactual_mechanism_audit_v5,occluded_push_recovery,nominal,long_horizon,0.850000,0.762193,0.069253,0.071631,0.039397,0.181780,0.032161,0.108688,0.030541,0.063072,0.021748,0.835008,0.078740,0.002172,0.001118,0.001063,0.000648,0.000826,0.000671,0.001030,0.000993,0.001085,0.001200,0.079023,80
counterfactual_mechanism_audit_v5,occluded_push_recovery,nominal,sparse_observation,0.900000,0.736137,0.073342,0.068536,0.041474,0.185668,0.038232,0.122559,0.033166,0.070851,0.024813,0.863722,0.066155,0.002227,0.001281,0.001025,0.000587,0.000820,0.000638,0.000799,0.000866,0.001178,0.001040,0.065768,80
counterfactual_mechanism_audit_v5,occluded_push_recovery,occlusion_persistence,combined_stress,0.775000,0.699898,0.108805,0.098709,0.053892,0.195227,0.046931,0.149752,0.052398,0.095289,0.045186,0.631888,0.092084,0.002343,0.000986,0.001068,0.000605,0.000857,0.000675,0.000860,0.000833,0.001109,0.001164,0.092050,80
counterfactual_mechanism_audit_v5,occluded_push_recovery,occlusion_persistence,hidden_mechanism,0.750000,0.703263,0.092630,0.079377,0.044975,0.193372,0.043177,0.136867,0.039835,0.079585,0.031910,0.660557,0.095487,0.002510,0.000999,0.000930,0.000689,0.000899,0.000674,0.000963,0.000894,0.001133,0.001216,0.095272,80
counterfactual_mechanism_audit_v5,occluded_push_recovery,occlusion_persistence,in_distribution,0.762500,0.713874,0.083200,0.070260,0.040358,0.190804,0.038225,0.126326,0.033922,0.071216,0.025676,0.706636,0.093841,0.002337,0.001076,0.000985,0.000760,0.000816,0.000647,0.000801,0.000823,0.001024,0.001120,0.093631,80
counterfactual_mechanism_audit_v5,occluded_push_recovery,occlusion_persistence,long_horizon,0.825000,0.705412,0.096245,0.091307,0.047040,0.193039,0.043096,0.139801,0.043502,0.083348,0.036068,0.718698,0.083789,0.002040,0.000995,0.001194,0.000656,0.000881,0.000745,0.001019,0.000894,0.001226,0.001129,0.083713,80
counterfactual_mechanism_audit_v5,occluded_push_recovery,occlusion_persistence,sparse_observation,0.875000,0.696241,0.098531,0.085663,0.049301,0.194602,0.046558,0.144686,0.045798,0.087793,0.038877,0.760720,0.072929,0.002090,0.001185,0.001002,0.000695,0.001028,0.000558,0.000875,0.000894,0.001086,0.001057,0.073074,80
counterfactual_mechanism_audit_v5,occluded_push_recovery,payload_shift,combined_stress,0.825000,0.701561,0.110715,0.098643,0.054835,0.195276,0.045894,0.147116,0.052142,0.093152,0.045270,0.680994,0.083789,0.002125,0.001008,0.000933,0.000618,0.000955,0.000589,0.000877,0.000882,0.001124,0.001116,0.083899,80
counterfactual_mechanism_audit_v5,occluded_push_recovery,payload_shift,hidden_mechanism,0.837500,0.723066,0.095571,0.078968,0.047476,0.189946,0.036837,0.125828,0.042366,0.076953,0.033882,0.754816,0.081351,0.002202,0.001012,0.001162,0.000684,0.000899,0.000681,0.000946,0.000890,0.001205,0.001151,0.081520,80
counterfactual_mechanism_audit_v5,occluded_push_recovery,payload_shift,in_distribution,0.825000,0.735838,0.086851,0.068473,0.043045,0.188476,0.031967,0.115552,0.036769,0.067810,0.027161,0.776228,0.083789,0.002234,0.001066,0.001134,0.000694,0.000915,0.000606,0.000847,0.000891,0.001092,0.001160,0.083954,80
counterfactual_mechanism_audit_v5,occluded_push_recovery,payload_shift,long_horizon,0.787500,0.726447,0.099833,0.089747,0.049937,0.189794,0.036401,0.128307,0.046904,0.080973,0.039254,0.687935,0.090208,0.002226,0.001134,0.001102,0.000699,0.000878,0.000635,0.000823,0.000840,0.001116,0.001132,0.090048,80
counterfactual_mechanism_audit_v5,occluded_push_recovery,payload_shift,sparse_observation,0.787500,0.704275,0.103654,0.085987,0.052191,0.194331,0.044068,0.142055,0.048007,0.088346,0.041512,0.668491,0.090208,0.002366,0.000936,0.001080,0.000692,0.000807,0.000691,0.000777,0.000919,0.001043,0.001155,0.090028,80
counterfactual_mechanism_audit_v5,payload_handover,actuator_lag,combined_stress,0.875000,0.708760,0.105214,0.095040,0.054272,0.194395,0.046042,0.144983,0.051645,0.092762,0.044748,0.742834,0.072929,0.002405,0.001009,0.001090,0.000570,0.000998,0.000630,0.000877,0.000933,0.001173,0.001058,0.072989,80
counterfactual_mechanism_audit_v5,payload_handover,actuator_lag,hidden_mechanism,0.837500,0.731099,0.088570,0.073184,0.046144,0.189861,0.036038,0.122879,0.041027,0.075526,0.032699,0.771803,0.081351,0.002285,0.001172,0.001110,0.000655,0.000910,0.000651,0.000729,0.000900,0.001163,0.001269,0.081455,80
counterfactual_mechanism_audit_v5,payload_handover,actuator_lag,in_distribution,0.800000,0.743076,0.079307,0.063860,0.042032,0.187716,0.032561,0.112324,0.035226,0.066566,0.025758,0.766832,0.088207,0.002045,0.000981,0.001158,0.000687,0.000767,0.000532,0.000976,0.000856,0.000943,0.000950,0.087920,80
counterfactual_mechanism_audit_v5,payload_handover,actuator_lag,long_horizon,0.825000,0.733731,0.092776,0.085051,0.049210,0.189377,0.036281,0.125118,0.044170,0.077853,0.035701,0.741408,0.083789,0.002480,0.001099,0.000908,0.000595,0.000858,0.000643,0.000764,0.000916,0.001238,0.001109,0.083867,80
counterfactual_mechanism_audit_v5,payload_handover,actuator_lag,sparse_observation,0.825000,0.710111,0.097277,0.081238,0.050314,0.193834,0.043409,0.139076,0.047212,0.087289,0.039962,0.721125,0.083789,0.002539,0.001045,0.001046,0.000645,0.000807,0.000655,0.000916,0.000812,0.001142,0.000936,0.083542,80
counterfactual_mechanism_audit_v5,payload_handover,combined_hidden_mechanisms,combined_stress,0.737500,0.679366,0.122596,0.109355,0.056759,0.200913,0.048941,0.158460,0.057201,0.100062,0.051126,0.555799,0.097026,0.002036,0.001093,0.001143,0.000641,0.000941,0.000674,0.000828,0.000893,0.001064,0.001157,0.096867,80
counterfactual_mechanism_audit_v5,payload_handover,combined_hidden_mechanisms,hidden_mechanism,0.825000,0.685610,0.118738,0.093540,0.055231,0.199757,0.044866,0.148654,0.053914,0.093837,0.047220,0.669525,0.083789,0.002201,0.001065,0.000954,0.000682,0.000926,0.000551,0.000884,0.000911,0.001164,0.001110,0.083849,80
counterfactual_mechanism_audit_v5,payload_handover,combined_hidden_mechanisms,in_distribution,0.800000,0.699168,0.109460,0.083079,0.050901,0.197113,0.041001,0.137099,0.047545,0.084265,0.039668,0.679644,0.088207,0.001905,0.001147,0.001180,0.000613,0.000790,0.000589,0.000949,0.000807,0.001106,0.001023,0.087972,80
counterfactual_mechanism_audit_v5,payload_handover,combined_hidden_mechanisms,long_horizon,0.850000,0.690277,0.120006,0.104010,0.056785,0.197762,0.045275,0.149828,0.056034,0.095777,0.048876,0.683932,0.078740,0.002339,0.001237,0.000999,0.000633,0.000764,0.000645,0.000887,0.000951,0.001214,0.001231,0.078858,80
counterfactual_mechanism_audit_v5,payload_handover,combined_hidden_mechanisms,sparse_observation,0.787500,0.677349,0.121252,0.099327,0.056379,0.200662,0.048567,0.155934,0.055544,0.098092,0.049046,0.616414,0.090208,0.002215,0.000991,0.001173,0.000665,0.000992,0.000634,0.000942,0.000961,0.001152,0.001045,0.090483,80
counterfactual_mechanism_audit_v5,payload_handover,compliance_shift,combined_stress,0.825000,0.714971,0.099705,0.091091,0.052431,0.192698,0.044579,0.141411,0.049895,0.090277,0.042536,0.708161,0.083789,0.002133,0.000885,0.001079,0.000658,0.000865,0.000612,0.000976,0.000879,0.001135,0.001103,0.084099,80
counterfactual_mechanism_audit_v5,payload_handover,compliance_shift,hidden_mechanism,0.850000,0.735777,0.082176,0.071366,0.043372,0.187657,0.034761,0.118389,0.036558,0.069982,0.027677,0.801214,0.078740,0.002391,0.001194,0.000840,0.000638,0.000814,0.000681,0.000836,0.000803,0.001169,0.001073,0.078679,80
counterfactual_mechanism_audit_v5,payload_handover,compliance_shift,in_distribution,0.775000,0.748650,0.072903,0.061227,0.039041,0.185092,0.030310,0.107444,0.030988,0.061257,0.021304,0.760505,0.092084,0.002044,0.001193,0.001022,0.000594,0.000861,0.000624,0.000849,0.000816,0.000988,0.000973,0.092355,80
counterfactual_mechanism_audit_v5,payload_handover,compliance_shift,long_horizon,0.800000,0.739567,0.086075,0.081153,0.045905,0.187591,0.034712,0.120780,0.040671,0.073880,0.032651,0.735557,0.088207,0.002599,0.001098,0.001188,0.000552,0.000857,0.000577,0.000910,0.000988,0.001238,0.001230,0.088163,80
counterfactual_mechanism_audit_v5,payload_handover,compliance_shift,sparse_observation,0.800000,0.716518,0.089777,0.078751,0.047589,0.191462,0.042311,0.135157,0.042602,0.081863,0.034738,0.715044,0.088207,0.002322,0.000867,0.001059,0.000621,0.000745,0.000684,0.000732,0.000838,0.000993,0.001006,0.088430,80
counterfactual_mechanism_audit_v5,payload_handover,contact_mode_flip,combined_stress,0.887500,0.697199,0.112889,0.100521,0.055613,0.196548,0.047048,0.149021,0.053972,0.095649,0.047290,0.735172,0.069679,0.002062,0.001274,0.001107,0.000662,0.000914,0.000617,0.000776,0.000846,0.001081,0.000896,0.069779,80
counterfactual_mechanism_audit_v5,payload_handover,contact_mode_flip,hidden_mechanism,0.737500,0.718702,0.096633,0.080018,0.045764,0.191505,0.037465,0.127657,0.041184,0.076613,0.032788,0.652919,0.097026,0.001982,0.001115,0.001116,0.000540,0.000917,0.000727,0.000890,0.000831,0.001120,0.000938,0.096724,80
counterfactual_mechanism_audit_v5,payload_handover,contact_mode_flip,in_distribution,0.825000,0.729689,0.086009,0.069606,0.042069,0.189481,0.033605,0.116761,0.034838,0.066559,0.025962,0.774860,0.083789,0.002277,0.001048,0.001022,0.000603,0.000957,0.000729,0.000856,0.000799,0.001129,0.001093,0.083362,80
counterfactual_mechanism_audit_v5,payload_handover,contact_mode_flip,long_horizon,0.837500,0.723634,0.099845,0.090811,0.048936,0.191392,0.037730,0.129593,0.044859,0.079429,0.036751,0.737042,0.081351,0.002244,0.001160,0.001118,0.000607,0.000893,0.000612,0.000877,0.000954,0.001125,0.001144,0.081351,80
counterfactual_mechanism_audit_v5,payload_handover,contact_mode_flip,sparse_observation,0.812500,0.695353,0.103567,0.088516,0.050787,0.195993,0.044950,0.144126,0.048062,0.089697,0.040752,0.688614,0.086071,0.002157,0.001120,0.000955,0.000683,0.001002,0.000660,0.000962,0.000901,0.001092,0.001109,0.086141,80
counterfactual_mechanism_audit_v5,payload_handover,friction_shift,combined_stress,0.750000,0.721628,0.094467,0.087364,0.050661,0.191417,0.043272,0.138188,0.047227,0.086541,0.039657,0.648451,0.095487,0.001947,0.001008,0.001138,0.000657,0.000875,0.000645,0.000770,0.000820,0.000974,0.001137,0.095350,80
counterfactual_mechanism_audit_v5,payload_handover,friction_shift,hidden_mechanism,0.800000,0.741322,0.076482,0.066311,0.041531,0.186339,0.033408,0.115581,0.033620,0.066994,0.024285,0.767781,0.088207,0.002337,0.001233,0.001057,0.000672,0.000892,0.000725,0.000823,0.000840,0.001055,0.001033,0.088320,80
counterfactual_mechanism_audit_v5,payload_handover,friction_shift,in_distribution,0.862500,0.754386,0.067738,0.057122,0.036661,0.184968,0.029492,0.103657,0.028281,0.057972,0.018660,0.863376,0.075940,0.002129,0.000974,0.001129,0.000700,0.000927,0.000849,0.000801,0.000822,0.001005,0.000993,0.075886,80
counterfactual_mechanism_audit_v5,payload_handover,friction_shift,long_horizon,0.900000,0.747165,0.078564,0.078500,0.043279,0.186334,0.033674,0.117591,0.037672,0.070644,0.028814,0.853372,0.066155,0.002147,0.001113,0.001199,0.000638,0.000860,0.000691,0.000898,0.001017,0.001354,0.001218,0.066215,80
counterfactual_mechanism_audit_v5,payload_handover,friction_shift,sparse_observation,0.812500,0.722366,0.084093,0.075106,0.045139,0.190286,0.041628,0.131428,0.040638,0.079619,0.033259,0.742902,0.086071,0.002292,0.001025,0.001083,0.000670,0.000794,0.000764,0.000698,0.000957,0.001205,0.001086,0.086083,80
counterfactual_mechanism_audit_v5,payload_handover,nominal,combined_stress,0.887500,0.737785,0.081102,0.078808,0.045709,0.186474,0.040850,0.127682,0.040455,0.079030,0.032420,0.824840,0.069679,0.002124,0.001139,0.001195,0.000607,0.000798,0.000697,0.001001,0.000757,0.000981,0.001107,0.069585,80
counterfactual_mechanism_audit_v5,payload_handover,nominal,hidden_mechanism,0.812500,0.758054,0.061652,0.057419,0.036867,0.182458,0.032178,0.106291,0.027854,0.059989,0.018213,0.818823,0.086071,0.002551,0.001084,0.001078,0.000668,0.000814,0.000545,0.000932,0.000837,0.001082,0.001117,0.086041,80
counterfactual_mechanism_audit_v5,payload_handover,nominal,in_distribution,0.812500,0.770530,0.052254,0.048759,0.032556,0.179998,0.026897,0.094666,0.021703,0.050428,0.011454,0.852843,0.086071,0.002187,0.001182,0.000958,0.000673,0.000870,0.000763,0.000936,0.000993,0.001121,0.001136,0.085995,80
counterfactual_mechanism_audit_v5,payload_handover,nominal,long_horizon,0.850000,0.764658,0.065252,0.068737,0.039393,0.182178,0.032035,0.107404,0.031000,0.062569,0.022207,0.841701,0.078740,0.002557,0.001023,0.001117,0.000755,0.000954,0.000759,0.000886,0.000988,0.001176,0.001292,0.078585,80
counterfactual_mechanism_audit_v5,payload_handover,nominal,sparse_observation,0.837500,0.742100,0.070263,0.065507,0.040859,0.186021,0.038782,0.120828,0.033097,0.070830,0.024341,0.809078,0.081351,0.001788,0.000866,0.001195,0.000643,0.000991,0.000555,0.000948,0.000814,0.001052,0.001165,0.081358,80
counterfactual_mechanism_audit_v5,payload_handover,occlusion_persistence,combined_stress,0.762500,0.699989,0.105077,0.096475,0.053553,0.194772,0.047019,0.148110,0.051241,0.093522,0.044671,0.626106,0.093841,0.001947,0.000853,0.001091,0.000622,0.000818,0.000609,0.000810,0.000817,0.001122,0.001090,0.094182,80
counterfactual_mechanism_audit_v5,payload_handover,occlusion_persistence,hidden_mechanism,0.837500,0.706401,0.089598,0.077755,0.044950,0.193301,0.042870,0.136206,0.038870,0.078609,0.031708,0.754142,0.081351,0.002212,0.001177,0.001139,0.000578,0.000833,0.000588,0.000754,0.000772,0.000931,0.001096,0.081187,80
counterfactual_mechanism_audit_v5,payload_handover,occlusion_persistence,in_distribution,0.800000,0.717972,0.081050,0.068262,0.040014,0.190237,0.039266,0.125904,0.033478,0.070075,0.025576,0.749404,0.088207,0.002066,0.001296,0.001088,0.000629,0.000915,0.000598,0.000849,0.000870,0.001001,0.001004,0.088117,80
counterfactual_mechanism_audit_v5,payload_handover,occlusion_persistence,long_horizon,0.862500,0.707625,0.093182,0.088809,0.046979,0.193079,0.043517,0.138847,0.043407,0.082343,0.036723,0.761793,0.075940,0.002120,0.001077,0.001127,0.000628,0.000835,0.000654,0.000859,0.000801,0.001029,0.000921,0.075908,80
counterfactual_mechanism_audit_v5,payload_handover,occlusion_persistence,sparse_observation,0.737500,0.699989,0.096457,0.082827,0.047617,0.193936,0.045575,0.142396,0.044384,0.086503,0.037744,0.632476,0.097026,0.002329,0.001000,0.001079,0.000633,0.000809,0.000662,0.000892,0.000824,0.001113,0.001096,0.096719,80
counterfactual_mechanism_audit_v5,payload_handover,payload_shift,combined_stress,0.762500,0.702788,0.107809,0.096090,0.054440,0.195453,0.045745,0.146047,0.053837,0.094642,0.047325,0.623148,0.093841,0.002244,0.001110,0.000926,0.000581,0.000881,0.000562,0.000862,0.001070,0.001291,0.001282,0.094132,80
counterfactual_mechanism_audit_v5,payload_handover,payload_shift,hidden_mechanism,0.887500,0.726060,0.092263,0.077079,0.047783,0.190178,0.035959,0.124370,0.042226,0.075970,0.034002,0.810816,0.069679,0.001885,0.000999,0.001208,0.000584,0.000828,0.000593,0.000852,0.000841,0.001047,0.001140,0.069566,80
counterfactual_mechanism_audit_v5,payload_handover,payload_shift,in_distribution,0.762500,0.739488,0.082740,0.067380,0.043200,0.188555,0.032122,0.113954,0.036772,0.067678,0.027507,0.719651,0.093841,0.002216,0.001192,0.001123,0.000687,0.000800,0.000569,0.000746,0.000786,0.000967,0.001112,0.094019,80
counterfactual_mechanism_audit_v5,payload_handover,payload_shift,long_horizon,0.787500,0.731022,0.095809,0.087283,0.049988,0.190451,0.036630,0.127286,0.045810,0.079960,0.036582,0.695644,0.090208,0.002125,0.001180,0.000997,0.000677,0.000963,0.000681,0.000949,0.000879,0.001078,0.001264,0.090031,80
counterfactual_mechanism_audit_v5,payload_handover,payload_shift,sparse_observation,0.812500,0.706179,0.100459,0.084358,0.051777,0.194335,0.044098,0.140502,0.049211,0.089083,0.041908,0.698303,0.086071,0.002383,0.001015,0.001009,0.000689,0.000810,0.000637,0.000770,0.000854,0.001182,0.001169,0.085975,80
counterfactual_mechanism_audit_v5,peg_insert_with_lag,actuator_lag,combined_stress,0.850000,0.703247,0.107541,0.096058,0.054916,0.196824,0.046429,0.146681,0.053146,0.094845,0.045713,0.710110,0.078740,0.002066,0.001388,0.001267,0.000644,0.000936,0.000617,0.000699,0.000918,0.001195,0.001182,0.078432,80
counterfactual_mechanism_audit_v5,peg_insert_with_lag,actuator_lag,hidden_mechanism,0.787500,0.726912,0.090357,0.075206,0.046810,0.192038,0.036690,0.124506,0.042246,0.076862,0.034290,0.714348,0.090208,0.002044,0.001036,0.001123,0.000633,0.000871,0.000717,0.000784,0.000864,0.000956,0.001119,0.090571,80
counterfactual_mechanism_audit_v5,peg_insert_with_lag,actuator_lag,in_distribution,0.787500,0.739042,0.081384,0.065928,0.041720,0.189708,0.032393,0.115385,0.036117,0.066729,0.026897,0.748075,0.090208,0.001770,0.000946,0.001133,0.000715,0.000857,0.000745,0.000841,0.000824,0.001301,0.000978,0.090180,80
counterfactual_mechanism_audit_v5,peg_insert_with_lag,actuator_lag,long_horizon,0.787500,0.729254,0.094891,0.087516,0.049707,0.192043,0.036753,0.127909,0.044863,0.078516,0.036697,0.695937,0.090208,0.001914,0.000954,0.001136,0.000542,0.000742,0.000627,0.000948,0.000978,0.001287,0.001166,0.090228,80
counterfactual_mechanism_audit_v5,peg_insert_with_lag,actuator_lag,sparse_observation,0.762500,0.704183,0.099498,0.083484,0.051091,0.195772,0.044100,0.141028,0.047630,0.088298,0.040310,0.650387,0.093841,0.002386,0.001276,0.001182,0.000560,0.000920,0.000655,0.000925,0.000884,0.000968,0.001174,0.093386,80
counterfactual_mechanism_audit_v5,peg_insert_with_lag,combined_hidden_mechanisms,combined_stress,0.812500,0.675707,0.123093,0.109226,0.056802,0.202540,0.049074,0.159934,0.057634,0.100712,0.051526,0.628023,0.086071,0.002261,0.001206,0.001082,0.000703,0.001036,0.000654,0.000849,0.000784,0.001059,0.001157,0.086272,80
counterfactual_mechanism_audit_v5,peg_insert_with_lag,combined_hidden_mechanisms,hidden_mechanism,0.700000,0.683916,0.120212,0.094876,0.055716,0.201324,0.044242,0.149184,0.055060,0.094842,0.047600,0.540069,0.101054,0.002474,0.001080,0.001012,0.000709,0.000855,0.000652,0.000870,0.000845,0.001012,0.001022,0.101008,80
counterfactual_mechanism_audit_v5,peg_insert_with_lag,combined_hidden_mechanisms,in_distribution,0.750000,0.696084,0.111971,0.086054,0.051319,0.198833,0.040982,0.139617,0.048417,0.085188,0.040320,0.621957,0.095487,0.002115,0.001129,0.001055,0.000620,0.000995,0.000690,0.000782,0.000837,0.001114,0.001064,0.095182,80
counterfactual_mechanism_audit_v5,peg_insert_with_lag,combined_hidden_mechanisms,long_horizon,0.762500,0.686502,0.123052,0.106143,0.056744,0.200713,0.044767,0.152145,0.056489,0.095266,0.049553,0.589359,0.093841,0.002038,0.001046,0.001082,0.000612,0.000943,0.000667,0.000764,0.000893,0.001121,0.001125,0.093604,80
counterfactual_mechanism_audit_v5,peg_insert_with_lag,combined_hidden_mechanisms,sparse_observation,0.737500,0.673904,0.123628,0.099452,0.056947,0.203023,0.048494,0.157843,0.056391,0.099190,0.050459,0.560770,0.097026,0.002391,0.000967,0.001084,0.000720,0.000849,0.000738,0.000822,0.000908,0.001127,0.001132,0.096782,80
counterfactual_mechanism_audit_v5,peg_insert_with_lag,compliance_shift,combined_stress,0.812500,0.709935,0.102593,0.092831,0.053095,0.195162,0.044666,0.143236,0.050153,0.090642,0.042773,0.687921,0.086071,0.002235,0.001007,0.001062,0.000546,0.000846,0.000703,0.000698,0.000739,0.000992,0.000952,0.086046,80
counterfactual_mechanism_audit_v5,peg_insert_with_lag,compliance_shift,hidden_mechanism,0.812500,0.731728,0.084909,0.073211,0.044207,0.190626,0.035279,0.120322,0.038062,0.072605,0.029366,0.754987,0.086071,0.002229,0.001139,0.001057,0.000618,0.000975,0.000752,0.000855,0.000867,0.001079,0.001155,0.086011,80
counterfactual_mechanism_audit_v5,peg_insert_with_lag,compliance_shift,in_distribution,0.837500,0.744639,0.074248,0.062082,0.039237,0.189142,0.030997,0.109525,0.031665,0.061977,0.022231,0.817094,0.081351,0.002049,0.001058,0.001201,0.000610,0.000842,0.000639,0.000835,0.001013,0.001028,0.001246,0.081431,80
counterfactual_mechanism_audit_v5,peg_insert_with_lag,compliance_shift,long_horizon,0.812500,0.738805,0.087137,0.084554,0.046313,0.190559,0.035595,0.123252,0.041679,0.074007,0.033204,0.741233,0.086071,0.002018,0.000974,0.001087,0.000709,0.000851,0.000688,0.000986,0.000882,0.001117,0.001038,0.086262,80
counterfactual_mechanism_audit_v5,peg_insert_with_lag,compliance_shift,sparse_observation,0.825000,0.711662,0.092162,0.079925,0.048548,0.194524,0.042992,0.137021,0.044067,0.083675,0.037022,0.731680,0.083789,0.002066,0.001123,0.000957,0.000689,0.000991,0.000705,0.000911,0.000943,0.001138,0.001074,0.083584,80
counterfactual_mechanism_audit_v5,peg_insert_with_lag,contact_mode_flip,combined_stress,0.837500,0.693245,0.114930,0.101368,0.055669,0.199134,0.047619,0.151826,0.054358,0.096505,0.047269,0.679340,0.081351,0.002157,0.001063,0.001103,0.000585,0.000850,0.000688,0.000877,0.000836,0.001142,0.001098,0.081573,80
counterfactual_mechanism_audit_v5,peg_insert_with_lag,contact_mode_flip,hidden_mechanism,0.762500,0.715014,0.097716,0.081407,0.046880,0.194606,0.037949,0.128730,0.042459,0.077353,0.034848,0.671191,0.093841,0.002000,0.001001,0.001099,0.000738,0.000872,0.000678,0.000810,0.000937,0.001051,0.001119,0.094150,80
counterfactual_mechanism_audit_v5,peg_insert_with_lag,contact_mode_flip,in_distribution,0.837500,0.725341,0.087784,0.072189,0.042673,0.191247,0.033632,0.119603,0.036503,0.068769,0.026763,0.779423,0.081351,0.002499,0.001056,0.001243,0.000559,0.000843,0.000653,0.000775,0.000848,0.001035,0.001049,0.081467,80
counterfactual_mechanism_audit_v5,peg_insert_with_lag,contact_mode_flip,long_horizon,0.725000,0.717194,0.101770,0.092352,0.049099,0.193511,0.037825,0.131618,0.045337,0.080040,0.037238,0.617811,0.098464,0.002235,0.001099,0.001136,0.000713,0.000876,0.000544,0.000878,0.001005,0.001110,0.001197,0.098479,80
counterfactual_mechanism_audit_v5,peg_insert_with_lag,contact_mode_flip,sparse_observation,0.862500,0.695114,0.106157,0.089674,0.050990,0.198217,0.045174,0.146075,0.048408,0.090224,0.041299,0.733634,0.075940,0.002133,0.001013,0.001089,0.000674,0.000736,0.000700,0.000856,0.000729,0.001024,0.000978,0.076546,80
counterfactual_mechanism_audit_v5,peg_insert_with_lag,friction_shift,combined_stress,0.775000,0.716212,0.096293,0.089853,0.051540,0.193596,0.043467,0.139424,0.047696,0.087658,0.040196,0.665759,0.092084,0.002149,0.000979,0.001091,0.000573,0.000807,0.000757,0.000826,0.000892,0.001086,0.001039,0.092123,80
counterfactual_mechanism_audit_v5,peg_insert_with_lag,friction_shift,hidden_mechanism,0.700000,0.737703,0.077651,0.069081,0.041917,0.189008,0.034290,0.116533,0.034790,0.067659,0.026087,0.660693,0.101054,0.002270,0.001167,0.001054,0.000653,0.000796,0.000579,0.000832,0.000798,0.001114,0.001042,0.101079,80
counterfactual_mechanism_audit_v5,peg_insert_with_lag,friction_shift,in_distribution,0.762500,0.751957,0.068253,0.059604,0.037662,0.187121,0.029951,0.106473,0.029065,0.059371,0.019569,0.757129,0.093841,0.002198,0.001093,0.000987,0.000624,0.000872,0.000733,0.000946,0.000748,0.000977,0.001049,0.093871,80
counterfactual_mechanism_audit_v5,peg_insert_with_lag,friction_shift,long_horizon,0.875000,0.741057,0.081790,0.079403,0.043571,0.189421,0.034447,0.119386,0.038316,0.070802,0.029295,0.820201,0.072929,0.002014,0.001060,0.000905,0.000612,0.000930,0.000612,0.001015,0.000841,0.001130,0.001095,0.072921,80
counterfactual_mechanism_audit_v5,peg_insert_with_lag,friction_shift,sparse_observation,0.800000,0.716086,0.086387,0.076619,0.046421,0.193061,0.041964,0.132320,0.041062,0.080101,0.033200,0.722166,0.088207,0.002563,0.001127,0.001320,0.000662,0.001007,0.000612,0.000916,0.000956,0.001159,0.001135,0.088241,80
counterfactual_mechanism_audit_v5,peg_insert_with_lag,nominal,combined_stress,0.787500,0.732992,0.081400,0.080865,0.046666,0.189656,0.041695,0.130032,0.040940,0.080116,0.033213,0.718136,0.090208,0.002380,0.001138,0.001017,0.000611,0.000812,0.000721,0.000764,0.000909,0.001120,0.001139,0.090440,80
counterfactual_mechanism_audit_v5,peg_insert_with_lag,nominal,hidden_mechanism,0.775000,0.757856,0.064657,0.059356,0.036847,0.185189,0.032368,0.106203,0.028377,0.060232,0.018953,0.775763,0.092084,0.002235,0.001093,0.001086,0.000623,0.000806,0.000683,0.000865,0.000937,0.001134,0.001168,0.092204,80
counterfactual_mechanism_audit_v5,peg_insert_with_lag,nominal,in_distribution,0.900000,0.767726,0.055059,0.050906,0.033490,0.181837,0.027530,0.096907,0.022521,0.052113,0.012059,0.932289,0.066155,0.001995,0.000953,0.001217,0.000728,0.000988,0.000683,0.000897,0.000860,0.001160,0.001131,0.066126,80
counterfactual_mechanism_audit_v5,peg_insert_with_lag,nominal,long_horizon,0.837500,0.760981,0.068393,0.071354,0.040133,0.183910,0.032312,0.110024,0.031428,0.062886,0.022576,0.820776,0.081351,0.002138,0.001076,0.001051,0.000704,0.000849,0.000746,0.000859,0.000875,0.001031,0.001006,0.081193,80
counterfactual_mechanism_audit_v5,peg_insert_with_lag,nominal,sparse_observation,0.800000,0.735455,0.072125,0.067420,0.041437,0.188627,0.039321,0.123327,0.034455,0.072388,0.026290,0.763065,0.088207,0.002098,0.001020,0.001130,0.000648,0.000864,0.000711,0.000993,0.000898,0.001048,0.001206,0.088086,80
counterfactual_mechanism_audit_v5,peg_insert_with_lag,occlusion_persistence,combined_stress,0.737500,0.697664,0.108342,0.097690,0.054394,0.197130,0.047038,0.149724,0.051614,0.093799,0.045154,0.594202,0.097026,0.002288,0.001183,0.001104,0.000645,0.000725,0.000749,0.000831,0.000872,0.001067,0.000917,0.097128,80
counterfactual_mechanism_audit_v5,peg_insert_with_lag,occlusion_persistence,hidden_mechanism,0.812500,0.702784,0.092407,0.078870,0.044720,0.195883,0.043594,0.138300,0.040089,0.080565,0.033162,0.722336,0.086071,0.002278,0.001005,0.001193,0.000594,0.000821,0.000734,0.000974,0.000921,0.001126,0.001254,0.086184,80
counterfactual_mechanism_audit_v5,peg_insert_with_lag,occlusion_persistence,in_distribution,0.775000,0.713147,0.083249,0.069054,0.040128,0.193868,0.039145,0.128004,0.035024,0.071825,0.026332,0.717570,0.092084,0.002216,0.001024,0.000964,0.000683,0.000948,0.000709,0.000886,0.000946,0.001249,0.001236,0.092042,80
counterfactual_mechanism_audit_v5,peg_insert_with_lag,occlusion_persistence,long_horizon,0.725000,0.705378,0.096344,0.090152,0.047882,0.195187,0.043794,0.140810,0.044645,0.084549,0.036820,0.616657,0.098464,0.002132,0.001147,0.000945,0.000743,0.000969,0.000598,0.000884,0.000880,0.001084,0.001111,0.098567,80
counterfactual_mechanism_audit_v5,peg_insert_with_lag,occlusion_persistence,sparse_observation,0.862500,0.698018,0.097406,0.085143,0.049165,0.197226,0.046626,0.144645,0.045224,0.087324,0.038188,0.749960,0.075940,0.001912,0.001244,0.001126,0.000618,0.000834,0.000657,0.000798,0.000886,0.001195,0.001148,0.075879,80
counterfactual_mechanism_audit_v5,peg_insert_with_lag,payload_shift,combined_stress,0.775000,0.699688,0.109034,0.098370,0.055166,0.197504,0.045746,0.148249,0.053394,0.094461,0.046396,0.630154,0.092084,0.002117,0.001085,0.001089,0.000697,0.000858,0.000674,0.000845,0.000908,0.001024,0.001117,0.091893,80
counterfactual_mechanism_audit_v5,peg_insert_with_lag,payload_shift,hidden_mechanism,0.812500,0.723986,0.095050,0.077590,0.048252,0.192661,0.036191,0.126504,0.043263,0.077476,0.034319,0.729694,0.086071,0.001843,0.001006,0.001019,0.000649,0.000788,0.000673,0.000890,0.000899,0.001207,0.001044,0.086085,80
counterfactual_mechanism_audit_v5,peg_insert_with_lag,payload_shift,in_distribution,0.812500,0.733072,0.084739,0.068616,0.043754,0.190490,0.032608,0.115526,0.037184,0.067590,0.027786,0.762664,0.086071,0.002341,0.001194,0.001223,0.000696,0.000926,0.000607,0.000929,0.000965,0.001177,0.001276,0.085928,80
counterfactual_mechanism_audit_v5,peg_insert_with_lag,payload_shift,long_horizon,0.737500,0.726084,0.098063,0.089242,0.050787,0.193058,0.036945,0.129178,0.047388,0.080813,0.038881,0.637185,0.097026,0.002225,0.001072,0.001056,0.000727,0.000776,0.000619,0.000917,0.000904,0.001152,0.001174,0.096902,80
counterfactual_mechanism_audit_v5,peg_insert_with_lag,payload_shift,sparse_observation,0.750000,0.702822,0.102419,0.087068,0.052151,0.196360,0.044911,0.143412,0.049956,0.090358,0.043304,0.628249,0.095487,0.002064,0.001290,0.000961,0.000687,0.000912,0.000629,0.000820,0.000846,0.001044,0.001140,0.095511,80
data_augmented_world_model,cluttered_navigation_grasp,actuator_lag,combined_stress,0.362500,0.221389,0.349017,0.323283,0.126913,0.106823,0.140484,0.073775,0.264955,0.290365,0.286521,-0.560977,0.106008,0.002411,0.001168,0.001093,0.000769,0.000811,0.000802,0.000882,0.000862,0.001155,0.001036,0.105959,80
data_augmented_world_model,cluttered_navigation_grasp,actuator_lag,hidden_mechanism,0.375000,0.248883,0.317182,0.290163,0.113745,0.102765,0.124518,0.058288,0.241025,0.258340,0.260638,-0.441930,0.106757,0.002082,0.001101,0.001075,0.000625,0.000727,0.000612,0.000864,0.000916,0.001145,0.001217,0.106808,80
data_augmented_world_model,cluttered_navigation_grasp,actuator_lag,in_distribution,0.525000,0.264949,0.300777,0.273594,0.107083,0.100580,0.116945,0.050699,0.228715,0.241943,0.246588,-0.237315,0.110121,0.002019,0.001100,0.001239,0.000690,0.000906,0.000642,0.001021,0.000935,0.001245,0.001112,0.110062,80
data_augmented_world_model,cluttered_navigation_grasp,actuator_lag,long_horizon,0.387500,0.251317,0.325206,0.305124,0.117705,0.102160,0.126387,0.058885,0.247014,0.264040,0.266148,-0.456591,0.107431,0.002232,0.001054,0.001091,0.000614,0.000811,0.000654,0.000976,0.000809,0.001083,0.001022,0.107413,80
data_augmented_world_model,cluttered_navigation_grasp,actuator_lag,sparse_observation,0.275000,0.226392,0.333367,0.305524,0.120729,0.106467,0.135794,0.070727,0.254128,0.278002,0.275037,-0.601853,0.098464,0.002043,0.001158,0.000987,0.000588,0.000887,0.000664,0.000762,0.000882,0.001076,0.001055,0.098509,80
data_augmented_world_model,cluttered_navigation_grasp,combined_hidden_mechanisms,combined_stress,0.225000,0.140900,0.378859,0.349534,0.133245,0.114328,0.149666,0.082154,0.280592,0.310139,0.304079,-0.799316,0.092084,0.002022,0.001152,0.001034,0.000599,0.000888,0.000616,0.000882,0.000756,0.001015,0.001007,0.091784,80
data_augmented_world_model,cluttered_navigation_grasp,combined_hidden_mechanisms,hidden_mechanism,0.275000,0.150047,0.366473,0.326920,0.128441,0.110685,0.143070,0.074162,0.270716,0.295894,0.292979,-0.699553,0.098464,0.002255,0.001135,0.001180,0.000759,0.000839,0.000668,0.000880,0.000812,0.000987,0.001087,0.098605,80
data_augmented_world_model,cluttered_navigation_grasp,combined_hidden_mechanisms,in_distribution,0.425000,0.163116,0.353386,0.312910,0.123000,0.109875,0.135515,0.067008,0.260169,0.281339,0.281432,-0.503926,0.109011,0.002179,0.001084,0.001078,0.000655,0.000838,0.000573,0.000823,0.000914,0.001089,0.000914,0.109115,80
data_augmented_world_model,cluttered_navigation_grasp,combined_hidden_mechanisms,long_horizon,0.237500,0.152540,0.372090,0.342760,0.131818,0.111550,0.144369,0.074184,0.275257,0.300447,0.297224,-0.761147,0.093841,0.002397,0.001202,0.001191,0.000620,0.000898,0.000680,0.000935,0.000915,0.001176,0.001125,0.093551,80
data_augmented_world_model,cluttered_navigation_grasp,combined_hidden_mechanisms,sparse_observation,0.250000,0.140393,0.372604,0.337861,0.131270,0.113347,0.147280,0.078652,0.276048,0.303963,0.298711,-0.752363,0.095487,0.002307,0.001180,0.001078,0.000707,0.001029,0.000653,0.000900,0.000800,0.001013,0.001001,0.095530,80
data_augmented_world_model,cluttered_navigation_grasp,compliance_shift,combined_stress,0.287500,0.240820,0.340362,0.317598,0.123522,0.105538,0.137087,0.071594,0.258956,0.283571,0.280106,-0.606918,0.099805,0.002474,0.001162,0.000962,0.000714,0.000892,0.000708,0.000999,0.000805,0.000952,0.000994,0.100176,80
data_augmented_world_model,cluttered_navigation_grasp,compliance_shift,hidden_mechanism,0.575000,0.269439,0.306987,0.282974,0.108543,0.100310,0.121222,0.055352,0.232531,0.249658,0.251168,-0.205951,0.109011,0.002539,0.000862,0.001218,0.000583,0.000921,0.000643,0.000870,0.000926,0.001074,0.001143,0.109073,80
data_augmented_world_model,cluttered_navigation_grasp,compliance_shift,in_distribution,0.612500,0.284301,0.289609,0.266985,0.102287,0.099090,0.113900,0.047943,0.220584,0.233331,0.237348,-0.114924,0.107431,0.002123,0.001032,0.001222,0.000647,0.000870,0.000682,0.000787,0.000831,0.001091,0.001063,0.107409,80
data_augmented_world_model,cluttered_navigation_grasp,compliance_shift,long_horizon,0.487500,0.274183,0.313053,0.298080,0.112659,0.100681,0.123185,0.056644,0.239403,0.256205,0.258604,-0.319352,0.110224,0.002314,0.001090,0.000999,0.000717,0.000935,0.000702,0.000989,0.000950,0.001063,0.001138,0.110019,80
data_augmented_world_model,cluttered_navigation_grasp,compliance_shift,sparse_observation,0.400000,0.251099,0.322110,0.297642,0.116100,0.105192,0.131789,0.068374,0.247196,0.270190,0.267856,-0.439638,0.108031,0.002201,0.000929,0.001137,0.000728,0.000873,0.000623,0.000830,0.000944,0.001209,0.001265,0.107826,80
data_augmented_world_model,cluttered_navigation_grasp,contact_mode_flip,combined_stress,0.275000,0.200469,0.360891,0.335111,0.129067,0.110379,0.143858,0.076632,0.269266,0.296686,0.291869,-0.684221,0.098464,0.002166,0.001132,0.001240,0.000597,0.000871,0.000597,0.000799,0.000901,0.001001,0.001105,0.098469,80
data_augmented_world_model,cluttered_navigation_grasp,contact_mode_flip,hidden_mechanism,0.350000,0.229195,0.328576,0.300117,0.113774,0.104995,0.128324,0.060382,0.243864,0.262690,0.263438,-0.496861,0.105180,0.002255,0.001181,0.000893,0.000601,0.000891,0.000640,0.000832,0.000921,0.001085,0.001123,0.105240,80
data_augmented_world_model,cluttered_navigation_grasp,contact_mode_flip,in_distribution,0.437500,0.245235,0.311696,0.283523,0.108127,0.102975,0.121657,0.053985,0.232380,0.247478,0.251038,-0.356668,0.109394,0.002162,0.001088,0.001005,0.000696,0.000828,0.000634,0.000970,0.000966,0.001179,0.001019,0.109449,80
data_augmented_world_model,cluttered_navigation_grasp,contact_mode_flip,long_horizon,0.512500,0.231883,0.336154,0.315233,0.118686,0.104173,0.130212,0.062347,0.251148,0.269991,0.271608,-0.363193,0.110224,0.002098,0.001239,0.001078,0.000621,0.000875,0.000668,0.000858,0.000895,0.001179,0.000959,0.110122,80
data_augmented_world_model,cluttered_navigation_grasp,contact_mode_flip,sparse_observation,0.412500,0.209015,0.344355,0.314312,0.121694,0.108858,0.139078,0.074062,0.258372,0.284615,0.279985,-0.494113,0.108557,0.001951,0.000930,0.001146,0.000628,0.000997,0.000599,0.000870,0.000739,0.001084,0.001018,0.108354,80
data_augmented_world_model,cluttered_navigation_grasp,friction_shift,combined_stress,0.337500,0.261679,0.329216,0.310528,0.120750,0.105010,0.134845,0.070581,0.253053,0.277404,0.274270,-0.525797,0.104273,0.002008,0.001061,0.001332,0.000682,0.000893,0.000591,0.000945,0.000925,0.001150,0.001155,0.104287,80
data_augmented_world_model,cluttered_navigation_grasp,friction_shift,hidden_mechanism,0.487500,0.290583,0.296020,0.275072,0.105868,0.099566,0.118744,0.053860,0.226258,0.241950,0.244316,-0.261326,0.110224,0.002300,0.001169,0.000986,0.000722,0.000867,0.000643,0.000751,0.000852,0.001060,0.001213,0.110442,80
data_augmented_world_model,cluttered_navigation_grasp,friction_shift,in_distribution,0.537500,0.304149,0.279813,0.258874,0.099157,0.097655,0.111501,0.046306,0.215408,0.226756,0.232303,-0.159184,0.109948,0.002571,0.001100,0.001214,0.000747,0.000851,0.000565,0.000857,0.000872,0.001038,0.000992,0.109385,80
data_augmented_world_model,cluttered_navigation_grasp,friction_shift,long_horizon,0.487500,0.292944,0.303276,0.289516,0.109803,0.099070,0.121513,0.054932,0.233709,0.249501,0.252757,-0.288927,0.110224,0.002115,0.001129,0.000993,0.000635,0.000967,0.000705,0.000773,0.000810,0.001145,0.000968,0.110273,80
data_augmented_world_model,cluttered_navigation_grasp,friction_shift,sparse_observation,0.437500,0.270243,0.312200,0.290224,0.112665,0.103278,0.129874,0.066336,0.240491,0.263189,0.260608,-0.370811,0.109394,0.002060,0.001038,0.001063,0.000653,0.000868,0.000587,0.000787,0.000960,0.001238,0.001166,0.109241,80
data_augmented_world_model,cluttered_navigation_grasp,nominal,combined_stress,0.350000,0.323618,0.304843,0.290888,0.112160,0.100325,0.127574,0.064986,0.237786,0.260067,0.257214,-0.429254,0.105180,0.002175,0.001003,0.001136,0.000668,0.000871,0.000606,0.000985,0.000965,0.001139,0.001200,0.104943,80
data_augmented_world_model,cluttered_navigation_grasp,nominal,hidden_mechanism,0.650000,0.350919,0.270051,0.256080,0.097664,0.095070,0.111256,0.049703,0.210500,0.223401,0.227563,-0.014683,0.105180,0.002055,0.001232,0.000975,0.000584,0.000893,0.000636,0.000809,0.000836,0.001029,0.001098,0.105130,80
data_augmented_world_model,cluttered_navigation_grasp,nominal,in_distribution,0.612500,0.368016,0.253179,0.239192,0.090859,0.092613,0.104041,0.041015,0.198660,0.208508,0.214255,0.003418,0.107431,0.002006,0.001129,0.001045,0.000641,0.001022,0.000643,0.000784,0.000919,0.001066,0.001088,0.107323,80
data_augmented_world_model,cluttered_navigation_grasp,nominal,long_horizon,0.525000,0.354528,0.278101,0.270618,0.101365,0.094064,0.113035,0.049242,0.217708,0.230943,0.234741,-0.166268,0.110121,0.002173,0.001034,0.001039,0.000617,0.000869,0.000671,0.001008,0.000898,0.001032,0.001215,0.110232,80
data_augmented_world_model,cluttered_navigation_grasp,nominal,sparse_observation,0.462500,0.330225,0.286353,0.271515,0.104374,0.099842,0.122088,0.062075,0.224208,0.244500,0.242744,-0.261830,0.109948,0.002211,0.001092,0.000988,0.000630,0.000891,0.000741,0.000843,0.000870,0.001141,0.001123,0.109540,80
data_augmented_world_model,cluttered_navigation_grasp,occlusion_persistence,combined_stress,0.325000,0.220486,0.351014,0.326337,0.125881,0.107922,0.142128,0.076829,0.264308,0.291544,0.286321,-0.603334,0.103285,0.002092,0.000975,0.001077,0.000641,0.000943,0.000620,0.000994,0.000862,0.001005,0.001006,0.102891,80
data_augmented_world_model,cluttered_navigation_grasp,occlusion_persistence,hidden_mechanism,0.387500,0.230534,0.322626,0.297914,0.113114,0.106112,0.133568,0.069412,0.243242,0.267046,0.263542,-0.455594,0.107431,0.002216,0.001153,0.001047,0.000643,0.000850,0.000706,0.000886,0.000830,0.001031,0.001039,0.107705,80
data_augmented_world_model,cluttered_navigation_grasp,occlusion_persistence,in_distribution,0.450000,0.245398,0.306520,0.282036,0.107230,0.103883,0.125945,0.062009,0.231581,0.251899,0.250930,-0.340931,0.109706,0.002114,0.001098,0.001182,0.000713,0.000884,0.000508,0.000995,0.000882,0.001045,0.001135,0.109660,80
data_augmented_world_model,cluttered_navigation_grasp,occlusion_persistence,long_horizon,0.337500,0.233573,0.330544,0.313871,0.118057,0.105537,0.135371,0.070058,0.250434,0.274341,0.270757,-0.535016,0.104273,0.002270,0.001055,0.001153,0.000569,0.000849,0.000737,0.000754,0.000811,0.001145,0.001087,0.104631,80
data_augmented_world_model,cluttered_navigation_grasp,occlusion_persistence,sparse_observation,0.350000,0.222557,0.334843,0.309038,0.118442,0.107867,0.137899,0.074620,0.251618,0.278197,0.272768,-0.530584,0.105180,0.002463,0.001250,0.001220,0.000659,0.000869,0.000640,0.000719,0.000905,0.001222,0.001068,0.105036,80
data_augmented_world_model,cluttered_navigation_grasp,payload_shift,combined_stress,0.312500,0.202071,0.354108,0.329545,0.127639,0.107280,0.141392,0.074473,0.267217,0.292924,0.288986,-0.630091,0.102212,0.002199,0.001087,0.000947,0.000652,0.000866,0.000601,0.000901,0.000816,0.000956,0.001008,0.102242,80
data_augmented_world_model,cluttered_navigation_grasp,payload_shift,hidden_mechanism,0.362500,0.230569,0.322567,0.296079,0.115226,0.103696,0.126008,0.058843,0.244552,0.262400,0.264037,-0.475233,0.106008,0.002086,0.001286,0.001021,0.000758,0.001006,0.000715,0.000811,0.000835,0.000973,0.000981,0.106387,80
data_augmented_world_model,cluttered_navigation_grasp,payload_shift,in_distribution,0.400000,0.245701,0.307567,0.278309,0.109416,0.101571,0.119251,0.051245,0.233572,0.247738,0.252036,-0.385993,0.108031,0.002198,0.001057,0.001045,0.000717,0.000887,0.000558,0.000918,0.000915,0.001244,0.001129,0.108193,80
data_augmented_world_model,cluttered_navigation_grasp,payload_shift,long_horizon,0.350000,0.236849,0.330182,0.310378,0.119897,0.103500,0.128092,0.059969,0.252514,0.270829,0.271778,-0.515049,0.105180,0.002130,0.001071,0.001213,0.000620,0.000882,0.000679,0.000879,0.000908,0.001207,0.001138,0.105341,80
data_augmented_world_model,cluttered_navigation_grasp,payload_shift,sparse_observation,0.337500,0.209163,0.339783,0.309857,0.122184,0.107431,0.137267,0.071022,0.257959,0.282057,0.278784,-0.559619,0.104273,0.002238,0.001148,0.001122,0.000654,0.000912,0.000675,0.000821,0.000853,0.001092,0.001129,0.104613,80
data_augmented_world_model,deformable_bin_pick,actuator_lag,combined_stress,0.250000,0.225074,0.344453,0.321263,0.125754,0.107240,0.139567,0.074379,0.262831,0.288268,0.284741,-0.663625,0.095487,0.002320,0.001149,0.001159,0.000639,0.000860,0.000543,0.000881,0.000943,0.001237,0.001103,0.095278,80
data_augmented_world_model,deformable_bin_pick,actuator_lag,hidden_mechanism,0.387500,0.250634,0.314602,0.287467,0.112962,0.103105,0.123856,0.057148,0.239211,0.256763,0.257997,-0.421892,0.107431,0.002206,0.001039,0.001156,0.000626,0.000800,0.000566,0.000913,0.000979,0.001218,0.001185,0.107417,80
data_augmented_world_model,deformable_bin_pick,actuator_lag,in_distribution,0.487500,0.265958,0.298258,0.272077,0.106433,0.101204,0.116551,0.050761,0.228337,0.241877,0.246211,-0.270033,0.110224,0.002229,0.001117,0.000911,0.000568,0.000794,0.000626,0.000865,0.000852,0.001074,0.001066,0.109761,80
data_augmented_world_model,deformable_bin_pick,actuator_lag,long_horizon,0.400000,0.255377,0.322359,0.302786,0.117207,0.102860,0.125473,0.057862,0.247726,0.265183,0.267138,-0.437714,0.108031,0.002124,0.001100,0.001243,0.000618,0.000863,0.000603,0.000843,0.000877,0.001036,0.001171,0.107956,80
data_augmented_world_model,deformable_bin_pick,actuator_lag,sparse_observation,0.337500,0.230705,0.330376,0.304150,0.119966,0.106967,0.134968,0.070578,0.252226,0.276340,0.273483,-0.531721,0.104273,0.002110,0.001241,0.001085,0.000636,0.000907,0.000741,0.000912,0.000804,0.001114,0.000950,0.104085,80
data_augmented_world_model,deformable_bin_pick,combined_hidden_mechanisms,combined_stress,0.187500,0.142326,0.377035,0.348376,0.133195,0.114230,0.149462,0.080803,0.279969,0.308560,0.302662,-0.832889,0.086071,0.001912,0.001013,0.001049,0.000706,0.000846,0.000681,0.000956,0.000953,0.001136,0.001184,0.086061,80
data_augmented_world_model,deformable_bin_pick,combined_hidden_mechanisms,hidden_mechanism,0.312500,0.153255,0.365421,0.327786,0.128349,0.112034,0.141707,0.073359,0.270745,0.295910,0.292868,-0.660102,0.102212,0.002116,0.001086,0.000926,0.000582,0.000896,0.000617,0.000882,0.000913,0.001210,0.001143,0.102502,80
data_augmented_world_model,deformable_bin_pick,combined_hidden_mechanisms,in_distribution,0.275000,0.166484,0.350558,0.310079,0.121445,0.109605,0.134390,0.065278,0.258407,0.279613,0.278807,-0.644176,0.098464,0.002076,0.001162,0.000959,0.000631,0.000802,0.000626,0.000949,0.000848,0.001088,0.001108,0.098244,80
data_augmented_world_model,deformable_bin_pick,combined_hidden_mechanisms,long_horizon,0.250000,0.153795,0.370713,0.340971,0.130922,0.112346,0.144023,0.074183,0.275594,0.300307,0.298265,-0.744885,0.095487,0.002383,0.000983,0.000945,0.000721,0.000871,0.000563,0.000797,0.000849,0.001073,0.001053,0.095684,80
data_augmented_world_model,deformable_bin_pick,combined_hidden_mechanisms,sparse_observation,0.175000,0.141746,0.372991,0.335355,0.131609,0.113826,0.147212,0.079990,0.275959,0.304547,0.298608,-0.825978,0.083789,0.002168,0.001281,0.001143,0.000719,0.000993,0.000590,0.000901,0.000817,0.000975,0.000988,0.083662,80
data_augmented_world_model,deformable_bin_pick,compliance_shift,combined_stress,0.462500,0.244738,0.336169,0.314821,0.123018,0.104873,0.136536,0.070861,0.257386,0.281840,0.279473,-0.422385,0.109948,0.002433,0.001130,0.000954,0.000757,0.000800,0.000712,0.000892,0.000833,0.001230,0.001097,0.109801,80
data_augmented_world_model,deformable_bin_pick,compliance_shift,hidden_mechanism,0.475000,0.275112,0.302569,0.279528,0.107835,0.100910,0.120699,0.054931,0.231351,0.248060,0.250207,-0.295585,0.110121,0.002068,0.001065,0.001183,0.000711,0.000786,0.000600,0.000795,0.000868,0.001062,0.001091,0.109894,80
data_augmented_world_model,deformable_bin_pick,compliance_shift,in_distribution,0.562500,0.288058,0.285557,0.263927,0.101955,0.100118,0.112727,0.047555,0.220166,0.232642,0.237430,-0.156513,0.109394,0.002023,0.001049,0.001178,0.000631,0.000858,0.000661,0.000921,0.000810,0.001033,0.001205,0.109591,80
data_augmented_world_model,deformable_bin_pick,compliance_shift,long_horizon,0.387500,0.277988,0.310675,0.295209,0.112688,0.101382,0.122683,0.055566,0.238604,0.254626,0.258231,-0.412874,0.107431,0.002208,0.001197,0.001145,0.000714,0.000974,0.000666,0.000888,0.000789,0.001100,0.000895,0.107398,80
data_augmented_world_model,deformable_bin_pick,compliance_shift,sparse_observation,0.425000,0.250392,0.320014,0.295586,0.115471,0.105459,0.132057,0.068060,0.244545,0.267757,0.265019,-0.409150,0.109011,0.002309,0.001164,0.001187,0.000632,0.000909,0.000613,0.000730,0.000881,0.001009,0.001073,0.109050,80
data_augmented_world_model,deformable_bin_pick,contact_mode_flip,combined_stress,0.200000,0.205180,0.357710,0.332041,0.128323,0.110048,0.143370,0.076985,0.267250,0.294240,0.288892,-0.749934,0.088207,0.002128,0.001208,0.000924,0.000691,0.000934,0.000659,0.000866,0.000874,0.001196,0.001071,0.087942,80
data_augmented_world_model,deformable_bin_pick,contact_mode_flip,hidden_mechanism,0.500000,0.233939,0.324772,0.297868,0.113471,0.105027,0.127890,0.060733,0.243033,0.262202,0.262799,-0.338988,0.110259,0.002212,0.001067,0.001037,0.000645,0.000887,0.000602,0.000888,0.000760,0.001050,0.000981,0.110492,80
data_augmented_world_model,deformable_bin_pick,contact_mode_flip,in_distribution,0.475000,0.248894,0.307805,0.281444,0.107346,0.102426,0.119600,0.052920,0.232425,0.247479,0.250486,-0.310444,0.110121,0.002143,0.001037,0.001029,0.000798,0.000783,0.000623,0.000910,0.000833,0.001023,0.001182,0.110333,80
data_augmented_world_model,deformable_bin_pick,contact_mode_flip,long_horizon,0.425000,0.237160,0.332638,0.313383,0.118218,0.104057,0.129534,0.061381,0.250331,0.268863,0.269729,-0.442613,0.109011,0.002088,0.001190,0.001128,0.000711,0.000808,0.000665,0.000904,0.000901,0.001159,0.001090,0.109289,80
data_augmented_world_model,deformable_bin_pick,contact_mode_flip,sparse_observation,0.250000,0.210442,0.342023,0.314005,0.121337,0.109017,0.138474,0.073196,0.256975,0.283108,0.278193,-0.652023,0.095487,0.002280,0.001143,0.001125,0.000739,0.000906,0.000540,0.000901,0.000924,0.001071,0.001148,0.095228,80
data_augmented_world_model,deformable_bin_pick,friction_shift,combined_stress,0.350000,0.265961,0.327058,0.307995,0.120480,0.104268,0.134040,0.069460,0.251073,0.274591,0.271738,-0.505448,0.105180,0.002013,0.000975,0.001234,0.000607,0.000832,0.000617,0.000840,0.000769,0.001031,0.000963,0.105241,80
data_augmented_world_model,deformable_bin_pick,friction_shift,hidden_mechanism,0.475000,0.290699,0.292781,0.272504,0.105267,0.100320,0.118476,0.053496,0.225572,0.241380,0.244125,-0.267743,0.110121,0.002233,0.001007,0.001155,0.000624,0.000890,0.000566,0.000986,0.000950,0.001079,0.001190,0.109671,80
data_augmented_world_model,deformable_bin_pick,friction_shift,in_distribution,0.562500,0.308005,0.276588,0.256671,0.099220,0.097627,0.111696,0.046367,0.213922,0.226053,0.230657,-0.127412,0.109394,0.002234,0.000988,0.001056,0.000652,0.000901,0.000712,0.000934,0.000867,0.000998,0.001039,0.109637,80
data_augmented_world_model,deformable_bin_pick,friction_shift,long_horizon,0.437500,0.295306,0.301299,0.287695,0.109151,0.099585,0.120180,0.054602,0.232485,0.247970,0.250886,-0.332786,0.109394,0.002244,0.000912,0.001028,0.000610,0.000864,0.000732,0.000876,0.000892,0.001075,0.001137,0.109167,80
data_augmented_world_model,deformable_bin_pick,friction_shift,sparse_observation,0.462500,0.268337,0.308345,0.288548,0.111946,0.104103,0.129587,0.065345,0.238885,0.261484,0.259182,-0.339717,0.109948,0.002218,0.001171,0.001043,0.000572,0.000859,0.000693,0.000870,0.000929,0.001080,0.001138,0.109417,80
data_augmented_world_model,deformable_bin_pick,nominal,combined_stress,0.500000,0.326076,0.301085,0.288035,0.112154,0.100546,0.126516,0.064725,0.235274,0.257541,0.254982,-0.270564,0.110259,0.002371,0.001154,0.000967,0.000638,0.000837,0.000618,0.000871,0.001029,0.001231,0.001255,0.110616,80
data_augmented_world_model,deformable_bin_pick,nominal,hidden_mechanism,0.425000,0.354182,0.265877,0.252899,0.097158,0.095939,0.110375,0.048710,0.210114,0.223829,0.226857,-0.231062,0.109011,0.002237,0.001166,0.001102,0.000611,0.000990,0.000769,0.000901,0.000898,0.001305,0.001127,0.108984,80
data_augmented_world_model,deformable_bin_pick,nominal,in_distribution,0.500000,0.367057,0.250943,0.236392,0.090987,0.093339,0.103481,0.041872,0.197841,0.207798,0.213600,-0.104864,0.110259,0.002045,0.000968,0.001112,0.000738,0.000842,0.000584,0.000893,0.000865,0.001099,0.000998,0.110411,80
data_augmented_world_model,deformable_bin_pick,nominal,long_horizon,0.525000,0.356097,0.275173,0.268856,0.100765,0.095105,0.112428,0.049328,0.216792,0.229935,0.234087,-0.160453,0.110121,0.002134,0.001201,0.000984,0.000657,0.000867,0.000620,0.000766,0.000818,0.000922,0.001064,0.110347,80
data_augmented_world_model,deformable_bin_pick,nominal,sparse_observation,0.487500,0.330209,0.283804,0.270088,0.104330,0.099575,0.121951,0.060511,0.222629,0.243396,0.241595,-0.231854,0.110224,0.002157,0.001113,0.001090,0.000628,0.000823,0.000676,0.000869,0.000845,0.001052,0.001174,0.110733,80
data_augmented_world_model,deformable_bin_pick,occlusion_persistence,combined_stress,0.350000,0.223600,0.346729,0.324303,0.125029,0.108068,0.141777,0.076932,0.262688,0.289647,0.285395,-0.569690,0.105180,0.002261,0.001055,0.001102,0.000691,0.000891,0.000601,0.000894,0.000862,0.001054,0.001109,0.105113,80
data_augmented_world_model,deformable_bin_pick,occlusion_persistence,hidden_mechanism,0.475000,0.234337,0.320038,0.295524,0.113551,0.106164,0.132988,0.069401,0.241931,0.265411,0.262553,-0.361877,0.110121,0.002093,0.001142,0.001025,0.000653,0.000959,0.000618,0.000853,0.000780,0.000879,0.000992,0.110402,80
data_augmented_world_model,deformable_bin_pick,occlusion_persistence,in_distribution,0.387500,0.246411,0.303513,0.278640,0.106350,0.104401,0.126011,0.061654,0.230077,0.250066,0.249694,-0.395905,0.107431,0.002267,0.001169,0.001091,0.000701,0.000956,0.000629,0.000832,0.000855,0.001051,0.001096,0.107460,80
data_augmented_world_model,deformable_bin_pick,occlusion_persistence,long_horizon,0.425000,0.236572,0.327002,0.310490,0.116563,0.106263,0.135014,0.069443,0.248659,0.272114,0.269415,-0.437798,0.109011,0.002320,0.001106,0.001043,0.000650,0.000732,0.000707,0.000869,0.000812,0.001049,0.001051,0.109081,80
data_augmented_world_model,deformable_bin_pick,occlusion_persistence,sparse_observation,0.312500,0.226417,0.331291,0.306428,0.117998,0.107195,0.137886,0.074481,0.251318,0.277626,0.271572,-0.560575,0.102212,0.002452,0.001214,0.001204,0.000644,0.000972,0.000675,0.000916,0.000850,0.001101,0.001157,0.102084,80
data_augmented_world_model,deformable_bin_pick,payload_shift,combined_stress,0.325000,0.204810,0.350440,0.324995,0.127061,0.108203,0.140723,0.073836,0.266645,0.292509,0.288235,-0.608550,0.103285,0.002300,0.001355,0.001216,0.000668,0.000863,0.000653,0.000923,0.000852,0.000948,0.001069,0.102803,80
data_augmented_world_model,deformable_bin_pick,payload_shift,hidden_mechanism,0.425000,0.235766,0.320311,0.292675,0.115389,0.103674,0.125782,0.059340,0.243620,0.261618,0.263216,-0.405780,0.109011,0.002152,0.001094,0.000945,0.000766,0.000861,0.000691,0.000968,0.000870,0.000964,0.001079,0.108984,80
data_augmented_world_model,deformable_bin_pick,payload_shift,in_distribution,0.325000,0.249145,0.303264,0.276317,0.109213,0.101747,0.117911,0.051465,0.231585,0.245431,0.249595,-0.452198,0.103285,0.002114,0.000953,0.001236,0.000594,0.000744,0.000551,0.000961,0.000899,0.001089,0.001176,0.103382,80
data_augmented_world_model,deformable_bin_pick,payload_shift,long_horizon,0.425000,0.236951,0.328303,0.307237,0.119268,0.104481,0.127728,0.058778,0.250146,0.267411,0.270155,-0.433518,0.109011,0.002073,0.001007,0.001133,0.000747,0.000853,0.000709,0.000806,0.000984,0.001160,0.001190,0.109156,80
data_augmented_world_model,deformable_bin_pick,payload_shift,sparse_observation,0.375000,0.208034,0.336747,0.308835,0.122203,0.107353,0.136944,0.070701,0.256858,0.280746,0.277629,-0.517965,0.106757,0.002298,0.001128,0.001151,0.000750,0.000863,0.000712,0.000856,0.000819,0.001091,0.001099,0.106507,80
data_augmented_world_model,drawer_contact_repair,actuator_lag,combined_stress,0.350000,0.229533,0.339040,0.316459,0.124287,0.105371,0.137772,0.072627,0.259553,0.284563,0.280125,-0.547862,0.105180,0.002096,0.001091,0.001125,0.000593,0.000936,0.000619,0.000880,0.000929,0.001212,0.001212,0.105662,80
data_augmented_world_model,drawer_contact_repair,actuator_lag,hidden_mechanism,0.425000,0.257672,0.307854,0.282634,0.111450,0.101692,0.122878,0.056222,0.235522,0.252779,0.254344,-0.366935,0.109011,0.001947,0.001021,0.000986,0.000711,0.000917,0.000734,0.000795,0.000914,0.001226,0.001059,0.108814,80
data_augmented_world_model,drawer_contact_repair,actuator_lag,in_distribution,0.387500,0.272777,0.290794,0.266083,0.104968,0.098028,0.114924,0.049026,0.224518,0.237693,0.242241,-0.350012,0.107431,0.002145,0.001104,0.001079,0.000630,0.000954,0.000691,0.000884,0.000802,0.001039,0.000907,0.107474,80
data_augmented_world_model,drawer_contact_repair,actuator_lag,long_horizon,0.400000,0.257935,0.315905,0.297346,0.115738,0.101752,0.123776,0.056760,0.243211,0.260851,0.262604,-0.420760,0.108031,0.002132,0.001104,0.001143,0.000670,0.000902,0.000633,0.000750,0.000894,0.001133,0.001089,0.107916,80
data_augmented_world_model,drawer_contact_repair,actuator_lag,sparse_observation,0.412500,0.235993,0.326133,0.298050,0.118149,0.104891,0.133271,0.069081,0.249550,0.273311,0.270461,-0.440803,0.108557,0.002087,0.001083,0.001127,0.000710,0.000897,0.000649,0.000950,0.000851,0.001158,0.001232,0.108618,80
data_augmented_world_model,drawer_contact_repair,combined_hidden_mechanisms,combined_stress,0.200000,0.144004,0.376459,0.344924,0.132272,0.112208,0.148303,0.079793,0.277077,0.306074,0.300298,-0.812341,0.088207,0.002208,0.001105,0.000962,0.000686,0.000917,0.000604,0.000900,0.000765,0.001075,0.000956,0.088327,80
data_augmented_world_model,drawer_contact_repair,combined_hidden_mechanisms,hidden_mechanism,0.300000,0.158617,0.360120,0.320703,0.127034,0.110084,0.140055,0.072714,0.266747,0.291658,0.288774,-0.654831,0.101054,0.002151,0.001192,0.001052,0.000680,0.000767,0.000653,0.000840,0.000921,0.001202,0.001115,0.101012,80
data_augmented_world_model,drawer_contact_repair,combined_hidden_mechanisms,in_distribution,0.275000,0.171221,0.343159,0.304903,0.121131,0.108346,0.133036,0.064753,0.256371,0.277465,0.276808,-0.628876,0.098464,0.001901,0.001179,0.001293,0.000735,0.000823,0.000645,0.000914,0.000898,0.001099,0.001054,0.098293,80
data_augmented_world_model,drawer_contact_repair,combined_hidden_mechanisms,long_horizon,0.312500,0.160456,0.365020,0.334691,0.128864,0.109999,0.141207,0.072596,0.271290,0.295762,0.292997,-0.662526,0.102212,0.002256,0.001307,0.001096,0.000596,0.000847,0.000664,0.000962,0.000947,0.001155,0.001186,0.101963,80
data_augmented_world_model,drawer_contact_repair,combined_hidden_mechanisms,sparse_observation,0.325000,0.145946,0.368368,0.331438,0.130258,0.111985,0.145376,0.078882,0.273218,0.301196,0.295347,-0.662304,0.103285,0.001972,0.001168,0.001096,0.000652,0.000894,0.000588,0.000845,0.000857,0.001080,0.001024,0.103295,80
data_augmented_world_model,drawer_contact_repair,compliance_shift,combined_stress,0.387500,0.253595,0.330895,0.309047,0.120731,0.104731,0.135163,0.070427,0.253248,0.277656,0.274411,-0.479097,0.107431,0.002460,0.001141,0.001178,0.000639,0.000849,0.000620,0.000852,0.000876,0.001085,0.001113,0.107423,80
data_augmented_world_model,drawer_contact_repair,compliance_shift,hidden_mechanism,0.412500,0.282415,0.295214,0.275094,0.106726,0.099559,0.118854,0.053557,0.227803,0.244446,0.246541,-0.340265,0.108557,0.002261,0.001023,0.000956,0.000587,0.000810,0.000658,0.000904,0.000808,0.001079,0.000936,0.108614,80
data_augmented_world_model,drawer_contact_repair,compliance_shift,in_distribution,0.575000,0.295402,0.279346,0.258297,0.100210,0.097368,0.111221,0.046053,0.215846,0.227450,0.232525,-0.124876,0.109011,0.002406,0.001018,0.000952,0.000687,0.000924,0.000641,0.000845,0.000792,0.001037,0.001086,0.108786,80
data_augmented_world_model,drawer_contact_repair,compliance_shift,long_horizon,0.362500,0.281368,0.303566,0.289322,0.110383,0.099147,0.120913,0.055488,0.234898,0.250401,0.253986,-0.419158,0.106008,0.002241,0.001041,0.001011,0.000648,0.000668,0.000752,0.000843,0.000818,0.001130,0.001070,0.105837,80
data_augmented_world_model,drawer_contact_repair,compliance_shift,sparse_observation,0.500000,0.256650,0.312875,0.290081,0.113685,0.103058,0.129747,0.067127,0.241958,0.264579,0.262225,-0.315475,0.110259,0.001991,0.001223,0.000925,0.000599,0.000975,0.000675,0.000835,0.000869,0.001101,0.001120,0.110519,80
data_augmented_world_model,drawer_contact_repair,contact_mode_flip,combined_stress,0.287500,0.211934,0.351685,0.326305,0.126682,0.107477,0.141448,0.074857,0.263873,0.290465,0.286181,-0.644001,0.099805,0.002250,0.000991,0.000979,0.000580,0.000846,0.000688,0.001084,0.000909,0.001123,0.001085,0.099594,80
data_augmented_world_model,drawer_contact_repair,contact_mode_flip,hidden_mechanism,0.462500,0.239852,0.319480,0.293187,0.112247,0.104361,0.125431,0.059753,0.239505,0.258590,0.258336,-0.360692,0.109948,0.002126,0.001208,0.001104,0.000685,0.000923,0.000723,0.000797,0.000754,0.001108,0.001032,0.109833,80
data_augmented_world_model,drawer_contact_repair,contact_mode_flip,in_distribution,0.387500,0.253452,0.301103,0.276250,0.106100,0.101637,0.117664,0.053134,0.227628,0.242179,0.245516,-0.380559,0.107431,0.002099,0.001186,0.001165,0.000698,0.000984,0.000643,0.000817,0.000859,0.001105,0.001209,0.107599,80
data_augmented_world_model,drawer_contact_repair,contact_mode_flip,long_horizon,0.375000,0.242364,0.326711,0.306969,0.116278,0.103095,0.127104,0.060331,0.246547,0.264879,0.266143,-0.474118,0.106757,0.002140,0.001119,0.001114,0.000678,0.000899,0.000718,0.000729,0.000881,0.001101,0.001143,0.106566,80
data_augmented_world_model,drawer_contact_repair,contact_mode_flip,sparse_observation,0.462500,0.213483,0.335928,0.307500,0.119669,0.107411,0.136813,0.072633,0.253719,0.279082,0.274635,-0.422480,0.109948,0.001888,0.001054,0.001034,0.000687,0.000772,0.000663,0.001016,0.000954,0.001161,0.001246,0.109930,80
data_augmented_world_model,drawer_contact_repair,friction_shift,combined_stress,0.462500,0.271350,0.319211,0.301811,0.118530,0.103494,0.132188,0.069288,0.249275,0.272954,0.269982,-0.374607,0.109948,0.002187,0.001041,0.001199,0.000701,0.000972,0.000609,0.000945,0.000828,0.000891,0.001032,0.110010,80
data_augmented_world_model,drawer_contact_repair,friction_shift,hidden_mechanism,0.525000,0.297176,0.286696,0.267970,0.103609,0.098846,0.115543,0.052419,0.221386,0.236696,0.238947,-0.199745,0.110121,0.001813,0.001095,0.001194,0.000603,0.000751,0.000548,0.000951,0.000789,0.001050,0.001139,0.110277,80
data_augmented_world_model,drawer_contact_repair,friction_shift,in_distribution,0.462500,0.311200,0.269986,0.251057,0.096900,0.096575,0.108610,0.044914,0.210342,0.221749,0.226552,-0.208871,0.109948,0.002138,0.001050,0.001134,0.000719,0.000945,0.000661,0.000937,0.000936,0.001121,0.001143,0.109805,80
data_augmented_world_model,drawer_contact_repair,friction_shift,long_horizon,0.562500,0.299607,0.294248,0.282391,0.107416,0.098532,0.117836,0.053063,0.229009,0.244073,0.247461,-0.189763,0.109394,0.002010,0.001149,0.001061,0.000641,0.000965,0.000601,0.000793,0.000947,0.001152,0.001117,0.109482,80
data_augmented_world_model,drawer_contact_repair,friction_shift,sparse_observation,0.475000,0.275652,0.303267,0.282317,0.110879,0.102502,0.127841,0.066188,0.235561,0.257484,0.255204,-0.310696,0.110121,0.002086,0.001043,0.001272,0.000604,0.000860,0.000696,0.000937,0.000857,0.001081,0.001078,0.110485,80
data_augmented_world_model,drawer_contact_repair,nominal,combined_stress,0.487500,0.331683,0.294379,0.282173,0.110440,0.098898,0.123744,0.063954,0.231879,0.252973,0.251385,-0.264298,0.110224,0.002203,0.001026,0.001117,0.000645,0.001059,0.000685,0.000798,0.000904,0.001157,0.001204,0.110395,80
data_augmented_world_model,drawer_contact_repair,nominal,hidden_mechanism,0.575000,0.359158,0.261414,0.248692,0.095358,0.094344,0.108631,0.047613,0.206411,0.219135,0.224159,-0.066083,0.109011,0.002424,0.001278,0.001098,0.000679,0.000815,0.000694,0.000837,0.000926,0.001126,0.001199,0.108733,80
data_augmented_world_model,drawer_contact_repair,nominal,in_distribution,0.700000,0.376100,0.243599,0.231448,0.088503,0.091551,0.101257,0.039624,0.193796,0.202477,0.209044,0.116208,0.101054,0.001928,0.001044,0.001123,0.000648,0.000884,0.000560,0.000772,0.000916,0.001028,0.001207,0.100651,80
data_augmented_world_model,drawer_contact_repair,nominal,long_horizon,0.637500,0.363579,0.268858,0.263022,0.099665,0.093260,0.110784,0.047893,0.212458,0.225352,0.229751,-0.029391,0.106008,0.002194,0.001085,0.001133,0.000644,0.000901,0.000625,0.000932,0.000809,0.001091,0.001084,0.106269,80
data_augmented_world_model,drawer_contact_repair,nominal,sparse_observation,0.437500,0.337087,0.277632,0.263486,0.102808,0.097693,0.120371,0.059745,0.218688,0.238661,0.237046,-0.262996,0.109394,0.002172,0.001149,0.001278,0.000605,0.000928,0.000613,0.000925,0.000900,0.001073,0.001042,0.109472,80
data_augmented_world_model,drawer_contact_repair,occlusion_persistence,combined_stress,0.300000,0.227513,0.341897,0.318669,0.123464,0.106458,0.139112,0.075565,0.259272,0.286317,0.280670,-0.603494,0.101054,0.002093,0.001092,0.001266,0.000693,0.000924,0.000680,0.000876,0.000844,0.001037,0.000947,0.101220,80
data_augmented_world_model,drawer_contact_repair,occlusion_persistence,hidden_mechanism,0.412500,0.239980,0.313458,0.289274,0.110934,0.105434,0.130731,0.067654,0.238664,0.262226,0.259225,-0.404903,0.108557,0.002066,0.001016,0.001090,0.000539,0.000829,0.000680,0.000800,0.000914,0.001181,0.001100,0.108598,80
data_augmented_world_model,drawer_contact_repair,occlusion_persistence,in_distribution,0.475000,0.254244,0.295264,0.273544,0.105166,0.102085,0.122954,0.060978,0.226808,0.246181,0.245505,-0.288362,0.110121,0.002013,0.001164,0.000971,0.000721,0.000894,0.000718,0.000739,0.001003,0.001252,0.001203,0.110100,80
data_augmented_world_model,drawer_contact_repair,occlusion_persistence,long_horizon,0.312500,0.243682,0.322023,0.304346,0.114733,0.104761,0.133062,0.068983,0.245423,0.269089,0.265793,-0.532918,0.102212,0.002280,0.001131,0.000968,0.000666,0.000929,0.000615,0.000888,0.000912,0.001098,0.001134,0.102177,80
data_augmented_world_model,drawer_contact_repair,occlusion_persistence,sparse_observation,0.450000,0.233230,0.323606,0.300534,0.115578,0.106343,0.136251,0.073282,0.247065,0.272959,0.268327,-0.402449,0.109706,0.002426,0.001130,0.001000,0.000643,0.000915,0.000554,0.000891,0.000822,0.000990,0.001080,0.109681,80
data_augmented_world_model,drawer_contact_repair,payload_shift,combined_stress,0.300000,0.212559,0.344251,0.319534,0.125466,0.106666,0.138438,0.072433,0.261858,0.286730,0.282699,-0.614249,0.101054,0.002431,0.000990,0.001078,0.000665,0.000929,0.000670,0.000850,0.000902,0.000986,0.001128,0.101242,80
data_augmented_world_model,drawer_contact_repair,payload_shift,hidden_mechanism,0.462500,0.239681,0.313795,0.287026,0.113343,0.102434,0.123775,0.057707,0.240619,0.257600,0.259334,-0.350696,0.109948,0.002237,0.001103,0.001096,0.000583,0.000929,0.000782,0.000830,0.000808,0.001098,0.001102,0.109951,80
data_augmented_world_model,drawer_contact_repair,payload_shift,in_distribution,0.412500,0.254538,0.297528,0.270598,0.106903,0.100342,0.116397,0.049499,0.228319,0.242377,0.246310,-0.346978,0.108557,0.002348,0.001195,0.001033,0.000660,0.000792,0.000618,0.000852,0.001030,0.001304,0.001176,0.108579,80
data_augmented_world_model,drawer_contact_repair,payload_shift,long_horizon,0.450000,0.242674,0.322574,0.302457,0.117714,0.102059,0.125540,0.058119,0.246395,0.263351,0.265227,-0.391501,0.109706,0.001956,0.001104,0.001041,0.000697,0.000912,0.000714,0.000755,0.000933,0.001205,0.001113,0.109793,80
data_augmented_world_model,drawer_contact_repair,payload_shift,sparse_observation,0.250000,0.215124,0.331707,0.301500,0.121006,0.105102,0.134587,0.069776,0.253558,0.277149,0.274065,-0.624695,0.095487,0.002457,0.001148,0.001021,0.000642,0.000871,0.000614,0.000901,0.000863,0.001113,0.001009,0.095626,80
data_augmented_world_model,occluded_push_recovery,actuator_lag,combined_stress,0.312500,0.223549,0.348154,0.323791,0.125744,0.105943,0.139296,0.073228,0.263158,0.288463,0.285011,-0.606453,0.102212,0.002069,0.001111,0.001044,0.000504,0.000934,0.000726,0.001048,0.000931,0.001191,0.001100,0.102524,80
data_augmented_world_model,occluded_push_recovery,actuator_lag,hidden_mechanism,0.387500,0.250116,0.316648,0.289601,0.112302,0.102210,0.124356,0.057550,0.239744,0.257064,0.258760,-0.425345,0.107431,0.002120,0.001015,0.001188,0.000627,0.000844,0.000553,0.000832,0.000839,0.001010,0.001021,0.107746,80
data_augmented_world_model,occluded_push_recovery,actuator_lag,in_distribution,0.487500,0.264453,0.299657,0.273319,0.106804,0.100061,0.116093,0.050372,0.227977,0.241988,0.245739,-0.272292,0.110224,0.001924,0.001170,0.001182,0.000710,0.000881,0.000700,0.000873,0.000835,0.001133,0.001141,0.110005,80
data_augmented_world_model,occluded_push_recovery,actuator_lag,long_horizon,0.450000,0.252844,0.324192,0.303553,0.117221,0.100788,0.125769,0.058392,0.246411,0.263476,0.265647,-0.389675,0.109706,0.002051,0.001353,0.001060,0.000612,0.000861,0.000669,0.000826,0.000799,0.001057,0.001017,0.109517,80
data_augmented_world_model,occluded_push_recovery,actuator_lag,sparse_observation,0.287500,0.226445,0.334041,0.306296,0.120403,0.105253,0.135378,0.070014,0.254231,0.278298,0.275000,-0.589551,0.099805,0.001839,0.000989,0.001113,0.000621,0.000802,0.000565,0.000828,0.000899,0.001261,0.001221,0.100116,80
data_augmented_world_model,occluded_push_recovery,combined_hidden_mechanisms,combined_stress,0.162500,0.141424,0.376580,0.348527,0.132787,0.112401,0.149353,0.080527,0.279446,0.307518,0.302172,-0.856469,0.081351,0.002009,0.001035,0.000869,0.000688,0.000771,0.000658,0.000822,0.000898,0.001125,0.000996,0.081381,80
data_augmented_world_model,occluded_push_recovery,combined_hidden_mechanisms,hidden_mechanism,0.237500,0.151805,0.366071,0.326529,0.128279,0.110473,0.141571,0.074429,0.269645,0.295207,0.291856,-0.734106,0.093841,0.002087,0.001196,0.001149,0.000713,0.000909,0.000674,0.000829,0.000770,0.000998,0.000993,0.093761,80
data_augmented_world_model,occluded_push_recovery,combined_hidden_mechanisms,in_distribution,0.200000,0.164875,0.351095,0.312641,0.122774,0.107901,0.134811,0.066464,0.258793,0.280388,0.279628,-0.723811,0.088207,0.002425,0.001100,0.001178,0.000698,0.000865,0.000582,0.000912,0.000768,0.000961,0.000961,0.088164,80
data_augmented_world_model,occluded_push_recovery,combined_hidden_mechanisms,long_horizon,0.225000,0.154569,0.369865,0.340604,0.130909,0.110314,0.143495,0.074257,0.275263,0.300523,0.297698,-0.767449,0.092084,0.002066,0.001112,0.001134,0.000646,0.000847,0.000790,0.000933,0.000866,0.001021,0.001066,0.091922,80
data_augmented_world_model,occluded_push_recovery,combined_hidden_mechanisms,sparse_observation,0.150000,0.143120,0.372261,0.335347,0.131278,0.112131,0.146944,0.078425,0.274923,0.303166,0.297731,-0.847856,0.078740,0.002323,0.001002,0.000961,0.000658,0.000866,0.000663,0.000914,0.000672,0.001012,0.000958,0.078912,80
data_augmented_world_model,occluded_push_recovery,compliance_shift,combined_stress,0.425000,0.242738,0.339677,0.316071,0.123515,0.104661,0.137149,0.071503,0.258416,0.283066,0.280419,-0.466345,0.109011,0.002293,0.001096,0.001070,0.000657,0.000785,0.000577,0.000886,0.000862,0.001106,0.001159,0.108677,80
data_augmented_world_model,occluded_push_recovery,compliance_shift,hidden_mechanism,0.475000,0.273013,0.305502,0.281762,0.107912,0.100371,0.120762,0.055685,0.231537,0.247599,0.250231,-0.300963,0.110121,0.002217,0.001211,0.001101,0.000717,0.000975,0.000707,0.000983,0.000957,0.001296,0.001080,0.109938,80
data_augmented_world_model,occluded_push_recovery,compliance_shift,in_distribution,0.525000,0.286559,0.288491,0.265867,0.102180,0.097500,0.114053,0.047565,0.219644,0.232413,0.237413,-0.198570,0.110121,0.002395,0.001117,0.001158,0.000622,0.000836,0.000705,0.000893,0.000837,0.001092,0.001128,0.110214,80
data_augmented_world_model,occluded_push_recovery,compliance_shift,long_horizon,0.425000,0.272812,0.312861,0.296576,0.112704,0.100135,0.122728,0.056459,0.238612,0.255775,0.257612,-0.380061,0.109011,0.002040,0.000996,0.001008,0.000659,0.000933,0.000638,0.000814,0.000788,0.001205,0.001104,0.108874,80
data_augmented_world_model,occluded_push_recovery,compliance_shift,sparse_observation,0.337500,0.249255,0.321936,0.297434,0.115899,0.103989,0.132253,0.068889,0.245457,0.268467,0.266001,-0.501111,0.104273,0.002126,0.001023,0.001120,0.000688,0.000854,0.000550,0.001003,0.000835,0.001020,0.000996,0.104193,80
data_augmented_world_model,occluded_push_recovery,contact_mode_flip,combined_stress,0.287500,0.202505,0.360798,0.335108,0.128633,0.108063,0.143272,0.076851,0.268368,0.295366,0.290830,-0.668943,0.099805,0.002566,0.000923,0.001165,0.000629,0.000849,0.000684,0.000897,0.000873,0.001100,0.001100,0.099644,80
data_augmented_world_model,occluded_push_recovery,contact_mode_flip,hidden_mechanism,0.475000,0.229465,0.327873,0.298509,0.114877,0.104263,0.127985,0.061061,0.243842,0.262711,0.262908,-0.370744,0.110121,0.001979,0.001024,0.001056,0.000602,0.000866,0.000661,0.000859,0.001016,0.001180,0.001258,0.110284,80
data_augmented_world_model,occluded_push_recovery,contact_mode_flip,in_distribution,0.500000,0.245652,0.311642,0.282638,0.107084,0.101076,0.119835,0.053638,0.231119,0.246307,0.249227,-0.289762,0.110259,0.002048,0.001230,0.001146,0.000606,0.000927,0.000679,0.000859,0.000930,0.001244,0.001283,0.110179,80
data_augmented_world_model,occluded_push_recovery,contact_mode_flip,long_horizon,0.462500,0.234222,0.335444,0.314531,0.118269,0.104209,0.129355,0.061445,0.251163,0.269932,0.270955,-0.410138,0.109948,0.002141,0.001062,0.000999,0.000760,0.000863,0.000630,0.000968,0.000948,0.001126,0.001240,0.109773,80
data_augmented_world_model,occluded_push_recovery,contact_mode_flip,sparse_observation,0.300000,0.207694,0.344793,0.315173,0.121817,0.107446,0.139532,0.073886,0.257203,0.283200,0.279237,-0.607306,0.101054,0.002467,0.000997,0.000986,0.000709,0.000905,0.000667,0.000870,0.000919,0.001149,0.001149,0.100901,80
data_augmented_world_model,occluded_push_recovery,friction_shift,combined_stress,0.350000,0.263299,0.329444,0.310180,0.120346,0.103067,0.134052,0.069455,0.251715,0.275218,0.272271,-0.510167,0.105180,0.002289,0.001246,0.000935,0.000676,0.000872,0.000642,0.000819,0.000847,0.001179,0.001105,0.105173,80
data_augmented_world_model,occluded_push_recovery,friction_shift,hidden_mechanism,0.475000,0.289377,0.294935,0.273880,0.104463,0.099386,0.118120,0.053643,0.225327,0.241879,0.243007,-0.269803,0.110121,0.002416,0.001264,0.001210,0.000707,0.000935,0.000666,0.000954,0.001022,0.001254,0.001305,0.110406,80
data_augmented_world_model,occluded_push_recovery,friction_shift,in_distribution,0.600000,0.305201,0.278423,0.258777,0.098582,0.096443,0.110615,0.045463,0.214563,0.226546,0.232288,-0.092816,0.108031,0.002208,0.001058,0.001172,0.000614,0.000896,0.000686,0.000889,0.000768,0.000877,0.001098,0.107761,80
data_augmented_world_model,occluded_push_recovery,friction_shift,long_horizon,0.575000,0.294397,0.301629,0.290167,0.108623,0.097550,0.120428,0.053212,0.232670,0.248342,0.251298,-0.196636,0.109011,0.002344,0.001074,0.001007,0.000584,0.000838,0.000664,0.001007,0.000954,0.001046,0.001226,0.108868,80
data_augmented_world_model,occluded_push_recovery,friction_shift,sparse_observation,0.312500,0.267082,0.310023,0.289900,0.112592,0.102291,0.129676,0.066134,0.239371,0.261998,0.259177,-0.493392,0.102212,0.002395,0.000961,0.001137,0.000579,0.000912,0.000736,0.000919,0.000947,0.001326,0.001083,0.101770,80
data_augmented_world_model,occluded_push_recovery,nominal,combined_stress,0.375000,0.324371,0.303526,0.289824,0.111342,0.098974,0.126530,0.065216,0.236044,0.257738,0.256069,-0.399059,0.106757,0.001963,0.001063,0.001145,0.000687,0.000831,0.000629,0.000938,0.000906,0.001121,0.001130,0.106897,80
data_augmented_world_model,occluded_push_recovery,nominal,hidden_mechanism,0.575000,0.352800,0.270382,0.255163,0.096526,0.094897,0.110025,0.047888,0.210545,0.223662,0.227020,-0.086388,0.109011,0.002351,0.001057,0.001150,0.000619,0.000858,0.000656,0.000975,0.000861,0.001104,0.001103,0.109362,80
data_augmented_world_model,occluded_push_recovery,nominal,in_distribution,0.650000,0.366733,0.253751,0.238713,0.089594,0.093080,0.103133,0.041114,0.198784,0.207931,0.214290,0.041908,0.105180,0.002605,0.001216,0.001059,0.000672,0.000958,0.000644,0.000819,0.000910,0.001004,0.001145,0.105425,80
data_augmented_world_model,occluded_push_recovery,nominal,long_horizon,0.575000,0.355445,0.277591,0.270100,0.101046,0.094586,0.112641,0.048988,0.216476,0.230131,0.233502,-0.113853,0.109011,0.001999,0.001096,0.001115,0.000552,0.000861,0.000670,0.001019,0.000782,0.001050,0.001100,0.109225,80
data_augmented_world_model,occluded_push_recovery,nominal,sparse_observation,0.437500,0.329585,0.286167,0.270734,0.104490,0.098525,0.122204,0.061829,0.223357,0.244027,0.241561,-0.285465,0.109394,0.002176,0.000954,0.001154,0.000700,0.000830,0.000571,0.000941,0.000903,0.001047,0.001174,0.109553,80
data_augmented_world_model,occluded_push_recovery,occlusion_persistence,combined_stress,0.287500,0.221056,0.350475,0.326030,0.125244,0.107862,0.141648,0.076637,0.263108,0.290296,0.285272,-0.638153,0.099805,0.002250,0.000954,0.001254,0.000718,0.001018,0.000649,0.000752,0.000860,0.001230,0.001108,0.099981,80
data_augmented_world_model,occluded_push_recovery,occlusion_persistence,hidden_mechanism,0.337500,0.232806,0.321738,0.297805,0.112323,0.104827,0.133244,0.068807,0.242944,0.266915,0.263254,-0.502217,0.104273,0.002173,0.001091,0.001152,0.000769,0.000972,0.000681,0.000808,0.000975,0.001139,0.001153,0.104104,80
data_augmented_world_model,occluded_push_recovery,occlusion_persistence,in_distribution,0.400000,0.246707,0.304609,0.280976,0.106290,0.102625,0.125349,0.062193,0.231449,0.251287,0.250639,-0.386168,0.108031,0.002309,0.001055,0.001180,0.000630,0.000829,0.000670,0.000884,0.000780,0.001073,0.000945,0.107681,80
data_augmented_world_model,occluded_push_recovery,occlusion_persistence,long_horizon,0.287500,0.233903,0.330245,0.312655,0.117078,0.104375,0.134589,0.069350,0.249399,0.273441,0.270608,-0.581077,0.099805,0.001915,0.001109,0.001063,0.000657,0.000896,0.000731,0.000712,0.000829,0.000993,0.000938,0.099596,80
data_augmented_world_model,occluded_push_recovery,occlusion_persistence,sparse_observation,0.362500,0.225663,0.333390,0.307329,0.117916,0.108003,0.137839,0.074413,0.251287,0.277740,0.272290,-0.513564,0.106008,0.002023,0.001177,0.001158,0.000585,0.000891,0.000605,0.000777,0.000949,0.001296,0.001153,0.106110,80
data_augmented_world_model,occluded_push_recovery,payload_shift,combined_stress,0.275000,0.205648,0.353177,0.327295,0.127137,0.107340,0.141074,0.074228,0.266626,0.291808,0.288228,-0.662655,0.098464,0.002531,0.001088,0.001102,0.000586,0.000750,0.000587,0.000806,0.000825,0.001123,0.000977,0.098436,80
data_augmented_world_model,occluded_push_recovery,payload_shift,hidden_mechanism,0.350000,0.233402,0.323575,0.294682,0.115516,0.102543,0.125552,0.059287,0.243979,0.261558,0.263414,-0.486042,0.105180,0.002128,0.001034,0.000912,0.000684,0.000946,0.000576,0.000911,0.000783,0.001018,0.001060,0.105185,80
data_augmented_world_model,occluded_push_recovery,payload_shift,in_distribution,0.475000,0.247338,0.306214,0.278224,0.108404,0.100465,0.118907,0.050924,0.231444,0.245887,0.249049,-0.306119,0.110121,0.002268,0.001065,0.001076,0.000682,0.000893,0.000664,0.000773,0.000920,0.001142,0.001096,0.110297,80
data_augmented_world_model,occluded_push_recovery,payload_shift,long_horizon,0.412500,0.233059,0.330737,0.309405,0.119041,0.102211,0.127679,0.058805,0.251312,0.268534,0.270899,-0.451077,0.108557,0.001967,0.001035,0.001190,0.000650,0.000818,0.000650,0.001017,0.000791,0.001135,0.000996,0.108638,80
data_augmented_world_model,occluded_push_recovery,payload_shift,sparse_observation,0.275000,0.210983,0.339671,0.309458,0.122459,0.105773,0.137061,0.071505,0.256932,0.281458,0.277615,-0.620205,0.098464,0.002257,0.001202,0.001087,0.000668,0.000964,0.000657,0.000891,0.000887,0.001095,0.001081,0.098649,80
data_augmented_world_model,payload_handover,actuator_lag,combined_stress,0.362500,0.228340,0.342117,0.318612,0.124472,0.106747,0.138779,0.073278,0.260796,0.286813,0.282299,-0.542356,0.106008,0.002454,0.001164,0.001125,0.000690,0.000861,0.000668,0.000941,0.000784,0.001084,0.000920,0.105894,80
data_augmented_world_model,payload_handover,actuator_lag,hidden_mechanism,0.425000,0.256142,0.311418,0.284884,0.112435,0.102149,0.122872,0.057122,0.237449,0.254781,0.255907,-0.375069,0.109011,0.002076,0.001030,0.001221,0.000563,0.000909,0.000635,0.000956,0.000822,0.001097,0.001124,0.109325,80
data_augmented_world_model,payload_handover,actuator_lag,in_distribution,0.425000,0.268439,0.295996,0.269434,0.105148,0.100502,0.115638,0.049018,0.225751,0.238984,0.243637,-0.323490,0.109011,0.002161,0.001042,0.000942,0.000659,0.000956,0.000659,0.000857,0.000877,0.001130,0.000996,0.109217,80
data_augmented_world_model,payload_handover,actuator_lag,long_horizon,0.387500,0.258151,0.319916,0.300828,0.116258,0.102046,0.124926,0.058047,0.244481,0.260750,0.263134,-0.441920,0.107431,0.002087,0.000974,0.000910,0.000573,0.000998,0.000687,0.000833,0.000914,0.001037,0.001075,0.107268,80
data_augmented_world_model,payload_handover,actuator_lag,sparse_observation,0.462500,0.230258,0.328687,0.300660,0.119593,0.106368,0.134302,0.070138,0.251788,0.276503,0.272355,-0.401297,0.109948,0.002065,0.001197,0.001060,0.000739,0.000890,0.000746,0.000899,0.000829,0.001074,0.001052,0.109763,80
data_augmented_world_model,payload_handover,combined_hidden_mechanisms,combined_stress,0.200000,0.143088,0.377691,0.348183,0.132357,0.112218,0.148794,0.080245,0.279505,0.308451,0.301802,-0.818331,0.088207,0.002128,0.001166,0.001045,0.000608,0.000788,0.000600,0.000927,0.001010,0.001302,0.001300,0.088142,80
data_augmented_world_model,payload_handover,combined_hidden_mechanisms,hidden_mechanism,0.237500,0.154030,0.364013,0.325131,0.128280,0.111511,0.141625,0.073522,0.268757,0.293503,0.290579,-0.729959,0.093841,0.002367,0.001090,0.001012,0.000688,0.000819,0.000779,0.000782,0.000883,0.001155,0.001008,0.093629,80
data_augmented_world_model,payload_handover,combined_hidden_mechanisms,in_distribution,0.275000,0.168606,0.345281,0.308244,0.121262,0.109311,0.134145,0.066416,0.257759,0.279284,0.278455,-0.636568,0.098464,0.002134,0.001031,0.001080,0.000698,0.000835,0.000579,0.000853,0.000809,0.001086,0.001001,0.098645,80
data_augmented_world_model,payload_handover,combined_hidden_mechanisms,long_horizon,0.300000,0.158633,0.370024,0.339534,0.130563,0.110232,0.143443,0.073499,0.273864,0.299090,0.295882,-0.688916,0.101054,0.002038,0.001131,0.001128,0.000645,0.000871,0.000677,0.000895,0.000867,0.001101,0.001034,0.100866,80
data_augmented_world_model,payload_handover,combined_hidden_mechanisms,sparse_observation,0.237500,0.145513,0.371783,0.335034,0.131199,0.113088,0.146996,0.079991,0.273930,0.301519,0.296110,-0.758769,0.093841,0.002097,0.000985,0.001122,0.000554,0.000756,0.000708,0.000864,0.000833,0.001190,0.001011,0.093924,80
data_augmented_world_model,payload_handover,compliance_shift,combined_stress,0.300000,0.249869,0.334523,0.312410,0.122762,0.104877,0.135917,0.070851,0.255714,0.280315,0.276322,-0.578071,0.101054,0.002101,0.000901,0.001046,0.000591,0.000889,0.000656,0.000954,0.000951,0.001254,0.001139,0.100909,80
data_augmented_world_model,payload_handover,compliance_shift,hidden_mechanism,0.462500,0.273671,0.300297,0.277508,0.107007,0.099607,0.119956,0.054510,0.229980,0.246208,0.248096,-0.302286,0.109948,0.001975,0.001082,0.001009,0.000560,0.000861,0.000693,0.000910,0.000857,0.000999,0.001128,0.109970,80
data_augmented_world_model,payload_handover,compliance_shift,in_distribution,0.537500,0.291318,0.283065,0.262226,0.100455,0.097729,0.112124,0.047902,0.218473,0.230337,0.235821,-0.173155,0.109948,0.002314,0.001128,0.001122,0.000599,0.000821,0.000688,0.000833,0.000877,0.001197,0.001077,0.109805,80
data_augmented_world_model,payload_handover,compliance_shift,long_horizon,0.412500,0.278420,0.307907,0.293901,0.111673,0.100050,0.122287,0.055890,0.236404,0.253204,0.255043,-0.381137,0.108557,0.002274,0.001138,0.001140,0.000548,0.000858,0.000652,0.000764,0.000944,0.001239,0.001151,0.109158,80
data_augmented_world_model,payload_handover,compliance_shift,sparse_observation,0.475000,0.252508,0.316982,0.293634,0.114894,0.103642,0.131258,0.067762,0.243091,0.266805,0.263185,-0.351546,0.110121,0.002163,0.001173,0.000859,0.000707,0.000930,0.000718,0.000839,0.000840,0.001057,0.001187,0.110044,80
data_augmented_world_model,payload_handover,contact_mode_flip,combined_stress,0.362500,0.207229,0.356668,0.328738,0.127485,0.108767,0.142340,0.077141,0.267030,0.293320,0.288976,-0.581272,0.106008,0.002185,0.001096,0.001114,0.000638,0.000951,0.000726,0.000970,0.000905,0.001189,0.001130,0.105993,80
data_augmented_world_model,payload_handover,contact_mode_flip,hidden_mechanism,0.462500,0.237005,0.322627,0.294600,0.113033,0.103876,0.126859,0.061048,0.242528,0.260954,0.262671,-0.369302,0.109948,0.002273,0.001210,0.001212,0.000678,0.000857,0.000625,0.000943,0.000927,0.001176,0.001207,0.110030,80
data_augmented_world_model,payload_handover,contact_mode_flip,in_distribution,0.450000,0.249021,0.306679,0.278578,0.107019,0.102334,0.119221,0.053526,0.229985,0.245023,0.247738,-0.330113,0.109706,0.002185,0.001108,0.001154,0.000674,0.000929,0.000620,0.000888,0.000833,0.001075,0.001096,0.109860,80
data_augmented_world_model,payload_handover,contact_mode_flip,long_horizon,0.475000,0.237392,0.329689,0.311073,0.117199,0.104151,0.128543,0.060758,0.249681,0.268097,0.270152,-0.385903,0.110121,0.002114,0.000983,0.001049,0.000601,0.000798,0.000612,0.000746,0.000935,0.001202,0.001194,0.110051,80
data_augmented_world_model,payload_handover,contact_mode_flip,sparse_observation,0.387500,0.213411,0.339429,0.311483,0.120102,0.108266,0.137716,0.073142,0.255308,0.280667,0.277291,-0.506151,0.107431,0.002457,0.001102,0.001075,0.000603,0.000787,0.000639,0.000858,0.000890,0.001102,0.001108,0.107710,80
data_augmented_world_model,payload_handover,friction_shift,combined_stress,0.262500,0.266691,0.325129,0.305347,0.118760,0.103483,0.133388,0.069375,0.249809,0.273591,0.270496,-0.585639,0.097026,0.002057,0.001098,0.001093,0.000569,0.000938,0.000673,0.000850,0.000871,0.001204,0.001162,0.097047,80
data_augmented_world_model,payload_handover,friction_shift,hidden_mechanism,0.462500,0.293078,0.290408,0.270944,0.104294,0.098660,0.116930,0.053603,0.223616,0.239286,0.241284,-0.272449,0.109948,0.001940,0.001068,0.001124,0.000714,0.000893,0.000687,0.000843,0.000825,0.001029,0.001046,0.109986,80
data_augmented_world_model,payload_handover,friction_shift,in_distribution,0.625000,0.308992,0.274521,0.254023,0.097531,0.096756,0.109573,0.045502,0.211881,0.222882,0.229589,-0.055948,0.106757,0.001980,0.001110,0.001084,0.000720,0.000795,0.000732,0.000945,0.000834,0.001102,0.001017,0.107074,80
data_augmented_world_model,payload_handover,friction_shift,long_horizon,0.475000,0.297690,0.298405,0.285948,0.108273,0.098527,0.119173,0.053624,0.231281,0.246868,0.250327,-0.287700,0.110121,0.002238,0.000939,0.001024,0.000620,0.000938,0.000723,0.000917,0.000705,0.000993,0.001078,0.110117,80
data_augmented_world_model,payload_handover,friction_shift,sparse_observation,0.462500,0.272301,0.307339,0.286967,0.112176,0.102290,0.128605,0.066259,0.237000,0.258985,0.256640,-0.334354,0.109948,0.002200,0.001054,0.001063,0.000512,0.000833,0.000628,0.000872,0.000868,0.001071,0.001061,0.109521,80
data_augmented_world_model,payload_handover,nominal,combined_stress,0.562500,0.330195,0.298966,0.285928,0.110644,0.099404,0.126062,0.063302,0.234967,0.256851,0.254531,-0.200417,0.109394,0.002154,0.001146,0.000975,0.000633,0.000816,0.000639,0.000989,0.000919,0.001239,0.001162,0.109495,80
data_augmented_world_model,payload_handover,nominal,hidden_mechanism,0.612500,0.358502,0.264090,0.251214,0.096377,0.094857,0.110215,0.048542,0.208132,0.221111,0.225111,-0.036600,0.107431,0.002101,0.001072,0.000989,0.000703,0.000851,0.000613,0.000802,0.000949,0.001144,0.001148,0.107518,80
data_augmented_world_model,payload_handover,nominal,in_distribution,0.650000,0.371958,0.247562,0.234389,0.089316,0.092919,0.102454,0.040741,0.196182,0.205534,0.211746,0.055197,0.105180,0.002394,0.001171,0.001004,0.000670,0.000832,0.000704,0.000928,0.000855,0.001058,0.000999,0.104985,80
data_augmented_world_model,payload_handover,nominal,long_horizon,0.537500,0.359222,0.272574,0.266212,0.100109,0.093842,0.111914,0.048477,0.214771,0.227981,0.231701,-0.139628,0.109948,0.002108,0.001078,0.000937,0.000663,0.000840,0.000600,0.000826,0.000924,0.001243,0.001203,0.109752,80
data_augmented_world_model,payload_handover,nominal,sparse_observation,0.612500,0.334097,0.281548,0.266573,0.102743,0.098572,0.120843,0.061551,0.221057,0.241152,0.239661,-0.097352,0.107431,0.002257,0.001008,0.001185,0.000728,0.001034,0.000590,0.000816,0.000987,0.001244,0.001217,0.107707,80
data_augmented_world_model,payload_handover,occlusion_persistence,combined_stress,0.337500,0.225390,0.344292,0.320726,0.125013,0.107010,0.140201,0.075574,0.261080,0.288158,0.282663,-0.574063,0.104273,0.002107,0.001094,0.001108,0.000654,0.000953,0.000680,0.000875,0.000905,0.001096,0.001132,0.104308,80
data_augmented_world_model,payload_handover,occlusion_persistence,hidden_mechanism,0.500000,0.238973,0.318301,0.292631,0.112152,0.105094,0.131714,0.068251,0.240840,0.263816,0.261006,-0.328040,0.110259,0.002065,0.001055,0.000938,0.000657,0.000750,0.000656,0.000902,0.000797,0.000971,0.001014,0.110265,80
data_augmented_world_model,payload_handover,occlusion_persistence,in_distribution,0.512500,0.249794,0.300996,0.276445,0.105479,0.104215,0.125208,0.060860,0.228551,0.248280,0.247583,-0.263188,0.110224,0.002222,0.001183,0.000958,0.000604,0.000906,0.000556,0.000957,0.000847,0.001121,0.001088,0.110007,80
data_augmented_world_model,payload_handover,occlusion_persistence,long_horizon,0.350000,0.237553,0.324957,0.309558,0.116122,0.105619,0.134399,0.069320,0.247320,0.270779,0.267636,-0.507986,0.105180,0.002044,0.001232,0.001109,0.000705,0.000880,0.000640,0.000977,0.000835,0.001063,0.001247,0.105264,80
data_augmented_world_model,payload_handover,occlusion_persistence,sparse_observation,0.312500,0.226972,0.328617,0.303391,0.117579,0.106764,0.136708,0.073258,0.248982,0.275558,0.270432,-0.552612,0.102212,0.002328,0.001044,0.001059,0.000661,0.000876,0.000590,0.000736,0.000810,0.001012,0.001011,0.102209,80
data_augmented_world_model,payload_handover,payload_shift,combined_stress,0.312500,0.209538,0.348346,0.323610,0.126478,0.106895,0.140288,0.073335,0.264427,0.290519,0.286011,-0.613677,0.102212,0.002203,0.001102,0.001122,0.000750,0.000915,0.000704,0.000882,0.000837,0.001043,0.001142,0.102317,80
data_augmented_world_model,payload_handover,payload_shift,hidden_mechanism,0.337500,0.235901,0.318560,0.289927,0.114664,0.102744,0.124348,0.058398,0.241559,0.258426,0.260473,-0.486158,0.104273,0.002175,0.000993,0.001071,0.000618,0.000856,0.000593,0.000837,0.000934,0.001068,0.001158,0.104469,80
data_augmented_world_model,payload_handover,payload_shift,in_distribution,0.462500,0.249268,0.300917,0.274238,0.107625,0.099920,0.117054,0.051570,0.230202,0.243678,0.247945,-0.307333,0.109948,0.002411,0.001244,0.001221,0.000549,0.000886,0.000713,0.000857,0.000850,0.001127,0.001112,0.109655,80
data_augmented_world_model,payload_handover,payload_shift,long_horizon,0.400000,0.238052,0.326553,0.305717,0.118960,0.102033,0.125935,0.058775,0.249160,0.266536,0.268890,-0.452690,0.108031,0.002140,0.001269,0.001138,0.000662,0.000850,0.000713,0.000861,0.000860,0.001091,0.001116,0.108124,80
data_augmented_world_model,payload_handover,payload_shift,sparse_observation,0.362500,0.213478,0.334411,0.306335,0.121528,0.106749,0.135494,0.070543,0.255771,0.280631,0.276651,-0.522115,0.106008,0.002245,0.001186,0.001127,0.000733,0.000972,0.000566,0.000855,0.000930,0.001163,0.001222,0.105835,80
data_augmented_world_model,peg_insert_with_lag,actuator_lag,combined_stress,0.350000,0.222415,0.348504,0.323968,0.126608,0.108959,0.140514,0.074102,0.264675,0.291015,0.286368,-0.573414,0.105180,0.001916,0.000975,0.001183,0.000586,0.000965,0.000575,0.000923,0.000884,0.001136,0.001148,0.105561,80
data_augmented_world_model,peg_insert_with_lag,actuator_lag,hidden_mechanism,0.375000,0.247313,0.316665,0.289531,0.113770,0.103724,0.124598,0.057884,0.241220,0.258867,0.260089,-0.441896,0.106757,0.001993,0.001028,0.001091,0.000754,0.000807,0.000630,0.000719,0.000862,0.001176,0.001042,0.107057,80
data_augmented_world_model,peg_insert_with_lag,actuator_lag,in_distribution,0.412500,0.262599,0.301137,0.272541,0.107239,0.101917,0.117287,0.050803,0.229401,0.244080,0.247467,-0.351334,0.108557,0.002037,0.001095,0.001033,0.000666,0.000937,0.000691,0.000814,0.000809,0.001040,0.001054,0.108703,80
data_augmented_world_model,peg_insert_with_lag,actuator_lag,long_horizon,0.387500,0.252441,0.324932,0.303649,0.117295,0.104122,0.126642,0.059593,0.247341,0.265173,0.266780,-0.455454,0.107431,0.001891,0.001076,0.001100,0.000767,0.000915,0.000608,0.000916,0.000967,0.001157,0.001118,0.107786,80
data_augmented_world_model,peg_insert_with_lag,actuator_lag,sparse_observation,0.400000,0.227808,0.333382,0.306177,0.120778,0.107410,0.136258,0.071910,0.254420,0.279267,0.275026,-0.477904,0.108031,0.002420,0.001258,0.000970,0.000648,0.000857,0.000651,0.000953,0.000923,0.001104,0.001054,0.108197,80
data_augmented_world_model,peg_insert_with_lag,combined_hidden_mechanisms,combined_stress,0.300000,0.142217,0.379841,0.349624,0.133768,0.115106,0.149949,0.080641,0.281161,0.309909,0.304222,-0.725839,0.101054,0.002358,0.001139,0.001134,0.000686,0.000827,0.000672,0.000971,0.000978,0.001234,0.001165,0.100830,80
data_augmented_world_model,peg_insert_with_lag,combined_hidden_mechanisms,hidden_mechanism,0.325000,0.150398,0.367559,0.328701,0.128429,0.112935,0.142792,0.074236,0.271466,0.297267,0.293585,-0.652830,0.103285,0.002363,0.001068,0.001141,0.000628,0.000818,0.000688,0.000812,0.000823,0.001071,0.001033,0.103267,80
data_augmented_world_model,peg_insert_with_lag,combined_hidden_mechanisms,in_distribution,0.262500,0.165106,0.352629,0.313709,0.122527,0.110249,0.135891,0.066646,0.260866,0.281834,0.281982,-0.665869,0.097026,0.002341,0.001115,0.001109,0.000587,0.000819,0.000577,0.000873,0.000889,0.001137,0.001092,0.096881,80
data_augmented_world_model,peg_insert_with_lag,combined_hidden_mechanisms,long_horizon,0.162500,0.152255,0.374407,0.342878,0.131802,0.113624,0.144791,0.075271,0.276302,0.302235,0.298754,-0.840187,0.081351,0.002320,0.001113,0.001008,0.000641,0.000970,0.000670,0.001020,0.000880,0.001133,0.001029,0.081299,80
data_augmented_world_model,peg_insert_with_lag,combined_hidden_mechanisms,sparse_observation,0.225000,0.139493,0.374437,0.338276,0.131984,0.114717,0.147968,0.080454,0.277146,0.304657,0.299724,-0.782275,0.092084,0.002306,0.001057,0.001257,0.000673,0.000890,0.000674,0.000846,0.000819,0.001063,0.000933,0.092235,80
data_augmented_world_model,peg_insert_with_lag,compliance_shift,combined_stress,0.375000,0.245836,0.339309,0.317859,0.123871,0.107447,0.137059,0.072046,0.258250,0.283033,0.279243,-0.517510,0.106757,0.002508,0.001061,0.001085,0.000551,0.000815,0.000659,0.000921,0.000868,0.001092,0.001091,0.106879,80
data_augmented_world_model,peg_insert_with_lag,compliance_shift,hidden_mechanism,0.437500,0.272439,0.304491,0.280371,0.108653,0.102675,0.121740,0.055943,0.233167,0.250050,0.251724,-0.339736,0.109394,0.001839,0.001130,0.001241,0.000719,0.000814,0.000719,0.000735,0.000972,0.001170,0.001197,0.109424,80
data_augmented_world_model,peg_insert_with_lag,compliance_shift,in_distribution,0.475000,0.287060,0.287822,0.266769,0.102538,0.100676,0.114129,0.047900,0.221200,0.233972,0.238712,-0.250921,0.110121,0.002069,0.001110,0.000973,0.000753,0.000825,0.000653,0.000777,0.000869,0.001060,0.001057,0.110227,80
data_augmented_world_model,peg_insert_with_lag,compliance_shift,long_horizon,0.512500,0.272975,0.313683,0.297369,0.112348,0.101987,0.123322,0.057002,0.239362,0.256269,0.258452,-0.294972,0.110224,0.002086,0.001085,0.001028,0.000575,0.000850,0.000712,0.000773,0.000850,0.001033,0.000953,0.109889,80
data_augmented_world_model,peg_insert_with_lag,compliance_shift,sparse_observation,0.362500,0.249438,0.321638,0.296577,0.116112,0.106518,0.132312,0.068451,0.246145,0.269558,0.267094,-0.476472,0.106008,0.002119,0.001089,0.001083,0.000635,0.000903,0.000646,0.001006,0.000863,0.001164,0.001063,0.106239,80
data_augmented_world_model,peg_insert_with_lag,contact_mode_flip,combined_stress,0.312500,0.201848,0.360854,0.334268,0.128594,0.110813,0.143550,0.076866,0.269963,0.297305,0.292294,-0.645521,0.102212,0.002350,0.001065,0.001219,0.000722,0.000880,0.000657,0.000801,0.000876,0.001195,0.001208,0.102661,80
data_augmented_world_model,peg_insert_with_lag,contact_mode_flip,hidden_mechanism,0.362500,0.231999,0.327912,0.299097,0.114321,0.106880,0.128095,0.061644,0.245292,0.264703,0.264900,-0.484183,0.106008,0.002120,0.001204,0.001079,0.000758,0.000946,0.000680,0.000783,0.000726,0.000860,0.001019,0.106341,80
data_augmented_world_model,peg_insert_with_lag,contact_mode_flip,in_distribution,0.500000,0.245238,0.310389,0.281866,0.108269,0.104512,0.120156,0.054256,0.232738,0.247880,0.251891,-0.291756,0.110259,0.002339,0.001202,0.001036,0.000636,0.000848,0.000729,0.000912,0.000959,0.001120,0.001150,0.110158,80
data_augmented_world_model,peg_insert_with_lag,contact_mode_flip,long_horizon,0.400000,0.232609,0.335003,0.315785,0.118332,0.106913,0.130062,0.062123,0.250503,0.270059,0.270529,-0.474730,0.108031,0.002167,0.000983,0.001076,0.000645,0.000918,0.000620,0.000858,0.000930,0.001114,0.001072,0.108004,80
data_augmented_world_model,peg_insert_with_lag,contact_mode_flip,sparse_observation,0.375000,0.207546,0.344272,0.316486,0.122055,0.110724,0.139129,0.074178,0.257549,0.283377,0.279021,-0.534196,0.106757,0.002451,0.001143,0.001236,0.000663,0.000815,0.000677,0.000915,0.000887,0.001109,0.001032,0.106846,80
data_augmented_world_model,peg_insert_with_lag,friction_shift,combined_stress,0.337500,0.264814,0.329594,0.309408,0.120046,0.105264,0.134329,0.069523,0.253547,0.277708,0.274564,-0.523367,0.104273,0.002401,0.001072,0.001062,0.000599,0.000927,0.000630,0.000778,0.000884,0.001121,0.001080,0.104329,80
data_augmented_world_model,peg_insert_with_lag,friction_shift,hidden_mechanism,0.500000,0.290326,0.295508,0.275024,0.105502,0.101784,0.118683,0.055012,0.227880,0.243674,0.246045,-0.249922,0.110259,0.002263,0.000980,0.000969,0.000645,0.000926,0.000689,0.001028,0.000888,0.001020,0.001027,0.110065,80
data_augmented_world_model,peg_insert_with_lag,friction_shift,in_distribution,0.487500,0.302761,0.278095,0.258287,0.099023,0.099716,0.110744,0.046289,0.215283,0.227557,0.231652,-0.207602,0.110224,0.002142,0.001191,0.001095,0.000690,0.000799,0.000692,0.000888,0.000831,0.001033,0.000999,0.110316,80
data_augmented_world_model,peg_insert_with_lag,friction_shift,long_horizon,0.462500,0.293616,0.303905,0.291141,0.109584,0.100780,0.120581,0.055118,0.233302,0.248084,0.251640,-0.315100,0.109948,0.002412,0.001084,0.001036,0.000698,0.000782,0.000745,0.000852,0.000775,0.001041,0.001018,0.109529,80
data_augmented_world_model,peg_insert_with_lag,friction_shift,sparse_observation,0.512500,0.266961,0.311223,0.290241,0.112875,0.105065,0.130281,0.067272,0.240626,0.263856,0.260687,-0.297292,0.110224,0.002365,0.001167,0.001009,0.000659,0.000799,0.000585,0.000929,0.000926,0.001191,0.001198,0.110520,80
data_augmented_world_model,peg_insert_with_lag,nominal,combined_stress,0.400000,0.324075,0.304428,0.291057,0.112247,0.101679,0.127016,0.065032,0.236650,0.258597,0.255933,-0.378326,0.108031,0.002231,0.001198,0.001156,0.000622,0.000804,0.000760,0.000913,0.001022,0.001259,0.001309,0.108140,80
data_augmented_world_model,peg_insert_with_lag,nominal,hidden_mechanism,0.737500,0.351358,0.270355,0.254382,0.097554,0.097221,0.110894,0.048993,0.210587,0.224193,0.227871,0.073762,0.097026,0.002327,0.001017,0.000983,0.000613,0.000812,0.000734,0.000776,0.000914,0.001035,0.001155,0.097014,80
data_augmented_world_model,peg_insert_with_lag,nominal,in_distribution,0.737500,0.366984,0.252296,0.239367,0.090874,0.094898,0.103710,0.041158,0.199339,0.208953,0.215297,0.127757,0.097026,0.002375,0.000960,0.000982,0.000685,0.000845,0.000676,0.000905,0.000964,0.001096,0.001060,0.096725,80
data_augmented_world_model,peg_insert_with_lag,nominal,long_horizon,0.675000,0.355008,0.277276,0.270282,0.100758,0.096400,0.113601,0.049987,0.218630,0.231890,0.236039,-0.016192,0.103285,0.001970,0.001114,0.001141,0.000691,0.000869,0.000617,0.000923,0.000852,0.001020,0.001099,0.103052,80
data_augmented_world_model,peg_insert_with_lag,nominal,sparse_observation,0.462500,0.329725,0.285864,0.270187,0.104440,0.101152,0.122296,0.060947,0.224302,0.245142,0.242865,-0.260924,0.109948,0.002021,0.000954,0.001133,0.000717,0.000798,0.000624,0.000813,0.000911,0.001009,0.001201,0.110165,80
data_augmented_world_model,peg_insert_with_lag,occlusion_persistence,combined_stress,0.425000,0.221792,0.350579,0.326277,0.125980,0.109719,0.142517,0.076374,0.264722,0.292712,0.286911,-0.503471,0.109011,0.002235,0.001063,0.001078,0.000715,0.000867,0.000602,0.000788,0.000801,0.000968,0.001024,0.109034,80
data_augmented_world_model,peg_insert_with_lag,occlusion_persistence,hidden_mechanism,0.287500,0.232448,0.322341,0.297097,0.113435,0.107572,0.133383,0.070353,0.243545,0.267798,0.263984,-0.555101,0.099805,0.002216,0.001100,0.001210,0.000540,0.000934,0.000645,0.000862,0.000872,0.001081,0.000985,0.099848,80
data_augmented_world_model,peg_insert_with_lag,occlusion_persistence,in_distribution,0.475000,0.244452,0.304585,0.281737,0.106276,0.105881,0.126379,0.062388,0.232010,0.252195,0.251341,-0.314421,0.110121,0.002152,0.001104,0.001132,0.000674,0.001005,0.000787,0.000956,0.001002,0.001203,0.001159,0.110556,80
data_augmented_world_model,peg_insert_with_lag,occlusion_persistence,long_horizon,0.287500,0.231962,0.330633,0.311909,0.116924,0.107609,0.135287,0.069852,0.250787,0.274735,0.271462,-0.583686,0.099805,0.001999,0.001002,0.001213,0.000698,0.000898,0.000648,0.000960,0.000901,0.001254,0.001135,0.099826,80
data_augmented_world_model,peg_insert_with_lag,occlusion_persistence,sparse_observation,0.312500,0.224624,0.333227,0.308061,0.118118,0.109715,0.138733,0.073945,0.252422,0.278515,0.273965,-0.566178,0.102212,0.002020,0.001097,0.001127,0.000662,0.000899,0.000553,0.000763,0.000866,0.001058,0.001130,0.102309,80
data_augmented_world_model,peg_insert_with_lag,payload_shift,combined_stress,0.275000,0.203655,0.352799,0.328146,0.127940,0.109023,0.141066,0.074692,0.267825,0.293604,0.289738,-0.665853,0.098464,0.002010,0.001320,0.001238,0.000664,0.000896,0.000682,0.000819,0.000890,0.001144,0.001067,0.098110,80
data_augmented_world_model,peg_insert_with_lag,payload_shift,hidden_mechanism,0.412500,0.232384,0.323104,0.294607,0.115934,0.105495,0.125968,0.059258,0.245658,0.263519,0.265072,-0.426013,0.108557,0.002267,0.001313,0.001083,0.000710,0.000939,0.000560,0.000810,0.000921,0.001099,0.001301,0.108506,80
data_augmented_world_model,peg_insert_with_lag,payload_shift,in_distribution,0.350000,0.247400,0.307071,0.278279,0.108654,0.103023,0.119118,0.050810,0.232832,0.246382,0.251580,-0.433939,0.105180,0.002149,0.001219,0.001260,0.000659,0.000929,0.000768,0.000952,0.000879,0.001027,0.001166,0.105092,80
data_augmented_world_model,peg_insert_with_lag,payload_shift,long_horizon,0.412500,0.235272,0.329764,0.309429,0.119636,0.105056,0.128060,0.059483,0.252204,0.270237,0.271972,-0.451839,0.108557,0.002228,0.001175,0.001160,0.000753,0.000998,0.000685,0.000869,0.000891,0.001232,0.001108,0.108528,80
data_augmented_world_model,peg_insert_with_lag,payload_shift,sparse_observation,0.237500,0.208699,0.339862,0.310042,0.122640,0.108424,0.137254,0.071285,0.259235,0.283845,0.279756,-0.661631,0.093841,0.002175,0.001012,0.000971,0.000651,0.000833,0.000571,0.000967,0.000806,0.001021,0.001065,0.093645,80
ensemble_disagreement_planner,cluttered_navigation_grasp,actuator_lag,combined_stress,0.425000,0.350241,0.274768,0.260954,0.102388,0.186930,0.104077,0.140101,0.204681,0.234653,0.218814,-0.291053,0.109011,0.001909,0.001023,0.000935,0.000623,0.000908,0.000629,0.000900,0.000919,0.001102,0.001198,0.109060,80
ensemble_disagreement_planner,cluttered_navigation_grasp,actuator_lag,hidden_mechanism,0.587500,0.380681,0.248960,0.231654,0.091612,0.180923,0.090131,0.117325,0.184324,0.206132,0.196361,-0.033375,0.108557,0.002306,0.001198,0.001147,0.000685,0.000716,0.000635,0.000804,0.000887,0.000963,0.001199,0.108675,80
ensemble_disagreement_planner,cluttered_navigation_grasp,actuator_lag,in_distribution,0.600000,0.391761,0.234176,0.217038,0.085666,0.177785,0.084334,0.106750,0.174864,0.193738,0.185937,0.026378,0.108031,0.002193,0.000956,0.001180,0.000573,0.000907,0.000654,0.000884,0.000888,0.001031,0.001135,0.108121,80
ensemble_disagreement_planner,cluttered_navigation_grasp,actuator_lag,long_horizon,0.550000,0.383138,0.255550,0.246332,0.095637,0.180135,0.091377,0.120230,0.191049,0.213589,0.202326,-0.097098,0.109706,0.002271,0.001160,0.001018,0.000553,0.000846,0.000673,0.000823,0.000892,0.001067,0.001181,0.109319,80
ensemble_disagreement_planner,cluttered_navigation_grasp,actuator_lag,sparse_observation,0.412500,0.356278,0.262422,0.245405,0.097911,0.185849,0.100715,0.134192,0.195824,0.224847,0.209311,-0.264322,0.108557,0.002118,0.000953,0.001144,0.000661,0.000941,0.000673,0.000766,0.000918,0.001245,0.001166,0.108727,80
ensemble_disagreement_planner,cluttered_navigation_grasp,combined_hidden_mechanisms,combined_stress,0.375000,0.280137,0.299455,0.284039,0.108672,0.195299,0.111180,0.153970,0.217191,0.249940,0.232544,-0.429331,0.106757,0.002231,0.001097,0.000890,0.000639,0.000877,0.000716,0.000869,0.000756,0.001044,0.001015,0.106942,80
ensemble_disagreement_planner,cluttered_navigation_grasp,combined_hidden_mechanisms,hidden_mechanism,0.300000,0.292275,0.291071,0.263022,0.104985,0.192380,0.104097,0.142983,0.209026,0.237842,0.223220,-0.460102,0.101054,0.002013,0.001091,0.001163,0.000754,0.000826,0.000645,0.000780,0.000766,0.001037,0.001049,0.100928,80
ensemble_disagreement_planner,cluttered_navigation_grasp,combined_hidden_mechanisms,in_distribution,0.312500,0.304037,0.279859,0.250257,0.099903,0.191801,0.098941,0.132927,0.199909,0.225566,0.213481,-0.407192,0.102212,0.002457,0.001109,0.001068,0.000690,0.000912,0.000654,0.000805,0.001023,0.001165,0.001296,0.102482,80
ensemble_disagreement_planner,cluttered_navigation_grasp,combined_hidden_mechanisms,long_horizon,0.400000,0.293174,0.295060,0.277756,0.106920,0.191960,0.105682,0.145961,0.214211,0.243576,0.228103,-0.381635,0.108031,0.002405,0.001148,0.001190,0.000746,0.000812,0.000638,0.000892,0.000804,0.001090,0.000975,0.108061,80
ensemble_disagreement_planner,cluttered_navigation_grasp,combined_hidden_mechanisms,sparse_observation,0.412500,0.280840,0.296468,0.272367,0.107168,0.195876,0.110177,0.151044,0.214158,0.246806,0.229431,-0.375266,0.108557,0.002116,0.001166,0.001083,0.000645,0.000870,0.000689,0.000831,0.000963,0.001332,0.001193,0.108849,80
ensemble_disagreement_planner,cluttered_navigation_grasp,compliance_shift,combined_stress,0.487500,0.368179,0.267570,0.256811,0.101168,0.185518,0.101993,0.136352,0.199592,0.228932,0.213526,-0.205763,0.110224,0.002034,0.000994,0.001113,0.000743,0.000834,0.000754,0.000910,0.000769,0.001074,0.001012,0.109921,80
ensemble_disagreement_planner,cluttered_navigation_grasp,compliance_shift,hidden_mechanism,0.500000,0.395389,0.238025,0.225062,0.087034,0.178591,0.088508,0.112302,0.177936,0.199265,0.190008,-0.089195,0.110259,0.001933,0.001060,0.001074,0.000716,0.000805,0.000771,0.000750,0.000953,0.001281,0.001249,0.109767,80
ensemble_disagreement_planner,cluttered_navigation_grasp,compliance_shift,in_distribution,0.512500,0.410266,0.224805,0.210610,0.081573,0.175187,0.082079,0.101722,0.167878,0.185263,0.178529,-0.029423,0.110224,0.002351,0.001241,0.001237,0.000655,0.001027,0.000643,0.000942,0.000874,0.001114,0.000908,0.110275,80
ensemble_disagreement_planner,cluttered_navigation_grasp,compliance_shift,long_horizon,0.537500,0.400152,0.244204,0.238790,0.091077,0.178195,0.089680,0.114383,0.184136,0.204718,0.195935,-0.075613,0.109948,0.001988,0.001042,0.001055,0.000563,0.000970,0.000613,0.000796,0.001039,0.001341,0.001249,0.109924,80
ensemble_disagreement_planner,cluttered_navigation_grasp,compliance_shift,sparse_observation,0.450000,0.371744,0.252811,0.237505,0.093854,0.183771,0.098212,0.129668,0.189831,0.217571,0.203417,-0.195584,0.109706,0.002155,0.001087,0.001153,0.000624,0.000983,0.000608,0.000819,0.000885,0.001152,0.001079,0.109788,80
ensemble_disagreement_planner,cluttered_navigation_grasp,contact_mode_flip,combined_stress,0.525000,0.336608,0.286581,0.271007,0.104356,0.190785,0.105934,0.145158,0.209192,0.240436,0.224092,-0.222521,0.110121,0.002150,0.001096,0.001065,0.000629,0.000941,0.000651,0.001005,0.000874,0.001104,0.001162,0.110352,80
ensemble_disagreement_planner,cluttered_navigation_grasp,contact_mode_flip,hidden_mechanism,0.500000,0.361823,0.257719,0.240052,0.092517,0.183722,0.093541,0.122216,0.187628,0.211251,0.199887,-0.148620,0.110259,0.001982,0.001129,0.001052,0.000666,0.000799,0.000678,0.000828,0.000765,0.001006,0.001077,0.110758,80
ensemble_disagreement_planner,cluttered_navigation_grasp,contact_mode_flip,in_distribution,0.537500,0.375372,0.244363,0.225872,0.086820,0.180573,0.087129,0.111116,0.178003,0.197687,0.189717,-0.064395,0.109948,0.002351,0.001089,0.001044,0.000625,0.000856,0.000561,0.000869,0.000729,0.000976,0.001119,0.110128,80
ensemble_disagreement_planner,cluttered_navigation_grasp,contact_mode_flip,long_horizon,0.487500,0.364828,0.263713,0.255006,0.096246,0.183105,0.094147,0.125111,0.193416,0.216967,0.206040,-0.185617,0.110224,0.002444,0.001154,0.001089,0.000633,0.000924,0.000599,0.000971,0.000855,0.001114,0.001155,0.110017,80
ensemble_disagreement_planner,cluttered_navigation_grasp,contact_mode_flip,sparse_observation,0.500000,0.339732,0.271371,0.254581,0.098285,0.188614,0.103780,0.139378,0.198979,0.228539,0.212496,-0.203772,0.110259,0.002059,0.001032,0.001047,0.000627,0.000739,0.000587,0.000856,0.000882,0.001111,0.001133,0.110536,80
ensemble_disagreement_planner,cluttered_navigation_grasp,friction_shift,combined_stress,0.525000,0.384968,0.259409,0.249981,0.098354,0.182961,0.099632,0.132485,0.194832,0.222614,0.208653,-0.140903,0.110121,0.001718,0.001275,0.000964,0.000766,0.000802,0.000664,0.000875,0.000989,0.001157,0.001247,0.110319,80
ensemble_disagreement_planner,cluttered_navigation_grasp,friction_shift,hidden_mechanism,0.625000,0.413171,0.230501,0.218169,0.084313,0.176864,0.086215,0.109257,0.172744,0.193210,0.184803,0.062693,0.106757,0.002348,0.000983,0.001017,0.000728,0.000788,0.000599,0.000878,0.000929,0.001316,0.001053,0.107069,80
ensemble_disagreement_planner,cluttered_navigation_grasp,friction_shift,in_distribution,0.600000,0.428459,0.215376,0.203441,0.078672,0.173387,0.080593,0.097689,0.163062,0.179747,0.173464,0.086808,0.108031,0.002353,0.001091,0.000923,0.000647,0.000812,0.000609,0.000771,0.000816,0.001145,0.000985,0.107894,80
ensemble_disagreement_planner,cluttered_navigation_grasp,friction_shift,long_horizon,0.600000,0.417855,0.236012,0.232548,0.088736,0.175864,0.087989,0.111170,0.178563,0.199129,0.190102,0.013592,0.108031,0.001833,0.001123,0.001169,0.000657,0.000908,0.000720,0.001017,0.000730,0.000991,0.001082,0.107753,80
ensemble_disagreement_planner,cluttered_navigation_grasp,friction_shift,sparse_observation,0.612500,0.388538,0.243400,0.231892,0.090940,0.181899,0.096303,0.125337,0.183851,0.211655,0.196996,-0.004994,0.107431,0.002226,0.000966,0.001203,0.000625,0.000814,0.000638,0.000927,0.000842,0.001049,0.001000,0.107425,80
ensemble_disagreement_planner,cluttered_navigation_grasp,nominal,combined_stress,0.562500,0.438972,0.236973,0.233854,0.091097,0.176175,0.094366,0.121675,0.181826,0.208503,0.194355,-0.028836,0.109394,0.001979,0.001126,0.000969,0.000654,0.000998,0.000642,0.000842,0.000823,0.001001,0.001000,0.109205,80
ensemble_disagreement_planner,cluttered_navigation_grasp,nominal,hidden_mechanism,0.562500,0.465295,0.208247,0.202376,0.077951,0.170320,0.080429,0.098082,0.160071,0.178795,0.170502,0.072822,0.109394,0.002060,0.001032,0.001030,0.000634,0.001040,0.000633,0.000910,0.000868,0.001056,0.001139,0.109229,80
ensemble_disagreement_planner,cluttered_navigation_grasp,nominal,in_distribution,0.637500,0.477864,0.192765,0.188115,0.071878,0.167479,0.073981,0.087394,0.149448,0.164455,0.158368,0.197109,0.106008,0.002477,0.001165,0.001029,0.000666,0.000858,0.000676,0.000823,0.000872,0.001077,0.001100,0.106139,80
ensemble_disagreement_planner,cluttered_navigation_grasp,nominal,long_horizon,0.587500,0.470508,0.213761,0.216516,0.081405,0.170192,0.082333,0.100463,0.165719,0.184411,0.175938,0.074784,0.108557,0.002366,0.001128,0.001065,0.000735,0.000875,0.000694,0.000852,0.000835,0.001131,0.001172,0.108673,80
ensemble_disagreement_planner,cluttered_navigation_grasp,nominal,sparse_observation,0.725000,0.444342,0.222066,0.216132,0.083407,0.175726,0.090876,0.114685,0.170409,0.195860,0.182521,0.181826,0.098464,0.002306,0.001158,0.001083,0.000569,0.000900,0.000666,0.000805,0.000969,0.001141,0.001106,0.098371,80
ensemble_disagreement_planner,cluttered_navigation_grasp,occlusion_persistence,combined_stress,0.412500,0.348848,0.276383,0.263633,0.102451,0.188863,0.105836,0.143878,0.203995,0.235418,0.218087,-0.309514,0.108557,0.002039,0.001049,0.001008,0.000667,0.000776,0.000578,0.000837,0.000859,0.001121,0.000958,0.108838,80
ensemble_disagreement_planner,cluttered_navigation_grasp,occlusion_persistence,hidden_mechanism,0.525000,0.360665,0.253055,0.237817,0.090690,0.185813,0.098281,0.130979,0.185614,0.214074,0.198873,-0.119710,0.110121,0.001965,0.001116,0.001076,0.000727,0.000824,0.000710,0.000818,0.000946,0.001155,0.001107,0.110104,80
ensemble_disagreement_planner,cluttered_navigation_grasp,occlusion_persistence,in_distribution,0.550000,0.373176,0.238426,0.224260,0.085036,0.182248,0.092230,0.119802,0.176398,0.201277,0.188604,-0.048017,0.109706,0.002169,0.000946,0.000955,0.000695,0.000753,0.000735,0.000919,0.000935,0.001198,0.001149,0.109969,80
ensemble_disagreement_planner,cluttered_navigation_grasp,occlusion_persistence,long_horizon,0.437500,0.361135,0.260069,0.252006,0.095190,0.185336,0.100103,0.133685,0.192362,0.220635,0.206066,-0.234998,0.109394,0.002180,0.001104,0.001031,0.000628,0.000884,0.000589,0.000868,0.000918,0.001186,0.001072,0.109161,80
ensemble_disagreement_planner,cluttered_navigation_grasp,occlusion_persistence,sparse_observation,0.437500,0.350590,0.262715,0.247802,0.096047,0.188415,0.102898,0.137438,0.194436,0.225043,0.208573,-0.243148,0.109394,0.002252,0.001169,0.001189,0.000721,0.001017,0.000611,0.000878,0.000940,0.001115,0.001129,0.109267,80
ensemble_disagreement_planner,cluttered_navigation_grasp,payload_shift,combined_stress,0.462500,0.335121,0.280001,0.265252,0.103336,0.189102,0.104985,0.142154,0.206915,0.236849,0.221243,-0.270838,0.109948,0.002050,0.001198,0.001012,0.000602,0.000944,0.000627,0.000892,0.000880,0.001105,0.001119,0.109702,80
ensemble_disagreement_planner,cluttered_navigation_grasp,payload_shift,hidden_mechanism,0.625000,0.362871,0.253892,0.235282,0.093377,0.181796,0.091016,0.119450,0.188467,0.210335,0.200561,-0.014967,0.106757,0.002174,0.001163,0.001139,0.000583,0.000792,0.000671,0.000830,0.000752,0.001034,0.000976,0.106550,80
ensemble_disagreement_planner,cluttered_navigation_grasp,payload_shift,in_distribution,0.587500,0.378101,0.239343,0.221393,0.087722,0.179359,0.085242,0.108126,0.177638,0.196622,0.188609,-0.004088,0.108557,0.002214,0.001195,0.001147,0.000704,0.000743,0.000625,0.000961,0.000937,0.001019,0.001150,0.108489,80
ensemble_disagreement_planner,cluttered_navigation_grasp,payload_shift,long_horizon,0.575000,0.366759,0.261417,0.249920,0.097280,0.182488,0.092514,0.121813,0.194148,0.215907,0.206209,-0.091208,0.109011,0.002428,0.001246,0.001121,0.000774,0.000881,0.000639,0.000872,0.000974,0.001162,0.001067,0.109143,80
ensemble_disagreement_planner,cluttered_navigation_grasp,payload_shift,sparse_observation,0.462500,0.342061,0.267705,0.248839,0.099256,0.187444,0.101501,0.136712,0.199487,0.227907,0.213412,-0.231859,0.109948,0.002139,0.000976,0.001073,0.000625,0.000852,0.000696,0.000869,0.000775,0.001030,0.000998,0.109745,80
ensemble_disagreement_planner,deformable_bin_pick,actuator_lag,combined_stress,0.537500,0.357202,0.273205,0.259529,0.102675,0.187127,0.103298,0.139856,0.204360,0.234021,0.218273,-0.173322,0.109948,0.001940,0.001097,0.000862,0.000650,0.000889,0.000712,0.000714,0.000855,0.001123,0.001003,0.109961,80
ensemble_disagreement_planner,deformable_bin_pick,actuator_lag,hidden_mechanism,0.475000,0.382217,0.246965,0.228109,0.091227,0.180579,0.089801,0.115599,0.183762,0.205523,0.196127,-0.139361,0.110121,0.002384,0.000999,0.001339,0.000572,0.000853,0.000679,0.000944,0.000777,0.001014,0.001049,0.110202,80
ensemble_disagreement_planner,deformable_bin_pick,actuator_lag,in_distribution,0.550000,0.395032,0.231270,0.214954,0.085601,0.177840,0.084318,0.105446,0.173795,0.192301,0.184562,-0.017205,0.109706,0.002454,0.000982,0.001126,0.000805,0.000887,0.000648,0.000814,0.000905,0.001030,0.001120,0.109268,80
ensemble_disagreement_planner,deformable_bin_pick,actuator_lag,long_horizon,0.525000,0.385357,0.253324,0.243208,0.094573,0.179817,0.091447,0.118527,0.189488,0.211399,0.201646,-0.114344,0.110121,0.002460,0.001136,0.001024,0.000656,0.000868,0.000607,0.000946,0.000785,0.001047,0.001094,0.110448,80
ensemble_disagreement_planner,deformable_bin_pick,actuator_lag,sparse_observation,0.500000,0.358024,0.259503,0.242838,0.097329,0.186760,0.099881,0.133837,0.194406,0.223626,0.208538,-0.169774,0.110259,0.002168,0.001089,0.001048,0.000670,0.000769,0.000719,0.000892,0.000878,0.001062,0.001125,0.110328,80
ensemble_disagreement_planner,deformable_bin_pick,combined_hidden_mechanisms,combined_stress,0.350000,0.283076,0.300941,0.283618,0.107686,0.196632,0.111429,0.154199,0.216182,0.248348,0.231598,-0.453269,0.105180,0.002245,0.001066,0.001118,0.000631,0.001037,0.000632,0.000781,0.000926,0.001086,0.001202,0.105110,80
ensemble_disagreement_planner,deformable_bin_pick,combined_hidden_mechanisms,hidden_mechanism,0.300000,0.293932,0.289705,0.263513,0.104945,0.194213,0.104743,0.143206,0.208922,0.237736,0.223197,-0.459501,0.101054,0.001773,0.001032,0.001135,0.000576,0.000873,0.000719,0.000942,0.000868,0.000988,0.001005,0.101054,80
ensemble_disagreement_planner,deformable_bin_pick,combined_hidden_mechanisms,in_distribution,0.500000,0.309109,0.276501,0.248506,0.098784,0.190719,0.098853,0.132962,0.199393,0.225128,0.212495,-0.211643,0.110259,0.001823,0.001029,0.000878,0.000648,0.000847,0.000674,0.000950,0.000876,0.001076,0.000981,0.110276,80
ensemble_disagreement_planner,deformable_bin_pick,combined_hidden_mechanisms,long_horizon,0.375000,0.293950,0.295915,0.277807,0.106611,0.193465,0.106556,0.145515,0.212770,0.241817,0.227414,-0.406786,0.106757,0.002183,0.001044,0.001204,0.000753,0.000916,0.000551,0.000986,0.000776,0.001214,0.001115,0.106877,80
ensemble_disagreement_planner,deformable_bin_pick,combined_hidden_mechanisms,sparse_observation,0.262500,0.283571,0.296150,0.271585,0.107525,0.196682,0.109520,0.150695,0.214168,0.245899,0.228834,-0.523634,0.097026,0.002268,0.001006,0.001136,0.000627,0.000892,0.000597,0.000886,0.000796,0.001037,0.001034,0.097039,80
ensemble_disagreement_planner,deformable_bin_pick,compliance_shift,combined_stress,0.437500,0.372338,0.264556,0.254124,0.100501,0.184945,0.100981,0.134256,0.198814,0.227998,0.212516,-0.247145,0.109394,0.002748,0.001059,0.001125,0.000642,0.000868,0.000671,0.000846,0.000900,0.001133,0.001201,0.109387,80
ensemble_disagreement_planner,deformable_bin_pick,compliance_shift,hidden_mechanism,0.600000,0.400306,0.235584,0.222922,0.086347,0.179164,0.088395,0.111570,0.176583,0.197502,0.187706,0.018014,0.108031,0.001888,0.001218,0.001123,0.000682,0.000877,0.000659,0.000951,0.000881,0.001102,0.001028,0.107739,80
ensemble_disagreement_planner,deformable_bin_pick,compliance_shift,in_distribution,0.537500,0.414369,0.222022,0.208036,0.081106,0.174698,0.081452,0.100322,0.166777,0.184432,0.177326,0.003501,0.109948,0.002331,0.001102,0.001070,0.000683,0.000716,0.000634,0.000867,0.000884,0.001017,0.001200,0.109709,80
ensemble_disagreement_planner,deformable_bin_pick,compliance_shift,long_horizon,0.575000,0.402438,0.243556,0.237069,0.090193,0.177952,0.089297,0.114296,0.183089,0.203928,0.194824,-0.033502,0.109011,0.002013,0.001105,0.001011,0.000613,0.000801,0.000650,0.000901,0.000810,0.001128,0.000924,0.109005,80
ensemble_disagreement_planner,deformable_bin_pick,compliance_shift,sparse_observation,0.637500,0.376918,0.249444,0.236196,0.093516,0.184023,0.097819,0.127796,0.188462,0.216087,0.201990,-0.000466,0.106008,0.002434,0.001133,0.001000,0.000728,0.000922,0.000620,0.000988,0.000847,0.001095,0.001060,0.105871,80
ensemble_disagreement_planner,deformable_bin_pick,contact_mode_flip,combined_stress,0.437500,0.336595,0.284034,0.268445,0.104361,0.190574,0.106112,0.144343,0.207706,0.239070,0.222269,-0.304608,0.109394,0.001840,0.001109,0.001102,0.000775,0.000879,0.000776,0.000915,0.000917,0.001140,0.001191,0.109735,80
ensemble_disagreement_planner,deformable_bin_pick,contact_mode_flip,hidden_mechanism,0.537500,0.362314,0.255092,0.238082,0.091781,0.183149,0.092615,0.121046,0.186075,0.209375,0.198732,-0.104325,0.109948,0.002498,0.001029,0.001042,0.000647,0.000774,0.000528,0.000878,0.000938,0.001108,0.001176,0.110155,80
ensemble_disagreement_planner,deformable_bin_pick,contact_mode_flip,in_distribution,0.550000,0.377041,0.242190,0.223944,0.086404,0.180950,0.086479,0.109818,0.176407,0.195652,0.187759,-0.045869,0.109706,0.002110,0.001043,0.000981,0.000597,0.000917,0.000711,0.000760,0.000841,0.001037,0.001031,0.109740,80
ensemble_disagreement_planner,deformable_bin_pick,contact_mode_flip,long_horizon,0.425000,0.364466,0.261599,0.252292,0.095405,0.183722,0.093890,0.123640,0.192260,0.215540,0.204189,-0.242307,0.109011,0.002235,0.001115,0.001192,0.000599,0.000867,0.000669,0.000912,0.000841,0.001118,0.001164,0.108776,80
ensemble_disagreement_planner,deformable_bin_pick,contact_mode_flip,sparse_observation,0.375000,0.340977,0.269422,0.250668,0.098175,0.188830,0.102620,0.137583,0.197300,0.226194,0.210768,-0.321393,0.106757,0.002035,0.000936,0.001026,0.000671,0.000923,0.000719,0.000879,0.000875,0.001166,0.001143,0.106631,80
ensemble_disagreement_planner,deformable_bin_pick,friction_shift,combined_stress,0.500000,0.390417,0.256236,0.247401,0.097740,0.182849,0.099057,0.131274,0.194129,0.222248,0.208864,-0.157438,0.110259,0.001982,0.001080,0.001016,0.000763,0.000845,0.000798,0.000769,0.000924,0.001155,0.000987,0.110156,80
ensemble_disagreement_planner,deformable_bin_pick,friction_shift,hidden_mechanism,0.675000,0.414243,0.227055,0.216400,0.084584,0.176474,0.085496,0.108219,0.172199,0.192995,0.183275,0.118386,0.103285,0.002253,0.001077,0.001155,0.000656,0.000904,0.000705,0.000745,0.000872,0.001108,0.001092,0.103352,80
ensemble_disagreement_planner,deformable_bin_pick,friction_shift,in_distribution,0.637500,0.430304,0.212297,0.202004,0.079058,0.173463,0.079695,0.097086,0.161679,0.178688,0.171656,0.129950,0.106008,0.002080,0.001014,0.001067,0.000662,0.000874,0.000617,0.000960,0.000853,0.001074,0.001121,0.106000,80
ensemble_disagreement_planner,deformable_bin_pick,friction_shift,long_horizon,0.587500,0.419392,0.233278,0.231103,0.088218,0.176325,0.086711,0.110791,0.177385,0.197450,0.188470,0.007182,0.108557,0.002390,0.001247,0.000968,0.000598,0.000982,0.000546,0.000799,0.000788,0.001123,0.001090,0.108562,80
ensemble_disagreement_planner,deformable_bin_pick,friction_shift,sparse_observation,0.575000,0.392286,0.240935,0.229950,0.090971,0.181478,0.095927,0.124641,0.183662,0.210706,0.196263,-0.036879,0.109011,0.002269,0.001171,0.001016,0.000672,0.000704,0.000572,0.000869,0.000936,0.001082,0.001110,0.109179,80
ensemble_disagreement_planner,deformable_bin_pick,nominal,combined_stress,0.550000,0.441260,0.234081,0.230438,0.090607,0.176131,0.093781,0.120860,0.180910,0.207039,0.194014,-0.033639,0.109706,0.002395,0.001167,0.001089,0.000694,0.000831,0.000605,0.000899,0.000861,0.001043,0.001155,0.109849,80
ensemble_disagreement_planner,deformable_bin_pick,nominal,hidden_mechanism,0.650000,0.467383,0.204652,0.200527,0.076863,0.171410,0.080458,0.097940,0.158249,0.176730,0.168095,0.167775,0.105180,0.002164,0.001112,0.000989,0.000664,0.000897,0.000566,0.000868,0.000852,0.001089,0.001172,0.105277,80
ensemble_disagreement_planner,deformable_bin_pick,nominal,in_distribution,0.750000,0.482411,0.191242,0.185599,0.071128,0.167809,0.074042,0.086617,0.148500,0.163747,0.158014,0.315938,0.095487,0.002047,0.001086,0.001109,0.000682,0.000830,0.000627,0.000850,0.000955,0.001175,0.001212,0.095463,80
ensemble_disagreement_planner,deformable_bin_pick,nominal,long_horizon,0.625000,0.470575,0.211473,0.213759,0.080877,0.170599,0.081264,0.099868,0.164680,0.183136,0.175039,0.118357,0.106757,0.002195,0.001133,0.001078,0.000582,0.000760,0.000656,0.000752,0.000898,0.001047,0.001008,0.106857,80
ensemble_disagreement_planner,deformable_bin_pick,nominal,sparse_observation,0.625000,0.445148,0.218550,0.213435,0.083607,0.176519,0.090833,0.113894,0.170011,0.195573,0.181920,0.087426,0.106757,0.002227,0.001147,0.001224,0.000652,0.000966,0.000685,0.000840,0.001026,0.001225,0.001170,0.106828,80
ensemble_disagreement_planner,deformable_bin_pick,occlusion_persistence,combined_stress,0.500000,0.353057,0.274041,0.262758,0.102315,0.188778,0.105473,0.143246,0.202487,0.234034,0.217244,-0.216290,0.110259,0.002182,0.000914,0.001163,0.000671,0.000805,0.000673,0.000925,0.000837,0.001153,0.001194,0.110210,80
ensemble_disagreement_planner,deformable_bin_pick,occlusion_persistence,hidden_mechanism,0.450000,0.359870,0.249785,0.234510,0.090340,0.186401,0.098904,0.128775,0.184825,0.212718,0.199243,-0.188592,0.109706,0.002028,0.000993,0.001156,0.000668,0.000810,0.000684,0.000772,0.000834,0.001170,0.001087,0.109936,80
ensemble_disagreement_planner,deformable_bin_pick,occlusion_persistence,in_distribution,0.525000,0.377024,0.236089,0.220713,0.084990,0.183061,0.092697,0.117423,0.174873,0.199581,0.187177,-0.065788,0.110121,0.002370,0.000922,0.000998,0.000638,0.001114,0.000715,0.000886,0.000828,0.000987,0.001039,0.110435,80
ensemble_disagreement_planner,deformable_bin_pick,occlusion_persistence,long_horizon,0.550000,0.366044,0.256396,0.250344,0.094428,0.185893,0.099388,0.131848,0.190789,0.219150,0.204254,-0.113759,0.109706,0.002071,0.001134,0.000952,0.000660,0.000930,0.000718,0.000928,0.000902,0.001141,0.001164,0.109510,80
ensemble_disagreement_planner,deformable_bin_pick,occlusion_persistence,sparse_observation,0.437500,0.355671,0.259804,0.244575,0.094962,0.188058,0.101961,0.137338,0.193840,0.223948,0.207354,-0.234072,0.109394,0.002161,0.001115,0.000995,0.000671,0.000973,0.000655,0.000883,0.000973,0.001223,0.001069,0.109310,80
ensemble_disagreement_planner,deformable_bin_pick,payload_shift,combined_stress,0.375000,0.337115,0.277150,0.264119,0.103224,0.188340,0.103989,0.141367,0.206313,0.236140,0.220547,-0.352726,0.106757,0.002276,0.001077,0.001301,0.000729,0.000939,0.000582,0.000802,0.000793,0.001083,0.001079,0.106686,80
ensemble_disagreement_planner,deformable_bin_pick,payload_shift,hidden_mechanism,0.450000,0.367153,0.251105,0.234088,0.093036,0.181925,0.091458,0.118423,0.186853,0.208713,0.199115,-0.183697,0.109706,0.002258,0.000925,0.001188,0.000621,0.000870,0.000607,0.000932,0.000952,0.001215,0.001245,0.109941,80
ensemble_disagreement_planner,deformable_bin_pick,payload_shift,in_distribution,0.600000,0.381528,0.237264,0.218346,0.087780,0.178229,0.084951,0.106865,0.175775,0.194015,0.187459,0.015745,0.108031,0.002307,0.001285,0.001164,0.000575,0.000868,0.000662,0.000856,0.000819,0.001114,0.001204,0.107702,80
ensemble_disagreement_planner,deformable_bin_pick,payload_shift,long_horizon,0.525000,0.369861,0.258411,0.247492,0.096683,0.181004,0.092513,0.120636,0.193352,0.215305,0.205333,-0.133677,0.110121,0.002031,0.001280,0.001159,0.000671,0.000925,0.000681,0.000865,0.000849,0.001030,0.001072,0.109918,80
ensemble_disagreement_planner,deformable_bin_pick,payload_shift,sparse_observation,0.562500,0.342830,0.266198,0.248229,0.099330,0.187492,0.101373,0.133927,0.198512,0.227503,0.212174,-0.128577,0.109394,0.002046,0.001037,0.001030,0.000691,0.000827,0.000747,0.000803,0.000888,0.001041,0.001077,0.109542,80
ensemble_disagreement_planner,drawer_contact_repair,actuator_lag,combined_stress,0.475000,0.359902,0.267369,0.254653,0.101056,0.184768,0.102019,0.136850,0.200804,0.230023,0.214722,-0.219756,0.110121,0.002205,0.001075,0.001182,0.000675,0.000762,0.000697,0.000902,0.000945,0.001209,0.001214,0.110071,80
ensemble_disagreement_planner,drawer_contact_repair,actuator_lag,hidden_mechanism,0.662500,0.388045,0.241596,0.224151,0.089613,0.179404,0.088641,0.114253,0.181166,0.202860,0.192657,0.062751,0.104273,0.002169,0.001174,0.001133,0.000613,0.000827,0.000676,0.000892,0.000794,0.000985,0.001061,0.104243,80
ensemble_disagreement_planner,drawer_contact_repair,actuator_lag,in_distribution,0.587500,0.399792,0.226500,0.210128,0.083505,0.174941,0.082367,0.102710,0.170710,0.188629,0.181103,0.036712,0.108557,0.002113,0.001094,0.001024,0.000636,0.000876,0.000597,0.000815,0.000722,0.000941,0.001078,0.108197,80
ensemble_disagreement_planner,drawer_contact_repair,actuator_lag,long_horizon,0.562500,0.389205,0.247888,0.239048,0.094464,0.178513,0.090741,0.115570,0.186683,0.208162,0.198567,-0.064018,0.109394,0.002132,0.001175,0.001102,0.000728,0.000909,0.000647,0.000921,0.000843,0.001163,0.001171,0.109649,80
ensemble_disagreement_planner,drawer_contact_repair,actuator_lag,sparse_observation,0.512500,0.364824,0.254695,0.238485,0.095842,0.184306,0.098916,0.130576,0.191775,0.219618,0.205279,-0.141989,0.110224,0.001874,0.001085,0.000978,0.000628,0.000880,0.000701,0.000767,0.000897,0.001098,0.001019,0.110151,80
ensemble_disagreement_planner,drawer_contact_repair,combined_hidden_mechanisms,combined_stress,0.450000,0.288315,0.296850,0.281489,0.107957,0.194654,0.110890,0.153164,0.214161,0.246471,0.228874,-0.343963,0.109706,0.002022,0.001036,0.001133,0.000729,0.000919,0.000614,0.000858,0.000837,0.001047,0.001016,0.109480,80
ensemble_disagreement_planner,drawer_contact_repair,combined_hidden_mechanisms,hidden_mechanism,0.462500,0.297805,0.284361,0.258270,0.103307,0.192917,0.103742,0.140930,0.205843,0.234830,0.220332,-0.281602,0.109948,0.002379,0.001112,0.001098,0.000723,0.000921,0.000653,0.000789,0.000808,0.000985,0.000987,0.109917,80
ensemble_disagreement_planner,drawer_contact_repair,combined_hidden_mechanisms,in_distribution,0.375000,0.313352,0.270978,0.243989,0.097639,0.188429,0.097356,0.129082,0.196574,0.221862,0.209549,-0.321317,0.106757,0.002164,0.001217,0.000996,0.000633,0.000754,0.000622,0.000838,0.000831,0.001151,0.001060,0.106701,80
ensemble_disagreement_planner,drawer_contact_repair,combined_hidden_mechanisms,long_horizon,0.450000,0.302760,0.289829,0.273766,0.105717,0.191628,0.103983,0.141960,0.210500,0.239398,0.224422,-0.314996,0.109706,0.002532,0.001085,0.001066,0.000608,0.000964,0.000576,0.000785,0.000864,0.001059,0.001081,0.109991,80
ensemble_disagreement_planner,drawer_contact_repair,combined_hidden_mechanisms,sparse_observation,0.425000,0.286705,0.292555,0.268362,0.105887,0.194837,0.108335,0.148492,0.211215,0.243049,0.226053,-0.349003,0.109011,0.002039,0.001111,0.001032,0.000761,0.000965,0.000757,0.000949,0.000787,0.001090,0.001045,0.108644,80
ensemble_disagreement_planner,drawer_contact_repair,compliance_shift,combined_stress,0.412500,0.378775,0.258810,0.249095,0.099395,0.182817,0.099414,0.132057,0.196214,0.223964,0.209405,-0.255999,0.108557,0.002307,0.001075,0.001047,0.000560,0.000837,0.000632,0.000900,0.000843,0.001096,0.000998,0.108481,80
ensemble_disagreement_planner,drawer_contact_repair,compliance_shift,hidden_mechanism,0.537500,0.404390,0.230939,0.218554,0.085945,0.176322,0.086207,0.108606,0.173886,0.194731,0.185158,-0.030642,0.109948,0.002496,0.001167,0.000996,0.000581,0.000699,0.000689,0.000818,0.000865,0.001077,0.001051,0.109948,80
ensemble_disagreement_planner,drawer_contact_repair,compliance_shift,in_distribution,0.550000,0.420074,0.216357,0.204426,0.080377,0.173705,0.080414,0.098249,0.163331,0.180048,0.173527,0.030212,0.109706,0.002193,0.001080,0.001198,0.000696,0.000870,0.000652,0.000860,0.000836,0.001065,0.001069,0.110060,80
ensemble_disagreement_planner,drawer_contact_repair,compliance_shift,long_horizon,0.587500,0.407031,0.237933,0.232809,0.089229,0.175951,0.087315,0.111234,0.180555,0.201789,0.192163,-0.006027,0.108557,0.001972,0.001053,0.001008,0.000568,0.000810,0.000664,0.000909,0.000881,0.001085,0.001023,0.108353,80
ensemble_disagreement_planner,drawer_contact_repair,compliance_shift,sparse_observation,0.637500,0.384732,0.243412,0.232100,0.092744,0.181658,0.095623,0.125632,0.185160,0.212759,0.198020,0.016188,0.106008,0.002025,0.001039,0.000971,0.000716,0.000947,0.000721,0.001002,0.000767,0.001030,0.001037,0.106182,80
ensemble_disagreement_planner,drawer_contact_repair,contact_mode_flip,combined_stress,0.475000,0.343310,0.278189,0.264361,0.103066,0.188413,0.105027,0.141528,0.205186,0.235944,0.219886,-0.251493,0.110121,0.002112,0.001065,0.001066,0.000748,0.000846,0.000658,0.000864,0.000843,0.001012,0.001153,0.110117,80
ensemble_disagreement_planner,drawer_contact_repair,contact_mode_flip,hidden_mechanism,0.512500,0.370278,0.249961,0.233204,0.090882,0.181955,0.091537,0.118528,0.183885,0.207067,0.196071,-0.114303,0.110224,0.002516,0.001040,0.001080,0.000645,0.000757,0.000642,0.000868,0.000966,0.001143,0.001150,0.110663,80
ensemble_disagreement_planner,drawer_contact_repair,contact_mode_flip,in_distribution,0.600000,0.384587,0.236567,0.218294,0.085033,0.178856,0.085384,0.108176,0.173626,0.193040,0.185192,0.021043,0.108031,0.002202,0.001335,0.001139,0.000657,0.000796,0.000646,0.000940,0.000955,0.001167,0.001192,0.107972,80
ensemble_disagreement_planner,drawer_contact_repair,contact_mode_flip,long_horizon,0.562500,0.371567,0.258247,0.248216,0.094110,0.181711,0.092807,0.121109,0.190023,0.212733,0.202639,-0.091644,0.109394,0.002558,0.001047,0.001089,0.000659,0.000789,0.000602,0.000826,0.000835,0.000967,0.001137,0.109824,80
ensemble_disagreement_planner,drawer_contact_repair,contact_mode_flip,sparse_observation,0.462500,0.349178,0.264075,0.247928,0.096670,0.186971,0.101689,0.136260,0.194675,0.224443,0.208200,-0.219464,0.109948,0.002201,0.000874,0.001134,0.000747,0.000917,0.000672,0.000786,0.000978,0.001206,0.001282,0.109707,80
ensemble_disagreement_planner,drawer_contact_repair,friction_shift,combined_stress,0.637500,0.394813,0.250755,0.243132,0.096117,0.181070,0.097898,0.128158,0.190567,0.218667,0.203387,-0.004305,0.106008,0.002362,0.001243,0.001128,0.000638,0.000942,0.000592,0.000824,0.000896,0.001223,0.001139,0.106119,80
ensemble_disagreement_planner,drawer_contact_repair,friction_shift,hidden_mechanism,0.550000,0.420727,0.222437,0.212060,0.083103,0.174567,0.084430,0.105115,0.169738,0.189997,0.180930,0.008123,0.109706,0.002132,0.001004,0.001139,0.000672,0.000840,0.000746,0.000939,0.000944,0.001159,0.001194,0.109757,80
ensemble_disagreement_planner,drawer_contact_repair,friction_shift,in_distribution,0.587500,0.436197,0.208290,0.197873,0.077624,0.170378,0.077425,0.093529,0.158748,0.174946,0.168585,0.095106,0.108557,0.002152,0.001048,0.000988,0.000611,0.000884,0.000618,0.000818,0.000833,0.001186,0.001091,0.108653,80
ensemble_disagreement_planner,drawer_contact_repair,friction_shift,long_horizon,0.500000,0.423722,0.228933,0.226029,0.086555,0.174059,0.085525,0.108445,0.175327,0.195373,0.186700,-0.066038,0.110259,0.002041,0.000962,0.001264,0.000655,0.000885,0.000621,0.000880,0.000868,0.000982,0.001143,0.110387,80
ensemble_disagreement_planner,drawer_contact_repair,friction_shift,sparse_observation,0.525000,0.398410,0.235398,0.225549,0.089558,0.180466,0.094822,0.122170,0.179835,0.206968,0.193456,-0.070943,0.110121,0.002268,0.001178,0.001173,0.000515,0.000943,0.000644,0.000837,0.000891,0.001055,0.001093,0.110278,80
ensemble_disagreement_planner,drawer_contact_repair,nominal,combined_stress,0.625000,0.446777,0.228750,0.226071,0.089337,0.175573,0.092342,0.118212,0.177283,0.203170,0.189656,0.056675,0.106757,0.002131,0.000945,0.001146,0.000651,0.000799,0.000587,0.000816,0.000923,0.001182,0.001166,0.106624,80
ensemble_disagreement_planner,drawer_contact_repair,nominal,hidden_mechanism,0.737500,0.474666,0.200720,0.195314,0.076013,0.168231,0.078357,0.095001,0.155441,0.173888,0.165658,0.270801,0.097026,0.002334,0.001009,0.001130,0.000671,0.000934,0.000494,0.000808,0.000838,0.001141,0.001110,0.096980,80
ensemble_disagreement_planner,drawer_contact_repair,nominal,in_distribution,0.637500,0.488522,0.186296,0.181148,0.070781,0.164965,0.072735,0.083736,0.145641,0.160351,0.154393,0.217866,0.106008,0.002114,0.001001,0.001212,0.000730,0.000851,0.000663,0.000908,0.000979,0.001215,0.001124,0.106095,80
ensemble_disagreement_planner,drawer_contact_repair,nominal,long_horizon,0.650000,0.476539,0.206483,0.208008,0.079448,0.168435,0.080437,0.098398,0.161010,0.179016,0.171454,0.159699,0.105180,0.002032,0.001177,0.001009,0.000615,0.000866,0.000644,0.000841,0.000821,0.000919,0.001096,0.105409,80
ensemble_disagreement_planner,drawer_contact_repair,nominal,sparse_observation,0.625000,0.453152,0.213839,0.209372,0.082741,0.174545,0.088611,0.112494,0.166826,0.192579,0.178051,0.102670,0.106757,0.001985,0.001182,0.001144,0.000599,0.000764,0.000718,0.000795,0.000945,0.001186,0.001155,0.106817,80
ensemble_disagreement_planner,drawer_contact_repair,occlusion_persistence,combined_stress,0.450000,0.358636,0.269087,0.256956,0.101118,0.185798,0.103181,0.139428,0.200292,0.231223,0.214876,-0.249754,0.109706,0.002075,0.001080,0.001100,0.000640,0.000966,0.000750,0.000942,0.000970,0.001142,0.001125,0.109759,80
ensemble_disagreement_planner,drawer_contact_repair,occlusion_persistence,hidden_mechanism,0.475000,0.368144,0.244192,0.230934,0.090030,0.184592,0.097367,0.126752,0.182802,0.210794,0.195969,-0.149448,0.110121,0.002054,0.001113,0.001139,0.000725,0.000866,0.000603,0.000900,0.000886,0.000959,0.001111,0.110181,80
ensemble_disagreement_planner,drawer_contact_repair,occlusion_persistence,in_distribution,0.612500,0.381862,0.229977,0.216205,0.083125,0.181474,0.091129,0.115613,0.171393,0.195992,0.183074,0.038367,0.107431,0.002427,0.001168,0.001131,0.000668,0.000852,0.000629,0.000812,0.000801,0.001043,0.001011,0.107716,80
ensemble_disagreement_planner,drawer_contact_repair,occlusion_persistence,long_horizon,0.512500,0.370362,0.251189,0.244755,0.092808,0.183463,0.098338,0.130203,0.188672,0.216854,0.201921,-0.135959,0.110224,0.002116,0.001134,0.001115,0.000731,0.000800,0.000597,0.000814,0.000908,0.001067,0.001137,0.110640,80
ensemble_disagreement_planner,drawer_contact_repair,occlusion_persistence,sparse_observation,0.400000,0.360782,0.254522,0.240729,0.094098,0.186814,0.101342,0.133543,0.189399,0.219501,0.203231,-0.256759,0.108031,0.002443,0.001003,0.000974,0.000663,0.000854,0.000745,0.000877,0.000955,0.001074,0.001105,0.108306,80
ensemble_disagreement_planner,drawer_contact_repair,payload_shift,combined_stress,0.400000,0.343942,0.271843,0.259548,0.102317,0.187081,0.103561,0.139068,0.203603,0.233045,0.217478,-0.313202,0.108031,0.002179,0.000990,0.001101,0.000660,0.000747,0.000605,0.000905,0.000971,0.001153,0.001257,0.107906,80
ensemble_disagreement_planner,drawer_contact_repair,payload_shift,hidden_mechanism,0.525000,0.371987,0.245741,0.228328,0.091200,0.179910,0.090074,0.115253,0.184606,0.206919,0.196286,-0.092273,0.110121,0.001971,0.001088,0.001075,0.000654,0.000965,0.000647,0.000893,0.000809,0.001009,0.000994,0.110179,80
ensemble_disagreement_planner,drawer_contact_repair,payload_shift,in_distribution,0.662500,0.385869,0.230865,0.214155,0.086611,0.177768,0.083128,0.105635,0.174713,0.192952,0.184987,0.092154,0.104273,0.002170,0.001145,0.001112,0.000663,0.000822,0.000594,0.000961,0.000951,0.001193,0.001017,0.104211,80
ensemble_disagreement_planner,drawer_contact_repair,payload_shift,long_horizon,0.500000,0.374424,0.252813,0.244000,0.095330,0.181019,0.090459,0.117790,0.189734,0.211163,0.201931,-0.143841,0.110259,0.002219,0.001010,0.001129,0.000689,0.000795,0.000676,0.000993,0.000922,0.001132,0.001106,0.110647,80
ensemble_disagreement_planner,drawer_contact_repair,payload_shift,sparse_observation,0.437500,0.350380,0.259820,0.242438,0.098545,0.184925,0.100036,0.132889,0.195750,0.223901,0.209413,-0.236334,0.109394,0.002269,0.001204,0.001131,0.000708,0.000862,0.000664,0.000946,0.000764,0.001134,0.000974,0.109260,80
ensemble_disagreement_planner,occluded_push_recovery,actuator_lag,combined_stress,0.500000,0.353063,0.274302,0.261747,0.102340,0.186675,0.103675,0.139622,0.204159,0.233678,0.217816,-0.214510,0.110259,0.002030,0.001289,0.001102,0.000636,0.000851,0.000677,0.000860,0.000999,0.001111,0.001138,0.110410,80
ensemble_disagreement_planner,occluded_push_recovery,actuator_lag,hidden_mechanism,0.462500,0.378128,0.247708,0.230723,0.090838,0.179647,0.090194,0.117036,0.184211,0.206404,0.196244,-0.156073,0.109948,0.002469,0.000990,0.001113,0.000651,0.000749,0.000796,0.000836,0.000928,0.001262,0.001051,0.110000,80
ensemble_disagreement_planner,occluded_push_recovery,actuator_lag,in_distribution,0.475000,0.393588,0.233485,0.216108,0.085484,0.177282,0.084110,0.105437,0.173190,0.191957,0.183687,-0.094842,0.110121,0.002145,0.001055,0.001191,0.000662,0.000908,0.000629,0.000815,0.000929,0.001150,0.001188,0.110222,80
ensemble_disagreement_planner,occluded_push_recovery,actuator_lag,long_horizon,0.525000,0.382902,0.254841,0.244898,0.095117,0.179979,0.091034,0.119446,0.190014,0.211504,0.202145,-0.118810,0.110121,0.002329,0.001188,0.001195,0.000644,0.000835,0.000715,0.000901,0.000980,0.001226,0.001335,0.110133,80
ensemble_disagreement_planner,occluded_push_recovery,actuator_lag,sparse_observation,0.500000,0.358015,0.263378,0.243937,0.097913,0.184017,0.100071,0.134304,0.194831,0.223394,0.208500,-0.174457,0.110259,0.002057,0.001043,0.001178,0.000613,0.000943,0.000585,0.000759,0.000881,0.001084,0.001122,0.110008,80
ensemble_disagreement_planner,occluded_push_recovery,combined_hidden_mechanisms,combined_stress,0.325000,0.284252,0.299539,0.282971,0.107907,0.193411,0.110772,0.153943,0.215958,0.248207,0.231467,-0.474791,0.103285,0.001891,0.001146,0.001008,0.000721,0.000936,0.000643,0.000877,0.000831,0.000981,0.001134,0.103262,80
ensemble_disagreement_planner,occluded_push_recovery,combined_hidden_mechanisms,hidden_mechanism,0.425000,0.292178,0.289473,0.263532,0.103827,0.192059,0.104154,0.142689,0.208408,0.237544,0.223004,-0.332327,0.109011,0.002302,0.001168,0.001217,0.000695,0.000902,0.000690,0.000862,0.000998,0.001067,0.001258,0.109177,80
ensemble_disagreement_planner,occluded_push_recovery,combined_hidden_mechanisms,in_distribution,0.475000,0.303439,0.278172,0.251374,0.099556,0.189909,0.099221,0.131274,0.198966,0.224484,0.212120,-0.242500,0.110121,0.002322,0.001148,0.001205,0.000673,0.000957,0.000694,0.000940,0.001007,0.001181,0.001046,0.109930,80
ensemble_disagreement_planner,occluded_push_recovery,combined_hidden_mechanisms,long_horizon,0.400000,0.295694,0.295225,0.277221,0.105812,0.192338,0.105594,0.145127,0.212849,0.241646,0.227278,-0.378377,0.108031,0.002095,0.001056,0.001201,0.000551,0.000813,0.000706,0.000854,0.001026,0.001186,0.001268,0.108051,80
ensemble_disagreement_planner,occluded_push_recovery,combined_hidden_mechanisms,sparse_observation,0.375000,0.283175,0.294864,0.270811,0.107283,0.194906,0.109328,0.150630,0.213264,0.245337,0.228221,-0.407999,0.106757,0.002106,0.001146,0.001007,0.000606,0.000911,0.000654,0.000953,0.000792,0.000944,0.001020,0.106653,80
ensemble_disagreement_planner,occluded_push_recovery,compliance_shift,combined_stress,0.525000,0.369298,0.268164,0.255711,0.100397,0.184398,0.101029,0.135418,0.199714,0.229120,0.213381,-0.165796,0.110121,0.002140,0.001040,0.001063,0.000659,0.000862,0.000532,0.000919,0.001007,0.001192,0.001249,0.109815,80
ensemble_disagreement_planner,occluded_push_recovery,compliance_shift,hidden_mechanism,0.587500,0.397855,0.238372,0.225568,0.087442,0.177945,0.088029,0.111344,0.177285,0.198696,0.188905,-0.000939,0.108557,0.002079,0.000987,0.001124,0.000616,0.000731,0.000554,0.000879,0.000902,0.001252,0.001083,0.108797,80
ensemble_disagreement_planner,occluded_push_recovery,compliance_shift,in_distribution,0.575000,0.410622,0.224669,0.210060,0.081519,0.174038,0.081491,0.101336,0.167511,0.184946,0.178177,0.034784,0.109011,0.002167,0.001001,0.001093,0.000609,0.000932,0.000636,0.000847,0.000802,0.000997,0.000928,0.108760,80
ensemble_disagreement_planner,occluded_push_recovery,compliance_shift,long_horizon,0.537500,0.400012,0.244923,0.238333,0.091558,0.176529,0.089088,0.114798,0.182880,0.203696,0.194744,-0.074929,0.109948,0.001954,0.001034,0.001031,0.000697,0.000944,0.000660,0.000979,0.000900,0.001126,0.001049,0.109983,80
ensemble_disagreement_planner,occluded_push_recovery,compliance_shift,sparse_observation,0.550000,0.375581,0.252830,0.239042,0.092904,0.182800,0.097971,0.128459,0.187621,0.215618,0.200225,-0.092422,0.109706,0.001957,0.001079,0.001061,0.000631,0.000922,0.000683,0.000888,0.000984,0.001183,0.001135,0.109771,80
ensemble_disagreement_planner,occluded_push_recovery,contact_mode_flip,combined_stress,0.425000,0.334526,0.286499,0.271470,0.104216,0.188342,0.106662,0.144186,0.208225,0.238795,0.222716,-0.322214,0.109011,0.002272,0.001139,0.001185,0.000688,0.000932,0.000529,0.000956,0.000829,0.001195,0.001013,0.109081,80
ensemble_disagreement_planner,occluded_push_recovery,contact_mode_flip,hidden_mechanism,0.450000,0.363114,0.258025,0.241462,0.091092,0.182663,0.092524,0.121696,0.187444,0.210788,0.199708,-0.196976,0.109706,0.001949,0.001030,0.001132,0.000716,0.001014,0.000642,0.000963,0.000794,0.001038,0.001087,0.109611,80
ensemble_disagreement_planner,occluded_push_recovery,contact_mode_flip,in_distribution,0.550000,0.375193,0.243697,0.226273,0.086799,0.180229,0.087365,0.110955,0.175945,0.196243,0.187196,-0.050309,0.109706,0.002289,0.001044,0.001016,0.000694,0.000842,0.000706,0.000886,0.001009,0.001116,0.001227,0.109625,80
ensemble_disagreement_planner,occluded_push_recovery,contact_mode_flip,long_horizon,0.562500,0.365778,0.264935,0.254998,0.095409,0.182411,0.094231,0.124145,0.192382,0.216138,0.205544,-0.109516,0.109394,0.002124,0.001218,0.001101,0.000567,0.000950,0.000606,0.000867,0.000857,0.001131,0.001005,0.109612,80
ensemble_disagreement_planner,occluded_push_recovery,contact_mode_flip,sparse_observation,0.525000,0.339852,0.272138,0.253920,0.098674,0.188760,0.102740,0.138121,0.197940,0.227798,0.211900,-0.177895,0.110121,0.002189,0.001037,0.001022,0.000729,0.000778,0.000603,0.000798,0.000831,0.000995,0.001048,0.110225,80
ensemble_disagreement_planner,occluded_push_recovery,friction_shift,combined_stress,0.412500,0.388998,0.258709,0.249796,0.097929,0.182282,0.099524,0.132325,0.193966,0.222520,0.207473,-0.249950,0.108557,0.002433,0.001050,0.001229,0.000739,0.000825,0.000620,0.000960,0.000881,0.001146,0.001054,0.109056,80
ensemble_disagreement_planner,occluded_push_recovery,friction_shift,hidden_mechanism,0.625000,0.413208,0.229564,0.218872,0.083917,0.175653,0.086148,0.107683,0.172958,0.193729,0.183742,0.064014,0.106757,0.002250,0.000989,0.001093,0.000623,0.000804,0.000656,0.000855,0.000896,0.001165,0.001143,0.106646,80
ensemble_disagreement_planner,occluded_push_recovery,friction_shift,in_distribution,0.562500,0.427693,0.215023,0.203545,0.078804,0.172042,0.080086,0.097280,0.162144,0.179172,0.172456,0.050498,0.109394,0.001847,0.001179,0.001108,0.000752,0.000915,0.000621,0.000843,0.000771,0.001013,0.000917,0.109424,80
ensemble_disagreement_planner,occluded_push_recovery,friction_shift,long_horizon,0.562500,0.416636,0.235557,0.233167,0.087984,0.175250,0.087615,0.110707,0.179256,0.199404,0.191188,-0.023563,0.109394,0.002725,0.001077,0.001286,0.000698,0.000854,0.000593,0.000724,0.000773,0.000836,0.001049,0.109343,80
ensemble_disagreement_planner,occluded_push_recovery,friction_shift,sparse_observation,0.487500,0.391592,0.243470,0.231024,0.090494,0.180955,0.096325,0.125480,0.183813,0.210831,0.197008,-0.127607,0.110224,0.002189,0.001106,0.001180,0.000620,0.000760,0.000616,0.000753,0.000905,0.001058,0.001268,0.110503,80
ensemble_disagreement_planner,occluded_push_recovery,nominal,combined_stress,0.600000,0.441730,0.237569,0.232826,0.090239,0.175958,0.094338,0.121191,0.180842,0.207053,0.193515,0.011562,0.108031,0.002168,0.000900,0.001208,0.000719,0.000826,0.000636,0.000884,0.000814,0.001136,0.001058,0.108169,80
ensemble_disagreement_planner,occluded_push_recovery,nominal,hidden_mechanism,0.637500,0.466980,0.208448,0.201125,0.077195,0.169710,0.080170,0.097711,0.159140,0.178181,0.168172,0.150972,0.106008,0.002547,0.001039,0.001258,0.000623,0.000924,0.000763,0.000868,0.001044,0.001259,0.001306,0.105896,80
ensemble_disagreement_planner,occluded_push_recovery,nominal,in_distribution,0.737500,0.482063,0.193776,0.187710,0.071385,0.164934,0.074414,0.086642,0.148902,0.164336,0.158341,0.299469,0.097026,0.002516,0.001143,0.000985,0.000626,0.000865,0.000610,0.000793,0.001037,0.001246,0.001244,0.097037,80
ensemble_disagreement_planner,occluded_push_recovery,nominal,long_horizon,0.637500,0.467426,0.213833,0.215872,0.081142,0.168758,0.081242,0.100698,0.163890,0.182871,0.174381,0.126592,0.106008,0.001916,0.001165,0.001093,0.000617,0.000792,0.000649,0.000864,0.000843,0.001043,0.001149,0.105852,80
ensemble_disagreement_planner,occluded_push_recovery,nominal,sparse_observation,0.675000,0.444651,0.222205,0.215059,0.083768,0.174589,0.090269,0.114727,0.169932,0.195304,0.182303,0.133226,0.103285,0.001789,0.001122,0.001081,0.000553,0.000845,0.000752,0.000883,0.000703,0.000975,0.000989,0.103456,80
ensemble_disagreement_planner,occluded_push_recovery,occlusion_persistence,combined_stress,0.387500,0.349943,0.275882,0.264124,0.101626,0.186389,0.104876,0.142724,0.203870,0.234604,0.217739,-0.331626,0.107431,0.002079,0.001236,0.001163,0.000659,0.000829,0.000665,0.000818,0.000804,0.001048,0.000984,0.107328,80
ensemble_disagreement_planner,occluded_push_recovery,occlusion_persistence,hidden_mechanism,0.437500,0.359931,0.251698,0.237360,0.090550,0.185376,0.098481,0.130461,0.184867,0.212947,0.198116,-0.205103,0.109394,0.002262,0.001072,0.001212,0.000707,0.000844,0.000616,0.000943,0.000998,0.001228,0.001243,0.109609,80
ensemble_disagreement_planner,occluded_push_recovery,occlusion_persistence,in_distribution,0.562500,0.375563,0.239243,0.221667,0.085327,0.181379,0.091844,0.119887,0.175069,0.198672,0.187311,-0.032437,0.109394,0.001936,0.001054,0.001022,0.000631,0.000746,0.000672,0.000819,0.000887,0.001056,0.001103,0.109614,80
ensemble_disagreement_planner,occluded_push_recovery,occlusion_persistence,long_horizon,0.537500,0.360307,0.258630,0.252318,0.094917,0.184393,0.100031,0.133139,0.191239,0.220047,0.204968,-0.132761,0.109948,0.002267,0.000993,0.000994,0.000610,0.000839,0.000697,0.000843,0.000997,0.001228,0.001202,0.110158,80
ensemble_disagreement_planner,occluded_push_recovery,occlusion_persistence,sparse_observation,0.425000,0.351175,0.262114,0.246396,0.095093,0.186718,0.102334,0.137079,0.193380,0.224029,0.207222,-0.251236,0.109011,0.001950,0.001143,0.001086,0.000685,0.000742,0.000631,0.000894,0.000843,0.001026,0.001125,0.108751,80
ensemble_disagreement_planner,occluded_push_recovery,payload_shift,combined_stress,0.362500,0.338860,0.278861,0.265132,0.103425,0.187720,0.104126,0.140816,0.206034,0.236310,0.220382,-0.366808,0.106008,0.002052,0.001049,0.001042,0.000771,0.000795,0.000714,0.000784,0.000848,0.001103,0.001133,0.106304,80
ensemble_disagreement_planner,occluded_push_recovery,payload_shift,hidden_mechanism,0.612500,0.365875,0.254116,0.235324,0.093192,0.181657,0.092201,0.118552,0.187659,0.209842,0.199991,-0.026390,0.107431,0.002556,0.001189,0.001039,0.000705,0.000813,0.000659,0.000848,0.000776,0.000973,0.001017,0.107315,80
ensemble_disagreement_planner,occluded_push_recovery,payload_shift,in_distribution,0.600000,0.379520,0.239322,0.220858,0.087390,0.178291,0.084877,0.106867,0.177603,0.195657,0.188755,0.010472,0.108031,0.002081,0.001087,0.001206,0.000740,0.000780,0.000604,0.000756,0.000861,0.001051,0.001103,0.107744,80
ensemble_disagreement_planner,occluded_push_recovery,payload_shift,long_horizon,0.500000,0.368384,0.260995,0.249341,0.096959,0.180527,0.092515,0.122411,0.193684,0.215518,0.206427,-0.163714,0.110259,0.002510,0.001194,0.000953,0.000694,0.000879,0.000609,0.000913,0.000940,0.001077,0.001185,0.110301,80
ensemble_disagreement_planner,occluded_push_recovery,payload_shift,sparse_observation,0.587500,0.342135,0.267926,0.248489,0.099816,0.185977,0.100953,0.135086,0.198424,0.227508,0.212231,-0.105609,0.108557,0.002001,0.001025,0.000978,0.000683,0.000805,0.000667,0.000877,0.000873,0.001098,0.001016,0.108574,80
ensemble_disagreement_planner,payload_handover,actuator_lag,combined_stress,0.425000,0.356286,0.270037,0.257931,0.102106,0.186276,0.102441,0.138710,0.201603,0.231175,0.214991,-0.278663,0.109011,0.002196,0.001187,0.001080,0.000725,0.000943,0.000739,0.000933,0.000811,0.001007,0.001110,0.109342,80
ensemble_disagreement_planner,payload_handover,actuator_lag,hidden_mechanism,0.587500,0.382707,0.244489,0.227255,0.091102,0.179320,0.089701,0.115335,0.182594,0.204833,0.193989,-0.022387,0.108557,0.002326,0.001154,0.001054,0.000632,0.000868,0.000578,0.001005,0.000793,0.001154,0.001056,0.108901,80
ensemble_disagreement_planner,payload_handover,actuator_lag,in_distribution,0.487500,0.398297,0.229584,0.213968,0.084904,0.176808,0.083228,0.104118,0.172538,0.190799,0.183128,-0.073574,0.110224,0.002350,0.001146,0.001251,0.000618,0.000930,0.000641,0.000900,0.000834,0.001079,0.001164,0.110123,80
ensemble_disagreement_planner,payload_handover,actuator_lag,long_horizon,0.487500,0.390052,0.251003,0.242280,0.094046,0.179681,0.090961,0.118275,0.188280,0.210116,0.200547,-0.145709,0.110224,0.002286,0.001176,0.001159,0.000671,0.000908,0.000635,0.000841,0.000869,0.001085,0.001047,0.110149,80
ensemble_disagreement_planner,payload_handover,actuator_lag,sparse_observation,0.437500,0.358887,0.258291,0.241687,0.096991,0.185665,0.099546,0.132421,0.193640,0.222656,0.206742,-0.228331,0.109394,0.002199,0.001069,0.001168,0.000660,0.000890,0.000699,0.000864,0.000867,0.001101,0.001046,0.109285,80
ensemble_disagreement_planner,payload_handover,combined_hidden_mechanisms,combined_stress,0.387500,0.284946,0.298121,0.283005,0.108337,0.195320,0.110685,0.152696,0.216390,0.248672,0.232097,-0.411782,0.107431,0.002174,0.001215,0.001122,0.000652,0.000752,0.000718,0.000940,0.000844,0.001120,0.000959,0.107643,80
ensemble_disagreement_planner,payload_handover,combined_hidden_mechanisms,hidden_mechanism,0.475000,0.294066,0.287915,0.261545,0.104583,0.193039,0.104378,0.141600,0.207472,0.235995,0.221619,-0.279095,0.110121,0.002191,0.001026,0.001002,0.000622,0.000870,0.000646,0.000831,0.000775,0.000916,0.001127,0.110348,80
ensemble_disagreement_planner,payload_handover,combined_hidden_mechanisms,in_distribution,0.450000,0.310357,0.274189,0.247406,0.098139,0.190042,0.097795,0.131028,0.198381,0.223478,0.211683,-0.255746,0.109706,0.002240,0.001063,0.001115,0.000603,0.000851,0.000660,0.000814,0.000995,0.001162,0.001291,0.109765,80
ensemble_disagreement_planner,payload_handover,combined_hidden_mechanisms,long_horizon,0.425000,0.298192,0.293369,0.274279,0.106487,0.192070,0.106025,0.143526,0.211945,0.240762,0.226158,-0.348488,0.109011,0.002288,0.001124,0.001094,0.000595,0.000807,0.000682,0.000835,0.000988,0.001329,0.001216,0.109119,80
ensemble_disagreement_planner,payload_handover,combined_hidden_mechanisms,sparse_observation,0.362500,0.283604,0.294722,0.270855,0.106243,0.195214,0.109536,0.148959,0.212206,0.244575,0.226939,-0.418357,0.106008,0.001942,0.001267,0.001038,0.000739,0.000822,0.000594,0.000858,0.000858,0.001012,0.001075,0.105838,80
ensemble_disagreement_planner,payload_handover,compliance_shift,combined_stress,0.525000,0.373985,0.263313,0.252455,0.099725,0.183549,0.100101,0.133638,0.197365,0.226094,0.211426,-0.153880,0.110121,0.002266,0.000912,0.001066,0.000671,0.000891,0.000710,0.000887,0.000998,0.001289,0.001070,0.109802,80
ensemble_disagreement_planner,payload_handover,compliance_shift,hidden_mechanism,0.500000,0.400290,0.234466,0.219676,0.086409,0.177108,0.086764,0.110742,0.176072,0.197495,0.187853,-0.076505,0.110259,0.002272,0.001031,0.001120,0.000711,0.000801,0.000665,0.000892,0.000967,0.001131,0.001222,0.110595,80
ensemble_disagreement_planner,payload_handover,compliance_shift,in_distribution,0.550000,0.416153,0.220155,0.205372,0.080863,0.174432,0.081086,0.099597,0.165101,0.182457,0.175181,0.022153,0.109706,0.002180,0.001082,0.001096,0.000623,0.000799,0.000584,0.000891,0.000856,0.001103,0.000969,0.109440,80
ensemble_disagreement_planner,payload_handover,compliance_shift,long_horizon,0.587500,0.404247,0.240305,0.234441,0.090105,0.177779,0.088048,0.112936,0.182198,0.202603,0.193647,-0.013684,0.108557,0.001978,0.001077,0.001030,0.000633,0.000964,0.000725,0.000885,0.000824,0.000965,0.001084,0.108034,80
ensemble_disagreement_planner,payload_handover,compliance_shift,sparse_observation,0.550000,0.380103,0.248981,0.234152,0.092806,0.181366,0.096727,0.127799,0.186635,0.214269,0.200087,-0.081561,0.109706,0.002116,0.000942,0.001174,0.000666,0.000874,0.000633,0.000871,0.000925,0.001128,0.001122,0.109993,80
ensemble_disagreement_planner,payload_handover,contact_mode_flip,combined_stress,0.475000,0.339418,0.282065,0.267712,0.103822,0.189169,0.106570,0.143573,0.205813,0.236780,0.220275,-0.261660,0.110121,0.002193,0.001163,0.001032,0.000661,0.000799,0.000680,0.000985,0.000812,0.000983,0.001089,0.110123,80
ensemble_disagreement_planner,payload_handover,contact_mode_flip,hidden_mechanism,0.562500,0.365728,0.253956,0.236404,0.091502,0.183206,0.092072,0.120211,0.185568,0.208997,0.197457,-0.074751,0.109394,0.002289,0.001229,0.001114,0.000669,0.001006,0.000729,0.000869,0.001029,0.001169,0.001285,0.109377,80
ensemble_disagreement_planner,payload_handover,contact_mode_flip,in_distribution,0.675000,0.378735,0.239440,0.221164,0.085485,0.179921,0.086426,0.108660,0.175295,0.194787,0.186760,0.086652,0.103285,0.002250,0.001041,0.001025,0.000606,0.000854,0.000611,0.000947,0.000795,0.000959,0.000981,0.103228,80
ensemble_disagreement_planner,payload_handover,contact_mode_flip,long_horizon,0.500000,0.368790,0.260234,0.251767,0.094521,0.181214,0.093795,0.122889,0.190896,0.213703,0.203569,-0.161418,0.110259,0.002457,0.001163,0.001090,0.000663,0.000836,0.000732,0.000845,0.000826,0.000975,0.001089,0.110363,80
ensemble_disagreement_planner,payload_handover,contact_mode_flip,sparse_observation,0.462500,0.345598,0.267408,0.249692,0.097705,0.187204,0.102116,0.136635,0.196373,0.226146,0.210247,-0.227671,0.109948,0.002186,0.001175,0.001242,0.000622,0.000827,0.000644,0.000965,0.000881,0.001151,0.000995,0.109399,80
ensemble_disagreement_planner,payload_handover,friction_shift,combined_stress,0.487500,0.388494,0.254465,0.245723,0.097282,0.181614,0.098488,0.130353,0.193047,0.221052,0.206416,-0.165618,0.110224,0.002596,0.001091,0.000975,0.000705,0.000916,0.000622,0.000878,0.000868,0.001114,0.001052,0.110057,80
ensemble_disagreement_planner,payload_handover,friction_shift,hidden_mechanism,0.575000,0.418699,0.225180,0.214773,0.084174,0.175821,0.085444,0.106143,0.170339,0.190886,0.181463,0.025154,0.109011,0.002189,0.001060,0.001040,0.000657,0.000833,0.000599,0.000950,0.000875,0.001077,0.001020,0.109495,80
ensemble_disagreement_planner,payload_handover,friction_shift,in_distribution,0.675000,0.432148,0.210839,0.200366,0.077714,0.172100,0.078558,0.095871,0.160915,0.178108,0.170441,0.173862,0.103285,0.002316,0.001181,0.001053,0.000584,0.000895,0.000617,0.001001,0.000884,0.001033,0.001079,0.103311,80
ensemble_disagreement_planner,payload_handover,friction_shift,long_horizon,0.637500,0.420321,0.231787,0.228303,0.087425,0.174603,0.086458,0.109248,0.175602,0.195597,0.187020,0.063989,0.106008,0.002096,0.001120,0.001218,0.000573,0.000947,0.000697,0.001005,0.000878,0.001074,0.001163,0.106219,80
ensemble_disagreement_planner,payload_handover,friction_shift,sparse_observation,0.475000,0.396450,0.238973,0.229417,0.089531,0.180364,0.095219,0.123006,0.181418,0.208371,0.194277,-0.129250,0.110121,0.001981,0.001066,0.001047,0.000577,0.000931,0.000669,0.000853,0.000813,0.001142,0.001117,0.109856,80
ensemble_disagreement_planner,payload_handover,nominal,combined_stress,0.550000,0.444232,0.231398,0.230023,0.089842,0.175993,0.092253,0.119878,0.179287,0.205361,0.191620,-0.026933,0.109706,0.002225,0.001037,0.001226,0.000604,0.001005,0.000609,0.000875,0.000872,0.001085,0.001059,0.109943,80
ensemble_disagreement_planner,payload_handover,nominal,hidden_mechanism,0.650000,0.471380,0.203720,0.197703,0.076674,0.169059,0.079569,0.096162,0.157906,0.176257,0.167741,0.174154,0.105180,0.002238,0.001308,0.001148,0.000663,0.000859,0.000746,0.000895,0.000748,0.001062,0.001013,0.105205,80
ensemble_disagreement_planner,payload_handover,nominal,in_distribution,0.675000,0.484504,0.189145,0.183300,0.070983,0.166878,0.072921,0.085604,0.147448,0.162361,0.156534,0.247284,0.103285,0.002153,0.000995,0.001163,0.000632,0.000889,0.000696,0.000845,0.000838,0.001027,0.001044,0.103385,80
ensemble_disagreement_planner,payload_handover,nominal,long_horizon,0.662500,0.474131,0.210067,0.212586,0.080614,0.167876,0.081200,0.098720,0.163330,0.181661,0.173806,0.161495,0.104273,0.002025,0.001129,0.001106,0.000611,0.000895,0.000512,0.000908,0.000839,0.000958,0.000987,0.104214,80
ensemble_disagreement_planner,payload_handover,nominal,sparse_observation,0.612500,0.445521,0.218299,0.211263,0.083201,0.175297,0.089176,0.112597,0.168272,0.193124,0.180242,0.080038,0.107431,0.002203,0.001040,0.001099,0.000741,0.000978,0.000664,0.000762,0.001070,0.001257,0.001221,0.107451,80
ensemble_disagreement_planner,payload_handover,occlusion_persistence,combined_stress,0.500000,0.353251,0.273107,0.260863,0.101818,0.187667,0.105146,0.140942,0.201874,0.233036,0.216100,-0.212001,0.110259,0.002251,0.001074,0.001206,0.000661,0.000828,0.000619,0.000956,0.000840,0.001029,0.001085,0.110238,80
ensemble_disagreement_planner,payload_handover,occlusion_persistence,hidden_mechanism,0.587500,0.362551,0.249025,0.233266,0.089428,0.184912,0.097326,0.128480,0.183416,0.211505,0.196884,-0.045295,0.108557,0.002230,0.001028,0.001064,0.000696,0.000912,0.000718,0.000906,0.000830,0.001168,0.001029,0.108784,80
ensemble_disagreement_planner,payload_handover,occlusion_persistence,in_distribution,0.550000,0.378898,0.233570,0.220055,0.083702,0.181590,0.091681,0.117965,0.173753,0.197970,0.185581,-0.034368,0.109706,0.002020,0.001200,0.001226,0.000648,0.001116,0.000706,0.000930,0.000911,0.001095,0.001231,0.110379,80
ensemble_disagreement_planner,payload_handover,occlusion_persistence,long_horizon,0.400000,0.364184,0.255067,0.247927,0.093383,0.183826,0.098237,0.130444,0.188692,0.216568,0.201606,-0.257321,0.108031,0.002192,0.001005,0.001041,0.000746,0.000850,0.000708,0.000866,0.000883,0.001061,0.001020,0.107971,80
ensemble_disagreement_planner,payload_handover,occlusion_persistence,sparse_observation,0.550000,0.357563,0.257644,0.242277,0.094463,0.186660,0.101882,0.136077,0.191484,0.222307,0.205253,-0.114403,0.109706,0.002317,0.001114,0.001120,0.000707,0.000883,0.000607,0.000926,0.000748,0.000991,0.000802,0.109737,80
ensemble_disagreement_planner,payload_handover,payload_shift,combined_stress,0.412500,0.343353,0.274650,0.261813,0.103039,0.187761,0.103745,0.139777,0.204448,0.234378,0.218327,-0.306996,0.108557,0.002288,0.001160,0.000833,0.000688,0.000849,0.000700,0.000979,0.000995,0.001172,0.001142,0.108400,80
ensemble_disagreement_planner,payload_handover,payload_shift,hidden_mechanism,0.487500,0.368362,0.249339,0.232720,0.092162,0.181083,0.090326,0.117353,0.186498,0.208193,0.198329,-0.140870,0.110224,0.002025,0.001270,0.001237,0.000693,0.000927,0.000715,0.000861,0.000924,0.001148,0.001153,0.109900,80
ensemble_disagreement_planner,payload_handover,payload_shift,in_distribution,0.525000,0.381228,0.234971,0.217583,0.086385,0.178149,0.084684,0.105821,0.175665,0.194306,0.186691,-0.054739,0.110121,0.002208,0.000981,0.000874,0.000637,0.000903,0.000647,0.000806,0.000964,0.001147,0.001215,0.110117,80
ensemble_disagreement_planner,payload_handover,payload_shift,long_horizon,0.562500,0.370928,0.256500,0.246687,0.096278,0.179518,0.091752,0.119131,0.190987,0.212668,0.202834,-0.090331,0.109394,0.002145,0.000889,0.000965,0.000609,0.000910,0.000737,0.000923,0.000788,0.001063,0.001117,0.109355,80
ensemble_disagreement_planner,payload_handover,payload_shift,sparse_observation,0.500000,0.344116,0.263567,0.246170,0.098970,0.186346,0.100587,0.133996,0.197250,0.225845,0.210433,-0.184674,0.110259,0.001898,0.001197,0.001147,0.000737,0.000888,0.000560,0.000939,0.001007,0.001328,0.001184,0.110555,80
ensemble_disagreement_planner,peg_insert_with_lag,actuator_lag,combined_stress,0.475000,0.353718,0.274145,0.261782,0.102983,0.188740,0.104475,0.139931,0.204217,0.233289,0.218235,-0.240995,0.110121,0.002233,0.001167,0.001134,0.000618,0.000723,0.000743,0.000899,0.000867,0.001054,0.001154,0.110024,80
ensemble_disagreement_planner,peg_insert_with_lag,actuator_lag,hidden_mechanism,0.500000,0.379025,0.248500,0.231467,0.092184,0.182356,0.090310,0.117831,0.184320,0.205632,0.196109,-0.122094,0.110259,0.002171,0.001059,0.000946,0.000683,0.000953,0.000648,0.000852,0.000924,0.001121,0.001224,0.110095,80
ensemble_disagreement_planner,peg_insert_with_lag,actuator_lag,in_distribution,0.612500,0.392590,0.234327,0.216634,0.085723,0.178640,0.084388,0.106886,0.174671,0.192952,0.185225,0.039088,0.107431,0.002381,0.000995,0.001022,0.000694,0.000858,0.000694,0.000794,0.000839,0.000979,0.000960,0.107614,80
ensemble_disagreement_planner,peg_insert_with_lag,actuator_lag,long_horizon,0.575000,0.380998,0.253862,0.244736,0.094824,0.181722,0.091695,0.119527,0.190742,0.212705,0.203105,-0.069485,0.109011,0.002458,0.001182,0.000914,0.000623,0.000866,0.000612,0.000867,0.000753,0.000971,0.000930,0.109047,80
ensemble_disagreement_planner,peg_insert_with_lag,actuator_lag,sparse_observation,0.512500,0.356749,0.262363,0.245149,0.097898,0.187750,0.100911,0.134079,0.196862,0.225611,0.210419,-0.165214,0.110224,0.001870,0.001167,0.001020,0.000633,0.000784,0.000598,0.000947,0.000769,0.001124,0.001076,0.110424,80
ensemble_disagreement_planner,peg_insert_with_lag,combined_hidden_mechanisms,combined_stress,0.350000,0.281820,0.300805,0.285039,0.108678,0.197725,0.111267,0.154047,0.216911,0.249357,0.231873,-0.456398,0.105180,0.002208,0.001145,0.001138,0.000699,0.000879,0.000657,0.000757,0.000923,0.001218,0.001106,0.105608,80
ensemble_disagreement_planner,peg_insert_with_lag,combined_hidden_mechanisms,hidden_mechanism,0.350000,0.292366,0.291718,0.265200,0.104508,0.195089,0.105295,0.143713,0.208864,0.237850,0.223210,-0.413367,0.105180,0.002329,0.001091,0.001116,0.000627,0.000915,0.000634,0.000942,0.000893,0.001209,0.001274,0.105223,80
ensemble_disagreement_planner,peg_insert_with_lag,combined_hidden_mechanisms,in_distribution,0.462500,0.302420,0.278599,0.250330,0.099777,0.192547,0.099431,0.132304,0.200210,0.226372,0.213623,-0.257064,0.109948,0.002272,0.000978,0.001074,0.000697,0.000808,0.000658,0.000991,0.000997,0.001244,0.001228,0.109864,80
ensemble_disagreement_planner,peg_insert_with_lag,combined_hidden_mechanisms,long_horizon,0.375000,0.291875,0.295509,0.278597,0.107386,0.195348,0.105887,0.146277,0.214037,0.242975,0.229030,-0.409715,0.106757,0.001920,0.001193,0.001023,0.000682,0.000847,0.000623,0.000808,0.000900,0.001036,0.001093,0.106802,80
ensemble_disagreement_planner,peg_insert_with_lag,combined_hidden_mechanisms,sparse_observation,0.400000,0.282303,0.297532,0.273142,0.106836,0.197745,0.109146,0.151569,0.214691,0.246447,0.228820,-0.388953,0.108031,0.002100,0.001204,0.001041,0.000672,0.000866,0.000794,0.000965,0.000839,0.001141,0.001051,0.107955,80
ensemble_disagreement_planner,peg_insert_with_lag,compliance_shift,combined_stress,0.537500,0.369994,0.267216,0.256044,0.100848,0.186953,0.101574,0.136274,0.200022,0.228688,0.213330,-0.154350,0.109948,0.002047,0.001129,0.001063,0.000683,0.000875,0.000660,0.000937,0.000871,0.001124,0.001196,0.109869,80
ensemble_disagreement_planner,peg_insert_with_lag,compliance_shift,hidden_mechanism,0.637500,0.398771,0.237031,0.224488,0.087546,0.179832,0.088416,0.112897,0.177593,0.199425,0.189291,0.050057,0.106008,0.002228,0.001087,0.000988,0.000733,0.000820,0.000660,0.000852,0.000813,0.001112,0.001094,0.105988,80
ensemble_disagreement_planner,peg_insert_with_lag,compliance_shift,in_distribution,0.612500,0.413080,0.223274,0.209705,0.082213,0.176289,0.082222,0.101983,0.168059,0.186498,0.178387,0.072400,0.107431,0.001863,0.001038,0.001149,0.000640,0.000935,0.000604,0.000880,0.000825,0.001032,0.001074,0.107362,80
ensemble_disagreement_planner,peg_insert_with_lag,compliance_shift,long_horizon,0.625000,0.398769,0.244262,0.239885,0.091472,0.179269,0.089373,0.115329,0.184297,0.205516,0.195600,0.009647,0.106757,0.001973,0.001284,0.001049,0.000608,0.000881,0.000664,0.000851,0.000751,0.000950,0.000981,0.107077,80
ensemble_disagreement_planner,peg_insert_with_lag,compliance_shift,sparse_observation,0.387500,0.373869,0.251563,0.238326,0.093829,0.185238,0.097667,0.129556,0.189541,0.216596,0.202328,-0.256765,0.107431,0.002488,0.001014,0.001106,0.000646,0.000842,0.000574,0.000784,0.000949,0.001107,0.001089,0.107384,80
ensemble_disagreement_planner,peg_insert_with_lag,contact_mode_flip,combined_stress,0.450000,0.336645,0.286631,0.270783,0.104763,0.191718,0.106997,0.144819,0.209600,0.241312,0.224261,-0.298855,0.109706,0.002176,0.001077,0.000972,0.000657,0.000887,0.000699,0.000927,0.000732,0.001029,0.001010,0.109689,80
ensemble_disagreement_planner,peg_insert_with_lag,contact_mode_flip,hidden_mechanism,0.487500,0.362592,0.258409,0.240526,0.092050,0.184849,0.093591,0.122711,0.187682,0.211380,0.200495,-0.161871,0.110224,0.002195,0.000984,0.000993,0.000775,0.000884,0.000578,0.000827,0.000841,0.001055,0.001119,0.110549,80
ensemble_disagreement_planner,peg_insert_with_lag,contact_mode_flip,in_distribution,0.625000,0.376728,0.243932,0.225850,0.086701,0.182106,0.087513,0.111262,0.177189,0.197093,0.188349,0.023929,0.106757,0.002209,0.001071,0.001310,0.000574,0.000911,0.000687,0.000897,0.000840,0.001104,0.001053,0.107186,80
ensemble_disagreement_planner,peg_insert_with_lag,contact_mode_flip,long_horizon,0.475000,0.365864,0.263621,0.253979,0.095442,0.184618,0.094359,0.125325,0.193620,0.216826,0.205853,-0.196776,0.110121,0.002240,0.001180,0.001128,0.000642,0.000832,0.000684,0.000758,0.000872,0.001151,0.001005,0.110487,80
ensemble_disagreement_planner,peg_insert_with_lag,contact_mode_flip,sparse_observation,0.475000,0.340266,0.270965,0.254448,0.098853,0.189582,0.103241,0.139384,0.198430,0.228483,0.212634,-0.228358,0.110121,0.002421,0.001198,0.001203,0.000676,0.000872,0.000628,0.000909,0.000788,0.001015,0.000927,0.110340,80
ensemble_disagreement_planner,peg_insert_with_lag,friction_shift,combined_stress,0.550000,0.384391,0.258338,0.250120,0.097994,0.184746,0.099823,0.132211,0.194225,0.222180,0.207436,-0.115039,0.109706,0.002031,0.001258,0.001153,0.000668,0.000899,0.000593,0.001006,0.001048,0.001209,0.001174,0.109459,80
ensemble_disagreement_planner,peg_insert_with_lag,friction_shift,hidden_mechanism,0.687500,0.413509,0.229585,0.217781,0.084262,0.178043,0.086115,0.109052,0.172455,0.192904,0.183132,0.126435,0.102212,0.002176,0.000979,0.001140,0.000672,0.000809,0.000715,0.000871,0.000817,0.001022,0.001043,0.102142,80
ensemble_disagreement_planner,peg_insert_with_lag,friction_shift,in_distribution,0.550000,0.427764,0.214987,0.203599,0.078921,0.174928,0.079882,0.098607,0.162701,0.179496,0.172916,0.036513,0.109706,0.002488,0.001066,0.001210,0.000671,0.000777,0.000713,0.000805,0.000762,0.000951,0.001022,0.109671,80
ensemble_disagreement_planner,peg_insert_with_lag,friction_shift,long_horizon,0.600000,0.416355,0.236364,0.232796,0.088304,0.177885,0.087371,0.111790,0.179601,0.200265,0.190978,0.011957,0.108031,0.002133,0.001157,0.001214,0.000640,0.000956,0.000703,0.000870,0.000924,0.001183,0.001149,0.108231,80
ensemble_disagreement_planner,peg_insert_with_lag,friction_shift,sparse_observation,0.550000,0.391839,0.243603,0.232593,0.091014,0.182820,0.095855,0.126077,0.184246,0.211125,0.197088,-0.067618,0.109706,0.002094,0.001078,0.000855,0.000630,0.000995,0.000761,0.000881,0.000801,0.001081,0.001010,0.109753,80
ensemble_disagreement_planner,peg_insert_with_lag,nominal,combined_stress,0.550000,0.438243,0.235837,0.232814,0.091202,0.177236,0.094530,0.122453,0.181580,0.208324,0.194965,-0.040243,0.109706,0.002389,0.001055,0.001120,0.000668,0.000860,0.000722,0.000965,0.000855,0.000986,0.001164,0.109733,80
ensemble_disagreement_planner,peg_insert_with_lag,nominal,hidden_mechanism,0.637500,0.463646,0.207743,0.200718,0.077943,0.171531,0.080759,0.098474,0.158931,0.177931,0.169006,0.149135,0.106008,0.002187,0.001094,0.001162,0.000682,0.000939,0.000677,0.000905,0.000960,0.001146,0.001165,0.106339,80
ensemble_disagreement_planner,peg_insert_with_lag,nominal,in_distribution,0.750000,0.481238,0.193497,0.186953,0.072289,0.169131,0.074162,0.087303,0.149661,0.164322,0.159002,0.309846,0.095487,0.002071,0.001039,0.001188,0.000734,0.000899,0.000732,0.000886,0.000819,0.001065,0.000932,0.095460,80
ensemble_disagreement_planner,peg_insert_with_lag,nominal,long_horizon,0.575000,0.467051,0.213387,0.215618,0.081513,0.171128,0.082534,0.101540,0.165460,0.183963,0.175945,0.061601,0.109011,0.002293,0.001022,0.001092,0.000720,0.000919,0.000622,0.000949,0.000882,0.000976,0.001121,0.108906,80
ensemble_disagreement_planner,peg_insert_with_lag,nominal,sparse_observation,0.612500,0.444530,0.221113,0.215506,0.083869,0.176923,0.090971,0.115670,0.170544,0.196161,0.183160,0.069575,0.107431,0.002507,0.001021,0.001016,0.000644,0.000850,0.000645,0.001029,0.000820,0.000979,0.001022,0.107708,80
ensemble_disagreement_planner,peg_insert_with_lag,occlusion_persistence,combined_stress,0.487500,0.349629,0.276666,0.263944,0.102519,0.190870,0.105913,0.144123,0.203972,0.234909,0.218945,-0.235501,0.110224,0.002069,0.001064,0.001137,0.000656,0.000852,0.000607,0.000922,0.000802,0.001040,0.001095,0.110263,80
ensemble_disagreement_planner,peg_insert_with_lag,occlusion_persistence,hidden_mechanism,0.475000,0.359901,0.252982,0.237645,0.090818,0.188136,0.098450,0.130736,0.186725,0.214892,0.199896,-0.171355,0.110121,0.002078,0.001126,0.001040,0.000626,0.000830,0.000652,0.000844,0.000992,0.001195,0.001230,0.110346,80
ensemble_disagreement_planner,peg_insert_with_lag,occlusion_persistence,in_distribution,0.575000,0.373950,0.237468,0.221833,0.084790,0.184039,0.092608,0.120042,0.175873,0.200176,0.188360,-0.020174,0.109011,0.002290,0.000912,0.001160,0.000629,0.000941,0.000608,0.000889,0.000787,0.001131,0.001022,0.108800,80
ensemble_disagreement_planner,peg_insert_with_lag,occlusion_persistence,long_horizon,0.500000,0.361016,0.259552,0.251986,0.094514,0.187828,0.099978,0.134320,0.191682,0.219638,0.205509,-0.171708,0.110259,0.002326,0.001150,0.001037,0.000697,0.001008,0.000608,0.000934,0.000804,0.000988,0.000955,0.110113,80
ensemble_disagreement_planner,peg_insert_with_lag,occlusion_persistence,sparse_observation,0.525000,0.353431,0.262353,0.246725,0.096157,0.188971,0.102830,0.137686,0.194339,0.225081,0.207671,-0.153742,0.110121,0.002174,0.001118,0.001126,0.000739,0.000902,0.000681,0.000753,0.000933,0.001194,0.001072,0.109962,80
ensemble_disagreement_planner,peg_insert_with_lag,payload_shift,combined_stress,0.437500,0.338906,0.279183,0.264226,0.104240,0.188983,0.104586,0.141853,0.207253,0.236991,0.221779,-0.293852,0.109394,0.002251,0.001141,0.001267,0.000675,0.000886,0.000739,0.000762,0.000793,0.001045,0.001051,0.109583,80
ensemble_disagreement_planner,peg_insert_with_lag,payload_shift,hidden_mechanism,0.487500,0.364330,0.253037,0.235428,0.093401,0.182689,0.091211,0.119388,0.188058,0.209888,0.200058,-0.151422,0.110224,0.002136,0.001159,0.001051,0.000611,0.000916,0.000793,0.000926,0.000887,0.001258,0.001113,0.110061,80
ensemble_disagreement_planner,peg_insert_with_lag,payload_shift,in_distribution,0.512500,0.378919,0.239131,0.220549,0.088673,0.180573,0.085132,0.109648,0.178633,0.196973,0.189772,-0.080201,0.110224,0.002139,0.001175,0.000958,0.000619,0.000857,0.000674,0.000941,0.000744,0.001154,0.000965,0.110166,80
ensemble_disagreement_planner,peg_insert_with_lag,payload_shift,long_horizon,0.525000,0.366568,0.260871,0.249195,0.097192,0.182413,0.093065,0.122194,0.194949,0.216891,0.207626,-0.140976,0.110121,0.002257,0.001124,0.001009,0.000619,0.000862,0.000686,0.000928,0.000959,0.001229,0.001192,0.109910,80
ensemble_disagreement_planner,peg_insert_with_lag,payload_shift,sparse_observation,0.462500,0.341411,0.267289,0.249145,0.099537,0.188098,0.101320,0.136791,0.199032,0.227598,0.212736,-0.232055,0.109948,0.002240,0.000976,0.001132,0.000636,0.000994,0.000699,0.000834,0.000832,0.000937,0.001007,0.109929,80
failure_classifier_repair,cluttered_navigation_grasp,actuator_lag,combined_stress,0.450000,0.438089,0.234542,0.232683,0.090453,0.233664,0.087189,0.133092,0.183724,0.209157,0.194209,-0.154679,0.109706,0.001798,0.001148,0.001111,0.000704,0.000919,0.000601,0.000826,0.000862,0.001051,0.001158,0.109747,80
failure_classifier_repair,cluttered_navigation_grasp,actuator_lag,hidden_mechanism,0.537500,0.464696,0.209403,0.204355,0.080547,0.227016,0.076677,0.111009,0.165897,0.184926,0.174491,0.020989,0.109948,0.002346,0.001159,0.001163,0.000623,0.000867,0.000657,0.000854,0.000830,0.001079,0.000972,0.109844,80
failure_classifier_repair,cluttered_navigation_grasp,actuator_lag,in_distribution,0.625000,0.478475,0.196905,0.189866,0.075049,0.222278,0.070980,0.101147,0.156113,0.171800,0.164855,0.154478,0.106757,0.002067,0.001184,0.000967,0.000699,0.000757,0.000715,0.000716,0.000923,0.001016,0.001147,0.107072,80
failure_classifier_repair,cluttered_navigation_grasp,actuator_lag,long_horizon,0.537500,0.468249,0.216558,0.216629,0.084241,0.225511,0.076780,0.114615,0.171209,0.189399,0.180426,-0.001563,0.109948,0.001918,0.000954,0.000982,0.000658,0.000798,0.000697,0.001015,0.000835,0.001088,0.001107,0.109939,80
failure_classifier_repair,cluttered_navigation_grasp,actuator_lag,sparse_observation,0.425000,0.442325,0.223619,0.215832,0.085808,0.232856,0.085350,0.127265,0.175491,0.200890,0.185786,-0.142500,0.109011,0.002078,0.001072,0.001093,0.000716,0.000920,0.000695,0.000806,0.000839,0.001083,0.001127,0.109516,80
failure_classifier_repair,cluttered_navigation_grasp,combined_hidden_mechanisms,combined_stress,0.500000,0.378796,0.258415,0.251697,0.095425,0.244246,0.093722,0.146228,0.196052,0.225078,0.207699,-0.184074,0.110259,0.001911,0.000937,0.001077,0.000634,0.000829,0.000660,0.001011,0.000825,0.001064,0.000962,0.110105,80
failure_classifier_repair,cluttered_navigation_grasp,combined_hidden_mechanisms,hidden_mechanism,0.600000,0.388943,0.249760,0.234121,0.091867,0.240566,0.088504,0.134521,0.188390,0.213580,0.199527,-0.044049,0.108031,0.002216,0.001190,0.001040,0.000594,0.000823,0.000651,0.000823,0.000833,0.000985,0.000961,0.108207,80
failure_classifier_repair,cluttered_navigation_grasp,combined_hidden_mechanisms,in_distribution,0.550000,0.399131,0.237813,0.221640,0.086802,0.239343,0.083489,0.127201,0.179717,0.201255,0.190337,-0.054450,0.109706,0.002189,0.001129,0.001164,0.000618,0.000759,0.000634,0.000867,0.000919,0.001200,0.001167,0.109850,80
failure_classifier_repair,cluttered_navigation_grasp,combined_hidden_mechanisms,long_horizon,0.400000,0.390950,0.254145,0.246140,0.094270,0.241616,0.088658,0.137044,0.192093,0.217730,0.202787,-0.262571,0.108031,0.002016,0.001145,0.001032,0.000626,0.000861,0.000573,0.000859,0.001004,0.001282,0.001182,0.107890,80
failure_classifier_repair,cluttered_navigation_grasp,combined_hidden_mechanisms,sparse_observation,0.650000,0.377326,0.254675,0.240552,0.093599,0.243578,0.092984,0.143232,0.193004,0.222039,0.204464,-0.017374,0.105180,0.002204,0.001043,0.001106,0.000700,0.000771,0.000692,0.001024,0.000886,0.001032,0.000934,0.105032,80
failure_classifier_repair,cluttered_navigation_grasp,compliance_shift,combined_stress,0.537500,0.456186,0.227517,0.227321,0.088414,0.231517,0.085662,0.130084,0.180548,0.205708,0.191689,-0.044138,0.109948,0.002369,0.000998,0.001132,0.000642,0.000936,0.000633,0.000866,0.000761,0.001117,0.000970,0.109805,80
failure_classifier_repair,cluttered_navigation_grasp,compliance_shift,hidden_mechanism,0.575000,0.478917,0.200746,0.197593,0.077230,0.224106,0.073571,0.105979,0.159422,0.177820,0.168263,0.087746,0.109011,0.002116,0.001168,0.001117,0.000618,0.000843,0.000523,0.000800,0.000941,0.001106,0.001145,0.109320,80
failure_classifier_repair,cluttered_navigation_grasp,compliance_shift,in_distribution,0.662500,0.493290,0.187325,0.185370,0.071580,0.219650,0.067707,0.096234,0.151080,0.165976,0.158376,0.219737,0.104273,0.002219,0.000968,0.001072,0.000616,0.000889,0.000705,0.000811,0.000978,0.001206,0.001295,0.104319,80
failure_classifier_repair,cluttered_navigation_grasp,compliance_shift,long_horizon,0.675000,0.484279,0.206822,0.211513,0.080058,0.223369,0.074915,0.109111,0.164827,0.182232,0.173820,0.165561,0.103285,0.002172,0.001113,0.001055,0.000627,0.000856,0.000615,0.000826,0.000972,0.001183,0.001173,0.103428,80
failure_classifier_repair,cluttered_navigation_grasp,compliance_shift,sparse_observation,0.500000,0.459717,0.213001,0.210730,0.082477,0.229563,0.083240,0.122453,0.169785,0.194437,0.179816,-0.037598,0.110259,0.002222,0.001006,0.001038,0.000592,0.000910,0.000615,0.000738,0.000781,0.001073,0.001158,0.110376,80
failure_classifier_repair,cluttered_navigation_grasp,contact_mode_flip,combined_stress,0.537500,0.423462,0.246012,0.241192,0.092080,0.237019,0.090667,0.137830,0.188519,0.215767,0.199584,-0.097952,0.109948,0.001819,0.001133,0.001167,0.000740,0.000990,0.000626,0.000944,0.000821,0.001155,0.001091,0.109922,80
failure_classifier_repair,cluttered_navigation_grasp,contact_mode_flip,hidden_mechanism,0.537500,0.448532,0.219653,0.212117,0.080496,0.229927,0.077824,0.116174,0.167926,0.187906,0.176575,-0.003761,0.109948,0.001850,0.001180,0.001183,0.000703,0.000949,0.000663,0.000790,0.000937,0.001197,0.001257,0.109931,80
failure_classifier_repair,cluttered_navigation_grasp,contact_mode_flip,in_distribution,0.650000,0.462824,0.206098,0.198775,0.075324,0.226378,0.072268,0.104518,0.158503,0.175155,0.167082,0.154332,0.105180,0.002099,0.001122,0.001024,0.000627,0.000801,0.000666,0.000876,0.000752,0.000976,0.001070,0.105227,80
failure_classifier_repair,cluttered_navigation_grasp,contact_mode_flip,long_horizon,0.587500,0.453538,0.225041,0.226105,0.084067,0.229130,0.078561,0.118057,0.173598,0.193221,0.182617,0.024156,0.108557,0.002208,0.001089,0.001062,0.000512,0.000846,0.000660,0.001010,0.000943,0.001215,0.001206,0.108555,80
failure_classifier_repair,cluttered_navigation_grasp,contact_mode_flip,sparse_observation,0.537500,0.426722,0.231853,0.224093,0.086721,0.235512,0.087273,0.131268,0.178142,0.204230,0.188587,-0.054615,0.109948,0.002362,0.000997,0.000943,0.000750,0.000904,0.000633,0.001010,0.000845,0.001055,0.001082,0.109929,80
failure_classifier_repair,cluttered_navigation_grasp,friction_shift,combined_stress,0.600000,0.470181,0.219230,0.221821,0.086423,0.229018,0.083783,0.125546,0.175030,0.199583,0.184787,0.043330,0.108031,0.001985,0.001118,0.001205,0.000718,0.000974,0.000632,0.000874,0.000894,0.001130,0.001184,0.107754,80
failure_classifier_repair,cluttered_navigation_grasp,friction_shift,hidden_mechanism,0.675000,0.494946,0.191536,0.191827,0.073872,0.221993,0.072378,0.103291,0.154448,0.172067,0.163229,0.214690,0.103285,0.002016,0.001128,0.001101,0.000629,0.000828,0.000635,0.000877,0.000909,0.001160,0.001140,0.103157,80
failure_classifier_repair,cluttered_navigation_grasp,friction_shift,in_distribution,0.675000,0.507921,0.178341,0.178087,0.068939,0.218126,0.067108,0.092431,0.145378,0.159297,0.152967,0.259121,0.103285,0.002111,0.001137,0.001286,0.000609,0.000941,0.000749,0.000860,0.000845,0.001004,0.001165,0.103544,80
failure_classifier_repair,cluttered_navigation_grasp,friction_shift,long_horizon,0.637500,0.496522,0.198313,0.205862,0.077575,0.220993,0.072929,0.104980,0.160199,0.177479,0.168183,0.152640,0.106008,0.002323,0.001152,0.001180,0.000668,0.000886,0.000654,0.000808,0.000846,0.001091,0.001058,0.105813,80
failure_classifier_repair,cluttered_navigation_grasp,friction_shift,sparse_observation,0.575000,0.470488,0.205225,0.205190,0.080241,0.227684,0.081507,0.119909,0.164696,0.189040,0.174527,0.060151,0.109011,0.001713,0.001002,0.001035,0.000610,0.000921,0.000664,0.000873,0.000792,0.000985,0.001082,0.109102,80
failure_classifier_repair,cluttered_navigation_grasp,nominal,combined_stress,0.625000,0.514428,0.198966,0.206766,0.080631,0.222298,0.080249,0.115496,0.163222,0.186602,0.172352,0.133332,0.106757,0.002318,0.000960,0.001023,0.000666,0.000957,0.000681,0.000888,0.000935,0.001186,0.001112,0.106618,80
failure_classifier_repair,cluttered_navigation_grasp,nominal,hidden_mechanism,0.775000,0.540611,0.172853,0.177994,0.067834,0.214378,0.068014,0.093023,0.142887,0.158708,0.150766,0.378629,0.092084,0.002371,0.001204,0.001053,0.000703,0.000919,0.000589,0.000862,0.000916,0.001222,0.001116,0.092064,80
failure_classifier_repair,cluttered_navigation_grasp,nominal,in_distribution,0.725000,0.553010,0.158813,0.163824,0.062019,0.209860,0.062081,0.083093,0.132803,0.145722,0.139656,0.375919,0.098464,0.002222,0.001043,0.000936,0.000680,0.000855,0.000583,0.000900,0.000953,0.001011,0.001081,0.098111,80
failure_classifier_repair,cluttered_navigation_grasp,nominal,long_horizon,0.550000,0.543052,0.177820,0.191033,0.070925,0.213993,0.068864,0.095673,0.148132,0.163682,0.155650,0.132243,0.109706,0.002022,0.001088,0.001123,0.000699,0.000721,0.000650,0.000829,0.000807,0.001080,0.000935,0.109778,80
failure_classifier_repair,cluttered_navigation_grasp,nominal,sparse_observation,0.675000,0.517625,0.184387,0.189388,0.073478,0.219941,0.077761,0.110561,0.152983,0.175777,0.162575,0.228486,0.103285,0.002084,0.001175,0.001109,0.000669,0.000917,0.000670,0.000821,0.000942,0.001184,0.001284,0.103217,80
failure_classifier_repair,cluttered_navigation_grasp,occlusion_persistence,combined_stress,0.587500,0.436392,0.235481,0.234369,0.090082,0.235788,0.089733,0.135489,0.184610,0.212554,0.195544,-0.022604,0.108557,0.002156,0.001019,0.001063,0.000706,0.000954,0.000583,0.000955,0.000913,0.001158,0.001097,0.108940,80
failure_classifier_repair,cluttered_navigation_grasp,occlusion_persistence,hidden_mechanism,0.625000,0.443093,0.213194,0.209925,0.079719,0.231906,0.083200,0.123644,0.166885,0.191608,0.176737,0.086031,0.106757,0.002375,0.001140,0.001007,0.000711,0.000868,0.000542,0.000806,0.000983,0.001181,0.001117,0.107005,80
failure_classifier_repair,cluttered_navigation_grasp,occlusion_persistence,in_distribution,0.562500,0.455553,0.199687,0.196364,0.073554,0.228817,0.078310,0.113760,0.157057,0.179141,0.166534,0.069079,0.109394,0.002381,0.000914,0.001099,0.000754,0.000862,0.000628,0.000880,0.000860,0.000983,0.000978,0.109274,80
failure_classifier_repair,cluttered_navigation_grasp,occlusion_persistence,long_horizon,0.512500,0.448031,0.219779,0.222473,0.082961,0.232763,0.084813,0.125704,0.172782,0.197477,0.182922,-0.049355,0.110224,0.002187,0.001171,0.001047,0.000574,0.000894,0.000695,0.000778,0.000825,0.001014,0.001187,0.110306,80
failure_classifier_repair,cluttered_navigation_grasp,occlusion_persistence,sparse_observation,0.512500,0.435488,0.222051,0.218529,0.084149,0.235052,0.086938,0.131280,0.173569,0.201172,0.183914,-0.057332,0.110224,0.002167,0.001129,0.001229,0.000805,0.000877,0.000717,0.000899,0.000905,0.001029,0.001062,0.110038,80
failure_classifier_repair,cluttered_navigation_grasp,payload_shift,combined_stress,0.487500,0.427620,0.237107,0.234987,0.091529,0.235215,0.088502,0.133986,0.186048,0.212305,0.197588,-0.128867,0.110224,0.002251,0.001133,0.001035,0.000696,0.001004,0.000565,0.000939,0.000797,0.001091,0.000876,0.110226,80
failure_classifier_repair,cluttered_navigation_grasp,payload_shift,hidden_mechanism,0.575000,0.452040,0.214249,0.207530,0.082007,0.228714,0.076041,0.113046,0.169098,0.188058,0.177742,0.043096,0.109011,0.002011,0.001200,0.000989,0.000660,0.000929,0.000725,0.000806,0.000945,0.001200,0.001119,0.109231,80
failure_classifier_repair,cluttered_navigation_grasp,payload_shift,in_distribution,0.662500,0.466119,0.201558,0.192903,0.076728,0.224331,0.071517,0.102717,0.159636,0.175387,0.168351,0.175889,0.104273,0.002581,0.001166,0.001049,0.000717,0.000956,0.000679,0.000821,0.000844,0.001067,0.001099,0.104370,80
failure_classifier_repair,cluttered_navigation_grasp,payload_shift,long_horizon,0.550000,0.458303,0.221292,0.221018,0.085633,0.227436,0.078023,0.115912,0.173889,0.192181,0.182908,-0.004909,0.109706,0.002135,0.001142,0.001186,0.000599,0.000817,0.000706,0.000935,0.000782,0.001155,0.001039,0.109773,80
failure_classifier_repair,cluttered_navigation_grasp,payload_shift,sparse_observation,0.562500,0.430634,0.227109,0.220740,0.088077,0.234087,0.086322,0.129130,0.178829,0.204615,0.189948,-0.021799,0.109394,0.002191,0.001078,0.001273,0.000621,0.000907,0.000673,0.000893,0.000914,0.001192,0.001007,0.109729,80
failure_classifier_repair,deformable_bin_pick,actuator_lag,combined_stress,0.512500,0.441813,0.232319,0.229266,0.090379,0.234358,0.086811,0.132006,0.182718,0.208649,0.193263,-0.085269,0.110224,0.002002,0.001169,0.001106,0.000674,0.000913,0.000601,0.000943,0.000918,0.001111,0.001292,0.110444,80
failure_classifier_repair,deformable_bin_pick,actuator_lag,hidden_mechanism,0.650000,0.467112,0.206383,0.202151,0.080113,0.226448,0.075042,0.111120,0.164581,0.182969,0.173474,0.141137,0.105180,0.001952,0.000999,0.001136,0.000591,0.000926,0.000569,0.000818,0.000773,0.001030,0.001164,0.104977,80
failure_classifier_repair,deformable_bin_pick,actuator_lag,in_distribution,0.500000,0.480937,0.195103,0.188597,0.074912,0.222937,0.070370,0.099776,0.155686,0.171025,0.164020,0.033785,0.110259,0.002273,0.001034,0.001203,0.000640,0.000732,0.000684,0.000811,0.000920,0.001123,0.001177,0.110292,80
failure_classifier_repair,deformable_bin_pick,actuator_lag,long_horizon,0.537500,0.470943,0.213693,0.214335,0.082975,0.225195,0.076502,0.113133,0.170252,0.189556,0.178942,0.006259,0.109948,0.002337,0.001031,0.001186,0.000621,0.000912,0.000614,0.000845,0.000907,0.001147,0.001077,0.109660,80
failure_classifier_repair,deformable_bin_pick,actuator_lag,sparse_observation,0.687500,0.443186,0.220673,0.214270,0.085542,0.233209,0.084488,0.126278,0.175738,0.200746,0.186289,0.124900,0.102212,0.002474,0.001155,0.001179,0.000682,0.000943,0.000637,0.000772,0.000978,0.001141,0.001113,0.102376,80
failure_classifier_repair,deformable_bin_pick,combined_hidden_mechanisms,combined_stress,0.425000,0.378059,0.258145,0.251798,0.095651,0.243569,0.093797,0.145371,0.195464,0.224407,0.207222,-0.258681,0.109011,0.002177,0.000910,0.001082,0.000630,0.000890,0.000738,0.000871,0.001025,0.001165,0.001204,0.108946,80
failure_classifier_repair,deformable_bin_pick,combined_hidden_mechanisms,hidden_mechanism,0.462500,0.386949,0.249086,0.233325,0.092039,0.241763,0.088456,0.134748,0.188285,0.213765,0.198951,-0.181479,0.109948,0.002122,0.001141,0.001182,0.000694,0.000909,0.000614,0.000920,0.000985,0.001154,0.001176,0.110109,80
failure_classifier_repair,deformable_bin_pick,combined_hidden_mechanisms,in_distribution,0.537500,0.401980,0.235035,0.219262,0.086681,0.237881,0.082205,0.125417,0.179979,0.201464,0.189594,-0.060124,0.109948,0.002252,0.001072,0.001033,0.000656,0.000841,0.000638,0.000839,0.000816,0.001135,0.001018,0.109877,80
failure_classifier_repair,deformable_bin_pick,combined_hidden_mechanisms,long_horizon,0.462500,0.390421,0.252306,0.246333,0.092999,0.241841,0.088646,0.137419,0.191850,0.217030,0.202689,-0.197355,0.109948,0.002124,0.001137,0.001186,0.000731,0.000881,0.000697,0.000825,0.000901,0.001175,0.001055,0.109714,80
failure_classifier_repair,deformable_bin_pick,combined_hidden_mechanisms,sparse_observation,0.400000,0.378002,0.253629,0.240312,0.094177,0.244259,0.092329,0.142697,0.193191,0.221121,0.204760,-0.266465,0.108031,0.002195,0.001207,0.001048,0.000616,0.000815,0.000648,0.000973,0.000750,0.001057,0.000991,0.108373,80
failure_classifier_repair,deformable_bin_pick,compliance_shift,combined_stress,0.550000,0.457812,0.225121,0.224485,0.089323,0.232523,0.085615,0.128790,0.179327,0.204310,0.189546,-0.026860,0.109706,0.002020,0.001215,0.001036,0.000690,0.000820,0.000571,0.000950,0.000859,0.000985,0.001082,0.109445,80
failure_classifier_repair,deformable_bin_pick,compliance_shift,hidden_mechanism,0.600000,0.482585,0.197038,0.195773,0.076605,0.224359,0.073645,0.105453,0.158571,0.176417,0.167247,0.120013,0.108031,0.002045,0.001162,0.001045,0.000616,0.000832,0.000657,0.001007,0.000872,0.001006,0.001063,0.108129,80
failure_classifier_repair,deformable_bin_pick,compliance_shift,in_distribution,0.662500,0.498100,0.185109,0.182216,0.070536,0.219686,0.067849,0.094098,0.149777,0.164840,0.157791,0.228141,0.104273,0.002322,0.001009,0.001063,0.000599,0.000862,0.000655,0.000886,0.000820,0.000934,0.001024,0.103857,80
failure_classifier_repair,deformable_bin_pick,compliance_shift,long_horizon,0.575000,0.486940,0.204787,0.208916,0.079527,0.222594,0.074661,0.108103,0.163905,0.182287,0.172499,0.072083,0.109011,0.001940,0.001068,0.001063,0.000685,0.000844,0.000686,0.000989,0.000857,0.001147,0.001092,0.109102,80
failure_classifier_repair,deformable_bin_pick,compliance_shift,sparse_observation,0.625000,0.460294,0.211189,0.208599,0.082118,0.229688,0.082182,0.121907,0.168429,0.192925,0.178315,0.092815,0.106757,0.002059,0.001191,0.001031,0.000625,0.000989,0.000595,0.000762,0.000821,0.000954,0.000946,0.106759,80
failure_classifier_repair,deformable_bin_pick,contact_mode_flip,combined_stress,0.537500,0.425884,0.242160,0.239373,0.091739,0.238403,0.089971,0.136871,0.186964,0.214609,0.197975,-0.090660,0.109948,0.002114,0.001134,0.001047,0.000657,0.000803,0.000645,0.000866,0.000987,0.001148,0.001242,0.109854,80
failure_classifier_repair,deformable_bin_pick,contact_mode_flip,hidden_mechanism,0.600000,0.450231,0.216582,0.209900,0.080536,0.230731,0.078018,0.113881,0.167319,0.187047,0.176152,0.064329,0.108031,0.002401,0.000941,0.001111,0.000606,0.000811,0.000617,0.000986,0.000935,0.001134,0.001165,0.108253,80
failure_classifier_repair,deformable_bin_pick,contact_mode_flip,in_distribution,0.600000,0.464427,0.204079,0.196510,0.074668,0.226134,0.072629,0.104009,0.157442,0.173786,0.166076,0.109848,0.108031,0.002242,0.001153,0.001062,0.000668,0.000816,0.000641,0.000820,0.000698,0.000950,0.000847,0.107852,80
failure_classifier_repair,deformable_bin_pick,contact_mode_flip,long_horizon,0.437500,0.455264,0.223213,0.223177,0.083583,0.230153,0.078946,0.117024,0.172448,0.191998,0.181804,-0.120355,0.109394,0.002048,0.001087,0.001075,0.000649,0.000768,0.000642,0.000761,0.000802,0.000973,0.000986,0.109472,80
failure_classifier_repair,deformable_bin_pick,contact_mode_flip,sparse_observation,0.587500,0.429387,0.229626,0.222978,0.086199,0.236435,0.086974,0.130704,0.178126,0.204482,0.188244,-0.000234,0.108557,0.001892,0.001247,0.001310,0.000635,0.000802,0.000744,0.000803,0.000791,0.001059,0.001137,0.109027,80
failure_classifier_repair,deformable_bin_pick,friction_shift,combined_stress,0.675000,0.470066,0.216526,0.219687,0.085803,0.228943,0.084266,0.125045,0.174288,0.198830,0.184497,0.123430,0.103285,0.001897,0.001259,0.001033,0.000520,0.000884,0.000656,0.000835,0.000808,0.000964,0.001149,0.102920,80
failure_classifier_repair,deformable_bin_pick,friction_shift,hidden_mechanism,0.675000,0.493993,0.189954,0.190377,0.073470,0.221805,0.072820,0.101799,0.153818,0.171535,0.161858,0.217894,0.103285,0.001916,0.001070,0.001073,0.000627,0.000917,0.000605,0.000973,0.000823,0.001018,0.001013,0.103312,80
failure_classifier_repair,deformable_bin_pick,friction_shift,in_distribution,0.562500,0.510674,0.177238,0.175909,0.068294,0.217160,0.066438,0.090469,0.143623,0.157774,0.151238,0.153114,0.109394,0.001962,0.001029,0.001230,0.000753,0.000824,0.000660,0.000819,0.000779,0.000919,0.001004,0.109589,80
failure_classifier_repair,deformable_bin_pick,friction_shift,long_horizon,0.637500,0.500744,0.195788,0.204625,0.077177,0.220845,0.072911,0.105407,0.159016,0.176224,0.166728,0.158507,0.106008,0.002139,0.001076,0.000983,0.000650,0.001007,0.000640,0.000892,0.000909,0.001066,0.001089,0.105821,80
failure_classifier_repair,deformable_bin_pick,friction_shift,sparse_observation,0.675000,0.474105,0.202276,0.203450,0.079312,0.227684,0.081216,0.118763,0.163982,0.187887,0.173674,0.167270,0.103285,0.001886,0.001243,0.001105,0.000706,0.000820,0.000692,0.000820,0.000730,0.000941,0.000972,0.102971,80
failure_classifier_repair,deformable_bin_pick,nominal,combined_stress,0.637500,0.518745,0.195984,0.203710,0.079820,0.221737,0.079551,0.114883,0.162978,0.186248,0.172790,0.154102,0.106008,0.002139,0.001128,0.001042,0.000634,0.000866,0.000683,0.000858,0.000868,0.001086,0.001145,0.106057,80
failure_classifier_repair,deformable_bin_pick,nominal,hidden_mechanism,0.737500,0.539353,0.169008,0.175063,0.067292,0.214552,0.067581,0.092538,0.141296,0.156838,0.149037,0.348390,0.097026,0.002188,0.001148,0.000986,0.000579,0.000836,0.000745,0.000826,0.000782,0.000965,0.001036,0.096948,80
failure_classifier_repair,deformable_bin_pick,nominal,in_distribution,0.725000,0.555678,0.156728,0.162781,0.062580,0.209574,0.062114,0.081500,0.131620,0.143876,0.138724,0.380112,0.098464,0.002254,0.001140,0.001046,0.000620,0.000912,0.000636,0.000775,0.000921,0.001159,0.001030,0.098786,80
failure_classifier_repair,deformable_bin_pick,nominal,long_horizon,0.600000,0.547482,0.176031,0.188616,0.070601,0.213713,0.068658,0.094884,0.147539,0.163948,0.155321,0.188353,0.108031,0.002092,0.001159,0.001224,0.000680,0.000866,0.000666,0.000907,0.000867,0.001105,0.001200,0.108233,80
failure_classifier_repair,deformable_bin_pick,nominal,sparse_observation,0.587500,0.520862,0.183238,0.187430,0.072761,0.220474,0.076427,0.108929,0.151280,0.173216,0.161081,0.147402,0.108557,0.002366,0.001075,0.001020,0.000646,0.000828,0.000688,0.000855,0.000962,0.001317,0.001159,0.108452,80
failure_classifier_repair,deformable_bin_pick,occlusion_persistence,combined_stress,0.562500,0.436044,0.233670,0.232722,0.090326,0.234595,0.089157,0.135162,0.182519,0.210481,0.193756,-0.042955,0.109394,0.002271,0.001085,0.001215,0.000641,0.000816,0.000575,0.000815,0.000896,0.001085,0.001016,0.109671,80
failure_classifier_repair,deformable_bin_pick,occlusion_persistence,hidden_mechanism,0.537500,0.447024,0.211228,0.207110,0.079100,0.232141,0.083578,0.123264,0.165769,0.190423,0.175958,0.005038,0.109948,0.002199,0.001072,0.001184,0.000648,0.000882,0.000681,0.000913,0.000829,0.001111,0.001054,0.110239,80
failure_classifier_repair,deformable_bin_pick,occlusion_persistence,in_distribution,0.625000,0.461705,0.196820,0.193613,0.073674,0.228968,0.077790,0.112771,0.156854,0.178553,0.166395,0.138892,0.106757,0.002155,0.001000,0.001239,0.000638,0.000881,0.000544,0.000803,0.001035,0.001218,0.001232,0.106959,80
failure_classifier_repair,deformable_bin_pick,occlusion_persistence,long_horizon,0.625000,0.449557,0.217535,0.221106,0.082316,0.231947,0.084267,0.124648,0.171095,0.196154,0.181102,0.069304,0.106757,0.002420,0.001157,0.001052,0.000571,0.000809,0.000724,0.000922,0.000959,0.001220,0.001130,0.106773,80
failure_classifier_repair,deformable_bin_pick,occlusion_persistence,sparse_observation,0.550000,0.438836,0.219646,0.216863,0.083594,0.234936,0.087041,0.129799,0.173443,0.199861,0.183661,-0.014243,0.109706,0.001997,0.001153,0.001000,0.000647,0.000924,0.000626,0.000877,0.000816,0.001087,0.001161,0.109583,80
failure_classifier_repair,deformable_bin_pick,payload_shift,combined_stress,0.700000,0.428636,0.235693,0.233047,0.090862,0.235362,0.087800,0.133477,0.185965,0.211956,0.196534,0.087983,0.101054,0.002100,0.001071,0.001141,0.000673,0.000878,0.000665,0.000945,0.000830,0.001028,0.001033,0.100980,80
failure_classifier_repair,deformable_bin_pick,payload_shift,hidden_mechanism,0.600000,0.453955,0.212475,0.204674,0.081451,0.228417,0.076356,0.111477,0.168147,0.187112,0.177199,0.074032,0.108031,0.002239,0.001163,0.001167,0.000751,0.000850,0.000670,0.000909,0.000854,0.001097,0.001159,0.107980,80
failure_classifier_repair,deformable_bin_pick,payload_shift,in_distribution,0.625000,0.465734,0.199201,0.191484,0.076180,0.224866,0.071102,0.101641,0.158586,0.174127,0.166344,0.143060,0.106757,0.001818,0.001096,0.001116,0.000601,0.000893,0.000638,0.000857,0.000888,0.001155,0.001184,0.106651,80
failure_classifier_repair,deformable_bin_pick,payload_shift,long_horizon,0.512500,0.458826,0.217824,0.219029,0.085176,0.227515,0.076717,0.113975,0.173864,0.192630,0.182746,-0.035924,0.110224,0.002202,0.001164,0.001226,0.000668,0.001015,0.000658,0.000838,0.000787,0.000979,0.000899,0.109937,80
failure_classifier_repair,deformable_bin_pick,payload_shift,sparse_observation,0.462500,0.433186,0.226000,0.218085,0.087200,0.234512,0.085306,0.129016,0.178378,0.203768,0.188433,-0.116187,0.109948,0.001830,0.001193,0.001068,0.000724,0.000946,0.000657,0.000845,0.000819,0.001147,0.001127,0.109779,80
failure_classifier_repair,drawer_contact_repair,actuator_lag,combined_stress,0.487500,0.448243,0.228196,0.225431,0.089238,0.231852,0.086413,0.129843,0.180543,0.206018,0.191986,-0.097309,0.110224,0.002269,0.000996,0.001112,0.000641,0.000968,0.000556,0.000795,0.000846,0.000916,0.000990,0.110069,80
failure_classifier_repair,drawer_contact_repair,actuator_lag,hidden_mechanism,0.637500,0.472628,0.202799,0.196339,0.078745,0.224708,0.075163,0.107867,0.162228,0.180835,0.171592,0.142391,0.106008,0.002314,0.001102,0.001154,0.000607,0.000685,0.000733,0.000858,0.000983,0.001159,0.001186,0.105863,80
failure_classifier_repair,drawer_contact_repair,actuator_lag,in_distribution,0.575000,0.485417,0.189545,0.184092,0.073951,0.220429,0.068874,0.097750,0.152941,0.168124,0.160561,0.123668,0.109011,0.002434,0.001123,0.001061,0.000650,0.000922,0.000622,0.000884,0.000900,0.001083,0.001041,0.108687,80
failure_classifier_repair,drawer_contact_repair,actuator_lag,long_horizon,0.550000,0.476340,0.208955,0.211360,0.082035,0.223843,0.075179,0.110226,0.167894,0.186190,0.176711,0.031473,0.109706,0.002017,0.001154,0.001275,0.000635,0.001011,0.000606,0.000866,0.000774,0.000980,0.001003,0.109811,80
failure_classifier_repair,drawer_contact_repair,actuator_lag,sparse_observation,0.512500,0.453219,0.215465,0.209373,0.085270,0.230681,0.083951,0.124120,0.172688,0.197601,0.182466,-0.034361,0.110224,0.002174,0.000923,0.001132,0.000636,0.000848,0.000714,0.000906,0.000757,0.000886,0.000965,0.110476,80
failure_classifier_repair,drawer_contact_repair,combined_hidden_mechanisms,combined_stress,0.650000,0.382649,0.255123,0.250856,0.094534,0.243410,0.092666,0.142967,0.193835,0.222640,0.206473,-0.025253,0.105180,0.002168,0.001166,0.001048,0.000622,0.000915,0.000634,0.000764,0.000822,0.001054,0.001006,0.105021,80
failure_classifier_repair,drawer_contact_repair,combined_hidden_mechanisms,hidden_mechanism,0.587500,0.391522,0.245259,0.228181,0.091431,0.240272,0.087449,0.133163,0.185394,0.210447,0.196449,-0.043594,0.108557,0.002298,0.001185,0.001194,0.000584,0.000893,0.000672,0.000770,0.000761,0.000940,0.001004,0.108889,80
failure_classifier_repair,drawer_contact_repair,combined_hidden_mechanisms,in_distribution,0.525000,0.408786,0.232005,0.215114,0.085622,0.236389,0.081532,0.121817,0.176700,0.198257,0.186586,-0.059544,0.110121,0.001763,0.001202,0.001122,0.000703,0.000853,0.000624,0.000974,0.000959,0.001142,0.001200,0.110089,80
failure_classifier_repair,drawer_contact_repair,combined_hidden_mechanisms,long_horizon,0.550000,0.395366,0.248300,0.242508,0.092679,0.239474,0.088231,0.134025,0.188576,0.213737,0.199756,-0.097462,0.109706,0.002352,0.001073,0.001084,0.000674,0.000826,0.000672,0.000857,0.000882,0.001034,0.001020,0.109412,80
failure_classifier_repair,drawer_contact_repair,combined_hidden_mechanisms,sparse_observation,0.500000,0.383364,0.249513,0.237840,0.093060,0.242571,0.091752,0.140122,0.190662,0.218779,0.202431,-0.154801,0.110259,0.002065,0.001151,0.001171,0.000667,0.000771,0.000697,0.001050,0.000953,0.001081,0.001189,0.110132,80
failure_classifier_repair,drawer_contact_repair,compliance_shift,combined_stress,0.600000,0.462687,0.222057,0.219988,0.088227,0.229232,0.084411,0.125826,0.176798,0.201968,0.186924,0.036126,0.108031,0.002306,0.001007,0.001116,0.000694,0.001013,0.000694,0.000867,0.000803,0.001044,0.000959,0.108181,80
failure_classifier_repair,drawer_contact_repair,compliance_shift,hidden_mechanism,0.662500,0.488220,0.193315,0.191271,0.075517,0.221906,0.072339,0.103462,0.155679,0.173728,0.163936,0.196200,0.104273,0.002103,0.001045,0.001067,0.000622,0.000815,0.000695,0.000900,0.000935,0.001203,0.001133,0.104589,80
failure_classifier_repair,drawer_contact_repair,compliance_shift,in_distribution,0.650000,0.502173,0.179687,0.179213,0.069891,0.218502,0.066755,0.092705,0.146016,0.160967,0.153448,0.228666,0.105180,0.002253,0.001115,0.001207,0.000708,0.000947,0.000755,0.000799,0.000773,0.001033,0.001006,0.105088,80
failure_classifier_repair,drawer_contact_repair,compliance_shift,long_horizon,0.525000,0.492235,0.200057,0.205367,0.078790,0.220767,0.073359,0.105331,0.161050,0.179321,0.168835,0.035410,0.110121,0.002457,0.001143,0.001065,0.000670,0.000862,0.000611,0.000911,0.000953,0.001202,0.001061,0.109977,80
failure_classifier_repair,drawer_contact_repair,compliance_shift,sparse_observation,0.512500,0.466433,0.206611,0.203663,0.081183,0.227491,0.081596,0.120374,0.165902,0.189598,0.175621,-0.005654,0.110224,0.002252,0.001206,0.001117,0.000659,0.000737,0.000702,0.000983,0.000832,0.001030,0.001113,0.110516,80
failure_classifier_repair,drawer_contact_repair,contact_mode_flip,combined_stress,0.625000,0.430594,0.237652,0.234481,0.091371,0.235736,0.088423,0.134682,0.184861,0.211797,0.195550,0.010211,0.106757,0.002208,0.001258,0.001032,0.000636,0.000875,0.000665,0.000840,0.001012,0.001107,0.001213,0.106589,80
failure_classifier_repair,drawer_contact_repair,contact_mode_flip,hidden_mechanism,0.625000,0.455841,0.211080,0.206102,0.079138,0.229210,0.077048,0.112271,0.164622,0.184135,0.174087,0.103756,0.106757,0.002270,0.001088,0.000877,0.000590,0.000858,0.000645,0.001041,0.000802,0.001097,0.001131,0.106908,80
failure_classifier_repair,drawer_contact_repair,contact_mode_flip,in_distribution,0.525000,0.471271,0.197807,0.192522,0.074100,0.225423,0.071241,0.101751,0.155089,0.171421,0.163515,0.049573,0.110121,0.002417,0.001164,0.001124,0.000647,0.000962,0.000674,0.000927,0.000937,0.001204,0.001081,0.110135,80
failure_classifier_repair,drawer_contact_repair,contact_mode_flip,long_horizon,0.650000,0.459764,0.217368,0.219376,0.083135,0.227013,0.077645,0.115068,0.171241,0.191019,0.180177,0.105297,0.105180,0.002224,0.001148,0.001026,0.000685,0.000729,0.000669,0.000838,0.000860,0.001147,0.001033,0.105017,80
failure_classifier_repair,drawer_contact_repair,contact_mode_flip,sparse_observation,0.612500,0.435458,0.225219,0.217608,0.085387,0.233695,0.085948,0.129427,0.174867,0.201203,0.185494,0.039644,0.107431,0.001963,0.001031,0.000987,0.000645,0.000946,0.000692,0.000936,0.000789,0.001061,0.001094,0.107627,80
failure_classifier_repair,drawer_contact_repair,friction_shift,combined_stress,0.562500,0.477051,0.212072,0.214498,0.084883,0.226821,0.082520,0.122244,0.172211,0.196517,0.181906,0.025885,0.109394,0.002246,0.001249,0.001128,0.000586,0.000843,0.000562,0.000806,0.000827,0.000990,0.001010,0.109737,80
failure_classifier_repair,drawer_contact_repair,friction_shift,hidden_mechanism,0.712500,0.501759,0.185210,0.184579,0.072650,0.219416,0.071441,0.100173,0.151572,0.169134,0.160158,0.271007,0.099805,0.001930,0.001056,0.001216,0.000619,0.000886,0.000631,0.000881,0.000967,0.001239,0.001263,0.099824,80
failure_classifier_repair,drawer_contact_repair,friction_shift,in_distribution,0.750000,0.515981,0.171658,0.172687,0.067518,0.216018,0.065434,0.089313,0.142416,0.157046,0.150305,0.352770,0.095487,0.002207,0.000998,0.001259,0.000635,0.000901,0.000639,0.000839,0.000884,0.001042,0.001255,0.095463,80
failure_classifier_repair,drawer_contact_repair,friction_shift,long_horizon,0.650000,0.507223,0.191270,0.198966,0.075992,0.218563,0.072144,0.101818,0.156407,0.173010,0.165071,0.186512,0.105180,0.002326,0.001245,0.001076,0.000717,0.000868,0.000536,0.000909,0.000921,0.001026,0.001084,0.104871,80
failure_classifier_repair,drawer_contact_repair,friction_shift,sparse_observation,0.612500,0.479682,0.197113,0.198208,0.078284,0.225751,0.080309,0.117431,0.162475,0.186088,0.172095,0.118885,0.107431,0.002253,0.001069,0.001089,0.000603,0.000885,0.000728,0.000745,0.000794,0.001063,0.001069,0.107961,80
failure_classifier_repair,drawer_contact_repair,nominal,combined_stress,0.650000,0.523488,0.191841,0.199800,0.078173,0.219878,0.078645,0.112344,0.159684,0.182414,0.168977,0.180467,0.105180,0.002277,0.001132,0.001111,0.000687,0.000976,0.000604,0.000795,0.000799,0.001037,0.000915,0.105253,80
failure_classifier_repair,drawer_contact_repair,nominal,hidden_mechanism,0.712500,0.548460,0.164099,0.169784,0.066828,0.213135,0.066804,0.089661,0.138637,0.153847,0.146322,0.338730,0.099805,0.002152,0.001001,0.001137,0.000656,0.000900,0.000635,0.000861,0.000874,0.001058,0.001125,0.099886,80
failure_classifier_repair,drawer_contact_repair,nominal,in_distribution,0.712500,0.562876,0.151252,0.157098,0.060707,0.208646,0.061471,0.079957,0.129429,0.142104,0.135546,0.383833,0.099805,0.002270,0.001059,0.001096,0.000680,0.000819,0.000622,0.000975,0.000740,0.000975,0.000893,0.099485,80
failure_classifier_repair,drawer_contact_repair,nominal,long_horizon,0.737500,0.551602,0.169968,0.183751,0.070173,0.211015,0.067649,0.092184,0.144586,0.159906,0.152416,0.340860,0.097026,0.002220,0.001132,0.001073,0.000659,0.000807,0.000681,0.000917,0.000924,0.001103,0.001113,0.097178,80
failure_classifier_repair,drawer_contact_repair,nominal,sparse_observation,0.600000,0.526987,0.177252,0.182993,0.071604,0.219139,0.075808,0.106653,0.149117,0.171338,0.158603,0.174741,0.108031,0.001945,0.001074,0.001072,0.000662,0.000971,0.000656,0.000802,0.000805,0.001057,0.001116,0.107877,80
failure_classifier_repair,drawer_contact_repair,occlusion_persistence,combined_stress,0.725000,0.445432,0.229096,0.228348,0.089062,0.233346,0.088244,0.133030,0.180096,0.207311,0.190899,0.134529,0.098464,0.001969,0.001105,0.001114,0.000626,0.000833,0.000620,0.000882,0.000823,0.001186,0.000972,0.098189,80
failure_classifier_repair,drawer_contact_repair,occlusion_persistence,hidden_mechanism,0.700000,0.452256,0.205875,0.203262,0.077968,0.230475,0.082609,0.121210,0.163837,0.188988,0.174249,0.181102,0.101054,0.002289,0.001140,0.001102,0.000619,0.000812,0.000694,0.000893,0.000902,0.001117,0.001062,0.101108,80
failure_classifier_repair,drawer_contact_repair,occlusion_persistence,in_distribution,0.662500,0.467698,0.193014,0.189056,0.072925,0.226509,0.076979,0.110702,0.153714,0.175162,0.162298,0.189871,0.104273,0.002264,0.001071,0.001084,0.000682,0.000885,0.000662,0.000830,0.000809,0.000930,0.001083,0.104203,80
failure_classifier_repair,drawer_contact_repair,occlusion_persistence,long_horizon,0.525000,0.457170,0.211287,0.217949,0.080735,0.229771,0.082917,0.122604,0.168807,0.192990,0.179249,-0.014982,0.110121,0.002291,0.001047,0.001008,0.000647,0.000969,0.000739,0.000834,0.000798,0.001073,0.001085,0.110071,80
failure_classifier_repair,drawer_contact_repair,occlusion_persistence,sparse_observation,0.512500,0.444958,0.215737,0.211822,0.082191,0.233353,0.086366,0.128927,0.170770,0.197739,0.180859,-0.037937,0.110224,0.001861,0.001088,0.001102,0.000695,0.000839,0.000636,0.000871,0.000929,0.001238,0.001098,0.110334,80
failure_classifier_repair,drawer_contact_repair,payload_shift,combined_stress,0.475000,0.432399,0.229600,0.228347,0.090624,0.234205,0.086651,0.131628,0.181767,0.207766,0.193208,-0.122192,0.110121,0.002506,0.001192,0.001129,0.000670,0.000882,0.000652,0.000818,0.000855,0.001064,0.001054,0.110368,80
failure_classifier_repair,drawer_contact_repair,payload_shift,hidden_mechanism,0.600000,0.457742,0.208589,0.202020,0.080874,0.226437,0.075739,0.109550,0.164932,0.183917,0.173662,0.084940,0.108031,0.002114,0.001042,0.001167,0.000646,0.000836,0.000728,0.000850,0.000736,0.000993,0.001112,0.107888,80
failure_classifier_repair,drawer_contact_repair,payload_shift,in_distribution,0.612500,0.473763,0.194575,0.187537,0.074796,0.222035,0.069989,0.098686,0.155545,0.170576,0.163572,0.146066,0.107431,0.001922,0.001074,0.001039,0.000711,0.000812,0.000733,0.000915,0.000943,0.001137,0.001204,0.107289,80
failure_classifier_repair,drawer_contact_repair,payload_shift,long_horizon,0.525000,0.464951,0.212555,0.213731,0.084056,0.225207,0.076451,0.111974,0.170548,0.189505,0.179541,-0.007827,0.110121,0.002419,0.001004,0.001204,0.000816,0.000906,0.000651,0.000875,0.000781,0.001098,0.000964,0.110388,80
failure_classifier_repair,drawer_contact_repair,payload_shift,sparse_observation,0.575000,0.438226,0.220647,0.214080,0.086790,0.231832,0.084391,0.125604,0.174991,0.200100,0.185638,0.010654,0.109011,0.002196,0.001063,0.001053,0.000604,0.000790,0.000680,0.000803,0.000785,0.000933,0.001144,0.109140,80
failure_classifier_repair,occluded_push_recovery,actuator_lag,combined_stress,0.525000,0.440699,0.234799,0.232265,0.090509,0.232549,0.087698,0.132518,0.183861,0.209850,0.194726,-0.078675,0.110121,0.002650,0.001051,0.001223,0.000652,0.000953,0.000729,0.000974,0.000849,0.001121,0.001031,0.110325,80
failure_classifier_repair,occluded_push_recovery,actuator_lag,hidden_mechanism,0.575000,0.466839,0.210197,0.203338,0.079792,0.226051,0.075946,0.110174,0.164989,0.184429,0.173482,0.061504,0.109011,0.002307,0.001086,0.001122,0.000590,0.000855,0.000671,0.000936,0.000988,0.001307,0.001161,0.109214,80
failure_classifier_repair,occluded_push_recovery,actuator_lag,in_distribution,0.700000,0.478011,0.196275,0.190189,0.075299,0.221594,0.070144,0.099373,0.156226,0.172054,0.163854,0.230325,0.101054,0.001992,0.000981,0.001023,0.000667,0.000750,0.000725,0.000864,0.000838,0.001134,0.001090,0.100972,80
failure_classifier_repair,occluded_push_recovery,actuator_lag,long_horizon,0.612500,0.468424,0.215571,0.217220,0.083228,0.223733,0.076867,0.112850,0.170571,0.188864,0.179398,0.076254,0.107431,0.002115,0.001028,0.001178,0.000666,0.000925,0.000682,0.000817,0.000859,0.001033,0.001131,0.107400,80
failure_classifier_repair,occluded_push_recovery,actuator_lag,sparse_observation,0.575000,0.445892,0.222855,0.216304,0.085927,0.231023,0.085207,0.126389,0.175542,0.200779,0.186613,0.009692,0.109011,0.002112,0.001134,0.001026,0.000656,0.000896,0.000662,0.000843,0.000923,0.001190,0.001177,0.108992,80
failure_classifier_repair,occluded_push_recovery,combined_hidden_mechanisms,combined_stress,0.425000,0.380691,0.257537,0.252063,0.094358,0.242236,0.093084,0.144921,0.194417,0.222606,0.206547,-0.254531,0.109011,0.001960,0.000961,0.000943,0.000662,0.000978,0.000529,0.000882,0.000936,0.001203,0.001208,0.109023,80
failure_classifier_repair,occluded_push_recovery,combined_hidden_mechanisms,hidden_mechanism,0.525000,0.389186,0.248940,0.231765,0.091468,0.239883,0.087658,0.134685,0.187666,0.213231,0.198013,-0.114862,0.110121,0.002276,0.001071,0.001181,0.000573,0.000894,0.000662,0.000816,0.000757,0.000993,0.000994,0.110098,80
failure_classifier_repair,occluded_push_recovery,combined_hidden_mechanisms,in_distribution,0.562500,0.399126,0.238789,0.221188,0.085814,0.237998,0.082909,0.124733,0.179406,0.201393,0.188993,-0.040051,0.109394,0.002416,0.000983,0.001070,0.000580,0.000816,0.000648,0.000803,0.000872,0.001093,0.001043,0.109451,80
failure_classifier_repair,occluded_push_recovery,combined_hidden_mechanisms,long_horizon,0.487500,0.391554,0.253065,0.246317,0.093745,0.239481,0.088949,0.136917,0.190875,0.215823,0.202063,-0.172173,0.110224,0.002157,0.001214,0.000889,0.000664,0.000940,0.000543,0.000827,0.000834,0.001023,0.000952,0.110174,80
failure_classifier_repair,occluded_push_recovery,combined_hidden_mechanisms,sparse_observation,0.400000,0.379436,0.253765,0.240339,0.094402,0.243406,0.091682,0.142172,0.191469,0.220188,0.202625,-0.264546,0.108031,0.002295,0.001220,0.001017,0.000719,0.000888,0.000607,0.000901,0.001069,0.001297,0.001334,0.107869,80
failure_classifier_repair,occluded_push_recovery,compliance_shift,combined_stress,0.587500,0.458198,0.227578,0.226603,0.088836,0.229807,0.084759,0.128427,0.179309,0.204392,0.190048,0.008732,0.108557,0.002208,0.001082,0.001237,0.000658,0.000863,0.000708,0.000784,0.000930,0.001118,0.001130,0.108186,80
failure_classifier_repair,occluded_push_recovery,compliance_shift,hidden_mechanism,0.600000,0.479628,0.201469,0.197247,0.076271,0.223640,0.073504,0.106440,0.159192,0.176810,0.168194,0.113830,0.108031,0.002396,0.000926,0.001143,0.000689,0.000936,0.000695,0.000866,0.000880,0.001118,0.001149,0.107891,80
failure_classifier_repair,occluded_push_recovery,compliance_shift,in_distribution,0.737500,0.493915,0.187227,0.184229,0.070740,0.218203,0.067925,0.095220,0.149001,0.163849,0.156271,0.298661,0.097026,0.002224,0.001088,0.001122,0.000822,0.000946,0.000715,0.000827,0.000908,0.001080,0.001130,0.097161,80
failure_classifier_repair,occluded_push_recovery,compliance_shift,long_horizon,0.550000,0.485807,0.205378,0.210473,0.079269,0.222100,0.074328,0.108627,0.163968,0.181732,0.172475,0.045394,0.109706,0.001993,0.001044,0.001287,0.000641,0.000841,0.000626,0.000885,0.000835,0.001011,0.001085,0.109397,80
failure_classifier_repair,occluded_push_recovery,compliance_shift,sparse_observation,0.625000,0.460086,0.212830,0.211000,0.082858,0.228344,0.083336,0.122022,0.169976,0.194779,0.180538,0.087351,0.106757,0.001870,0.001120,0.000964,0.000705,0.000873,0.000644,0.000842,0.000886,0.001120,0.001038,0.106733,80
failure_classifier_repair,occluded_push_recovery,contact_mode_flip,combined_stress,0.550000,0.423072,0.244988,0.241202,0.091976,0.236983,0.089571,0.137954,0.186856,0.214099,0.197816,-0.082899,0.109706,0.002233,0.000981,0.001176,0.000630,0.000812,0.000708,0.000911,0.000888,0.001135,0.001063,0.109780,80
failure_classifier_repair,occluded_push_recovery,contact_mode_flip,hidden_mechanism,0.537500,0.448924,0.220024,0.211953,0.080673,0.229282,0.078621,0.114608,0.168110,0.188971,0.177800,-0.004069,0.109948,0.001925,0.001029,0.001006,0.000667,0.000777,0.000515,0.000802,0.000849,0.001090,0.001017,0.109708,80
failure_classifier_repair,occluded_push_recovery,contact_mode_flip,in_distribution,0.612500,0.462117,0.205894,0.198706,0.075360,0.225371,0.072248,0.104983,0.158789,0.174812,0.167524,0.116832,0.107431,0.002304,0.001123,0.001075,0.000740,0.000860,0.000668,0.000853,0.000874,0.001131,0.001080,0.107243,80
failure_classifier_repair,occluded_push_recovery,contact_mode_flip,long_horizon,0.487500,0.453986,0.225222,0.225481,0.084045,0.228896,0.077861,0.117327,0.172718,0.192618,0.182073,-0.074190,0.110224,0.002062,0.001041,0.000966,0.000674,0.000798,0.000560,0.000942,0.000878,0.001099,0.000977,0.110457,80
failure_classifier_repair,occluded_push_recovery,contact_mode_flip,sparse_observation,0.475000,0.428141,0.231514,0.224183,0.086667,0.236094,0.086934,0.131566,0.178213,0.203963,0.188691,-0.116431,0.110121,0.002292,0.001126,0.001061,0.000674,0.000844,0.000459,0.000901,0.000871,0.001077,0.001102,0.110363,80
failure_classifier_repair,occluded_push_recovery,friction_shift,combined_stress,0.475000,0.469939,0.219600,0.220868,0.086232,0.227886,0.083852,0.124689,0.174552,0.199120,0.184522,-0.080371,0.110121,0.002129,0.001140,0.001100,0.000604,0.000852,0.000643,0.000745,0.000868,0.001109,0.001072,0.110155,80
failure_classifier_repair,occluded_push_recovery,friction_shift,hidden_mechanism,0.687500,0.493316,0.193013,0.190784,0.074023,0.220651,0.072250,0.102189,0.154149,0.171490,0.162920,0.226816,0.102212,0.002411,0.000942,0.000945,0.000733,0.000904,0.000713,0.000824,0.000764,0.001030,0.000993,0.102107,80
failure_classifier_repair,occluded_push_recovery,friction_shift,in_distribution,0.737500,0.508468,0.178275,0.179520,0.068126,0.216391,0.066844,0.091620,0.145096,0.158855,0.151924,0.322610,0.097026,0.002218,0.001067,0.001266,0.000642,0.000910,0.000634,0.000904,0.000858,0.001164,0.001144,0.097151,80
failure_classifier_repair,occluded_push_recovery,friction_shift,long_horizon,0.587500,0.499791,0.198450,0.205872,0.076737,0.219357,0.072982,0.104896,0.159872,0.177438,0.168312,0.105186,0.108557,0.002259,0.001118,0.001085,0.000667,0.000815,0.000768,0.000824,0.000895,0.001203,0.001123,0.108955,80
failure_classifier_repair,occluded_push_recovery,friction_shift,sparse_observation,0.500000,0.472612,0.205518,0.204048,0.079184,0.226351,0.081543,0.118690,0.164796,0.189134,0.174642,-0.011836,0.110259,0.002187,0.001080,0.001006,0.000640,0.000819,0.000580,0.000901,0.000903,0.001092,0.001056,0.110195,80
failure_classifier_repair,occluded_push_recovery,nominal,combined_stress,0.550000,0.514286,0.199190,0.204662,0.079514,0.220419,0.080300,0.115255,0.162548,0.186121,0.172507,0.061907,0.109706,0.002177,0.000965,0.001080,0.000642,0.000907,0.000654,0.000872,0.000904,0.001143,0.001137,0.109405,80
failure_classifier_repair,occluded_push_recovery,nominal,hidden_mechanism,0.650000,0.541583,0.172355,0.176363,0.067455,0.214145,0.068139,0.092528,0.140916,0.156781,0.148220,0.257450,0.105180,0.002215,0.001004,0.001113,0.000677,0.000935,0.000750,0.000714,0.000792,0.001072,0.001197,0.104859,80
failure_classifier_repair,occluded_push_recovery,nominal,in_distribution,0.750000,0.556800,0.158854,0.162017,0.062558,0.209687,0.061885,0.082032,0.132187,0.144722,0.138553,0.403777,0.095487,0.002182,0.001157,0.001087,0.000711,0.000817,0.000696,0.000890,0.000879,0.001044,0.001048,0.095550,80
failure_classifier_repair,occluded_push_recovery,nominal,long_horizon,0.737500,0.542685,0.177726,0.190325,0.070777,0.213358,0.068895,0.095570,0.146829,0.162696,0.154825,0.321441,0.097026,0.002234,0.001071,0.000888,0.000643,0.000894,0.000640,0.000909,0.000869,0.000996,0.001169,0.097207,80
failure_classifier_repair,occluded_push_recovery,nominal,sparse_observation,0.675000,0.519099,0.184826,0.188768,0.072718,0.219952,0.076974,0.109462,0.152019,0.174586,0.161461,0.231125,0.103285,0.002122,0.001272,0.001065,0.000648,0.000893,0.000730,0.000887,0.001018,0.001125,0.001296,0.103245,80
failure_classifier_repair,occluded_push_recovery,occlusion_persistence,combined_stress,0.550000,0.436069,0.236007,0.234687,0.090218,0.234467,0.089334,0.135515,0.183625,0.211080,0.194918,-0.059851,0.109706,0.002266,0.001165,0.001089,0.000576,0.000889,0.000666,0.000811,0.000947,0.001173,0.001205,0.109522,80
failure_classifier_repair,occluded_push_recovery,occlusion_persistence,hidden_mechanism,0.487500,0.445083,0.212989,0.209865,0.079462,0.232691,0.082992,0.123851,0.165665,0.190587,0.175860,-0.049671,0.110224,0.001960,0.001202,0.001269,0.000657,0.000911,0.000627,0.000924,0.000900,0.001068,0.000987,0.110257,80
failure_classifier_repair,occluded_push_recovery,occlusion_persistence,in_distribution,0.525000,0.459046,0.199863,0.195841,0.074194,0.228043,0.078471,0.113482,0.156996,0.178862,0.166210,0.032581,0.110121,0.002179,0.001045,0.001074,0.000644,0.000928,0.000685,0.000798,0.000810,0.001148,0.001020,0.110304,80
failure_classifier_repair,occluded_push_recovery,occlusion_persistence,long_horizon,0.537500,0.447966,0.219025,0.222423,0.082759,0.231428,0.084301,0.126320,0.172025,0.196747,0.182307,-0.022391,0.109948,0.002031,0.000990,0.001062,0.000738,0.000958,0.000596,0.000891,0.000893,0.001243,0.001119,0.109777,80
failure_classifier_repair,occluded_push_recovery,occlusion_persistence,sparse_observation,0.537500,0.437959,0.222188,0.218336,0.083461,0.233537,0.087164,0.130886,0.173419,0.200620,0.184577,-0.030238,0.109948,0.001972,0.001169,0.001180,0.000694,0.000865,0.000583,0.000962,0.000810,0.000987,0.001017,0.110145,80
failure_classifier_repair,occluded_push_recovery,payload_shift,combined_stress,0.550000,0.428095,0.237627,0.235655,0.091176,0.234411,0.088522,0.133914,0.185037,0.211071,0.196599,-0.065942,0.109706,0.002142,0.001021,0.001117,0.000687,0.000907,0.000647,0.000804,0.000778,0.000907,0.001112,0.109817,80
failure_classifier_repair,occluded_push_recovery,payload_shift,hidden_mechanism,0.587500,0.452890,0.215511,0.207645,0.081548,0.227493,0.076884,0.112258,0.168094,0.186931,0.177271,0.055826,0.108557,0.002546,0.001082,0.001103,0.000632,0.000868,0.000685,0.000894,0.000855,0.000975,0.001203,0.108663,80
failure_classifier_repair,occluded_push_recovery,payload_shift,in_distribution,0.612500,0.466818,0.201087,0.193750,0.076681,0.224107,0.071077,0.101167,0.158722,0.173584,0.167195,0.127150,0.107431,0.002257,0.001179,0.001076,0.000574,0.000913,0.000684,0.000860,0.000946,0.001146,0.001202,0.107396,80
failure_classifier_repair,occluded_push_recovery,payload_shift,long_horizon,0.525000,0.456799,0.220924,0.220708,0.085148,0.226664,0.077651,0.114721,0.174095,0.192131,0.183786,-0.028791,0.110121,0.002276,0.000980,0.001230,0.000701,0.000948,0.000717,0.000869,0.000856,0.001048,0.001080,0.110082,80
failure_classifier_repair,occluded_push_recovery,payload_shift,sparse_observation,0.612500,0.430592,0.228417,0.219587,0.087374,0.233263,0.086085,0.128488,0.178835,0.203852,0.188738,0.029121,0.107431,0.002265,0.001117,0.001162,0.000682,0.000818,0.000618,0.000952,0.000805,0.001029,0.001178,0.107391,80
failure_classifier_repair,payload_handover,actuator_lag,combined_stress,0.600000,0.441390,0.230480,0.228670,0.090720,0.232756,0.086593,0.131682,0.182711,0.208643,0.193052,0.004554,0.108031,0.002365,0.001058,0.001006,0.000683,0.000880,0.000639,0.001003,0.000863,0.000987,0.001109,0.108114,80
failure_classifier_repair,payload_handover,actuator_lag,hidden_mechanism,0.537500,0.468980,0.206201,0.200387,0.079253,0.225501,0.075028,0.108859,0.163533,0.182154,0.172200,0.033133,0.109948,0.002278,0.000994,0.001099,0.000698,0.000871,0.000716,0.000830,0.000844,0.001161,0.001123,0.109987,80
failure_classifier_repair,payload_handover,actuator_lag,in_distribution,0.650000,0.482745,0.193082,0.187435,0.073782,0.220682,0.069747,0.098763,0.154510,0.170543,0.162726,0.190321,0.105180,0.002443,0.001223,0.001200,0.000712,0.000930,0.000670,0.000973,0.000807,0.001084,0.001066,0.105697,80
failure_classifier_repair,payload_handover,actuator_lag,long_horizon,0.562500,0.472640,0.211964,0.213286,0.082724,0.225216,0.076216,0.112357,0.168821,0.187316,0.177717,0.035730,0.109394,0.002034,0.001131,0.001100,0.000597,0.000862,0.000620,0.000906,0.000945,0.001102,0.001118,0.109360,80
failure_classifier_repair,payload_handover,actuator_lag,sparse_observation,0.625000,0.447795,0.219329,0.212886,0.085298,0.232098,0.084879,0.125623,0.174246,0.198946,0.184615,0.067748,0.106757,0.002135,0.000975,0.000883,0.000718,0.000959,0.000666,0.000799,0.000892,0.001092,0.001122,0.106789,80
failure_classifier_repair,payload_handover,combined_hidden_mechanisms,combined_stress,0.500000,0.381939,0.256766,0.251585,0.095511,0.243564,0.093049,0.144741,0.194393,0.222883,0.206395,-0.179563,0.110259,0.002121,0.001252,0.001018,0.000658,0.000828,0.000650,0.000818,0.000848,0.001020,0.001026,0.110295,80
failure_classifier_repair,payload_handover,combined_hidden_mechanisms,hidden_mechanism,0.600000,0.389332,0.248046,0.231414,0.091809,0.241357,0.087133,0.133869,0.186492,0.211644,0.197257,-0.038320,0.108031,0.002045,0.000934,0.001168,0.000663,0.000956,0.000630,0.000849,0.000837,0.001149,0.000995,0.108032,80
failure_classifier_repair,payload_handover,combined_hidden_mechanisms,in_distribution,0.450000,0.401627,0.234494,0.217696,0.086738,0.237302,0.082142,0.123505,0.177526,0.199328,0.187534,-0.143924,0.109706,0.002225,0.001304,0.001058,0.000701,0.000924,0.000692,0.000925,0.000889,0.001077,0.001106,0.109571,80
failure_classifier_repair,payload_handover,combined_hidden_mechanisms,long_horizon,0.500000,0.394739,0.252007,0.244382,0.093276,0.240098,0.087979,0.135570,0.191982,0.216831,0.203228,-0.155713,0.110259,0.002125,0.001010,0.001064,0.000715,0.000928,0.000633,0.000862,0.000797,0.000959,0.000883,0.110462,80
failure_classifier_repair,payload_handover,combined_hidden_mechanisms,sparse_observation,0.437500,0.381298,0.252742,0.240090,0.093167,0.243332,0.092363,0.142393,0.192506,0.221448,0.203450,-0.225035,0.109394,0.002024,0.001176,0.001107,0.000587,0.001012,0.000728,0.000795,0.000767,0.000915,0.001027,0.109402,80
failure_classifier_repair,payload_handover,compliance_shift,combined_stress,0.575000,0.461696,0.223234,0.224121,0.087574,0.229764,0.084831,0.128443,0.178322,0.203699,0.188564,0.005283,0.109011,0.001938,0.001056,0.001176,0.000648,0.000865,0.000551,0.000931,0.000737,0.000887,0.000914,0.109002,80
failure_classifier_repair,payload_handover,compliance_shift,hidden_mechanism,0.637500,0.486541,0.196726,0.194279,0.075562,0.222883,0.073350,0.105429,0.157550,0.174730,0.165826,0.162666,0.106008,0.002039,0.001037,0.001116,0.000743,0.000881,0.000597,0.000872,0.000903,0.001201,0.001080,0.106063,80
failure_classifier_repair,payload_handover,compliance_shift,in_distribution,0.700000,0.497059,0.182322,0.181177,0.070907,0.219068,0.067109,0.094188,0.148296,0.163050,0.155822,0.269786,0.101054,0.002215,0.001082,0.001000,0.000624,0.000993,0.000662,0.000998,0.000870,0.001107,0.001163,0.101068,80
failure_classifier_repair,payload_handover,compliance_shift,long_horizon,0.687500,0.490537,0.203324,0.207907,0.078776,0.221550,0.074124,0.106136,0.162806,0.180401,0.171011,0.190427,0.102212,0.002286,0.001168,0.000995,0.000638,0.000811,0.000688,0.000769,0.000907,0.001224,0.001151,0.102542,80
failure_classifier_repair,payload_handover,compliance_shift,sparse_observation,0.662500,0.463583,0.209321,0.206708,0.081670,0.228774,0.082160,0.121129,0.168207,0.192592,0.178935,0.135680,0.104273,0.002149,0.001084,0.001020,0.000665,0.000943,0.000678,0.000939,0.000767,0.000976,0.000979,0.104094,80
failure_classifier_repair,payload_handover,contact_mode_flip,combined_stress,0.550000,0.428937,0.240038,0.237815,0.091466,0.236144,0.089309,0.136631,0.186051,0.213176,0.196948,-0.072000,0.109706,0.002162,0.001109,0.001076,0.000652,0.000922,0.000638,0.000874,0.000918,0.001163,0.001154,0.109665,80
failure_classifier_repair,payload_handover,contact_mode_flip,hidden_mechanism,0.550000,0.455287,0.214900,0.209049,0.080476,0.228492,0.076841,0.113985,0.166037,0.185735,0.175100,0.020429,0.109706,0.002616,0.001210,0.001109,0.000633,0.000877,0.000654,0.000739,0.000885,0.001049,0.001069,0.109601,80
failure_classifier_repair,payload_handover,contact_mode_flip,in_distribution,0.700000,0.464665,0.201877,0.194534,0.074985,0.226136,0.071655,0.102425,0.157056,0.173445,0.165066,0.214252,0.101054,0.002026,0.001118,0.001038,0.000667,0.000845,0.000721,0.000984,0.001051,0.001216,0.001209,0.100988,80
failure_classifier_repair,payload_handover,contact_mode_flip,long_horizon,0.600000,0.456833,0.220764,0.222775,0.083239,0.228905,0.078059,0.116095,0.172311,0.192452,0.181674,0.046734,0.108031,0.002132,0.001099,0.001175,0.000662,0.000839,0.000659,0.000755,0.000834,0.001032,0.001061,0.107904,80
failure_classifier_repair,payload_handover,contact_mode_flip,sparse_observation,0.525000,0.432626,0.228500,0.220213,0.085086,0.234934,0.086548,0.130102,0.176394,0.202515,0.187262,-0.055362,0.110121,0.002302,0.000928,0.001037,0.000639,0.000845,0.000642,0.000803,0.000851,0.001067,0.001150,0.110341,80
failure_classifier_repair,payload_handover,friction_shift,combined_stress,0.575000,0.473301,0.215524,0.218407,0.085460,0.227988,0.082948,0.124366,0.173910,0.198604,0.183975,0.028186,0.109011,0.002212,0.001131,0.001090,0.000739,0.000709,0.000715,0.000778,0.000862,0.001193,0.001064,0.108524,80
failure_classifier_repair,payload_handover,friction_shift,hidden_mechanism,0.700000,0.497311,0.189009,0.188278,0.073129,0.220031,0.071283,0.101697,0.152495,0.170042,0.160705,0.249116,0.101054,0.002064,0.001189,0.001076,0.000669,0.000822,0.000655,0.000895,0.000986,0.001250,0.001199,0.101190,80
failure_classifier_repair,payload_handover,friction_shift,in_distribution,0.687500,0.514593,0.174373,0.174362,0.068111,0.215732,0.066321,0.090441,0.143076,0.156987,0.150721,0.284329,0.102212,0.002305,0.001126,0.001367,0.000584,0.000873,0.000554,0.000951,0.000837,0.001069,0.001036,0.102338,80
failure_classifier_repair,payload_handover,friction_shift,long_horizon,0.625000,0.502035,0.193845,0.202378,0.076484,0.219597,0.072402,0.103976,0.158220,0.175275,0.166520,0.152158,0.106757,0.002188,0.001089,0.001068,0.000641,0.000847,0.000753,0.000910,0.000870,0.001036,0.001031,0.107178,80
failure_classifier_repair,payload_handover,friction_shift,sparse_observation,0.612500,0.479357,0.201030,0.200836,0.078803,0.226242,0.080993,0.118165,0.163380,0.187133,0.173538,0.111333,0.107431,0.002477,0.001158,0.001018,0.000708,0.000913,0.000658,0.000887,0.000801,0.001012,0.001037,0.107712,80
failure_classifier_repair,payload_handover,nominal,combined_stress,0.612500,0.520847,0.194356,0.202263,0.078461,0.220971,0.079525,0.113053,0.161380,0.184898,0.171020,0.135502,0.107431,0.002224,0.001017,0.001108,0.000634,0.000860,0.000678,0.000750,0.000790,0.001074,0.001062,0.107389,80
failure_classifier_repair,payload_handover,nominal,hidden_mechanism,0.700000,0.544048,0.168007,0.173039,0.066960,0.213141,0.067749,0.091472,0.139675,0.155123,0.147321,0.316919,0.101054,0.001982,0.001207,0.000917,0.000643,0.000836,0.000727,0.000862,0.000828,0.001048,0.001188,0.100909,80
failure_classifier_repair,payload_handover,nominal,in_distribution,0.687500,0.559211,0.154606,0.159712,0.061615,0.209869,0.061922,0.080825,0.131652,0.144591,0.138446,0.349303,0.102212,0.002205,0.001259,0.001074,0.000757,0.000876,0.000641,0.000956,0.000830,0.001074,0.001049,0.102114,80
failure_classifier_repair,payload_handover,nominal,long_horizon,0.762500,0.546705,0.173142,0.187399,0.070188,0.212481,0.068074,0.093942,0.144981,0.160930,0.152778,0.357140,0.093841,0.002375,0.001108,0.000919,0.000609,0.000995,0.000737,0.000876,0.000864,0.001052,0.001059,0.093720,80
failure_classifier_repair,payload_handover,nominal,sparse_observation,0.650000,0.523440,0.181561,0.187166,0.072334,0.219397,0.075877,0.108535,0.150225,0.172648,0.159447,0.214350,0.105180,0.002025,0.001075,0.000958,0.000705,0.000807,0.000705,0.000897,0.000989,0.001253,0.001249,0.105244,80
failure_classifier_repair,payload_handover,occlusion_persistence,combined_stress,0.475000,0.439212,0.230711,0.230467,0.089001,0.234820,0.088765,0.134703,0.181941,0.209275,0.191993,-0.122900,0.110121,0.002095,0.000953,0.001120,0.000696,0.000875,0.000647,0.001071,0.001029,0.001268,0.001138,0.110555,80
failure_classifier_repair,payload_handover,occlusion_persistence,hidden_mechanism,0.475000,0.449536,0.209092,0.205282,0.078137,0.231083,0.083228,0.122117,0.164851,0.189783,0.174824,-0.050883,0.110121,0.002452,0.000976,0.001018,0.000698,0.000801,0.000652,0.000834,0.000814,0.001029,0.001006,0.110482,80
failure_classifier_repair,payload_handover,occlusion_persistence,in_distribution,0.600000,0.462898,0.196315,0.191845,0.073317,0.227708,0.077605,0.111946,0.155744,0.177756,0.165259,0.117868,0.108031,0.002329,0.001109,0.001135,0.000635,0.000941,0.000594,0.000994,0.000742,0.001002,0.000951,0.107987,80
failure_classifier_repair,payload_handover,occlusion_persistence,long_horizon,0.525000,0.452295,0.214760,0.219264,0.082022,0.230650,0.083863,0.125495,0.171621,0.196405,0.181968,-0.025365,0.110121,0.002295,0.001066,0.001234,0.000702,0.000821,0.000648,0.000923,0.000872,0.001119,0.001089,0.110054,80
failure_classifier_repair,payload_handover,occlusion_persistence,sparse_observation,0.612500,0.440005,0.218757,0.214009,0.083043,0.233192,0.086119,0.129002,0.171768,0.198454,0.182105,0.054529,0.107431,0.002132,0.001200,0.001112,0.000652,0.000806,0.000664,0.000899,0.000898,0.001142,0.001104,0.107133,80
failure_classifier_repair,payload_handover,payload_shift,combined_stress,0.525000,0.430891,0.233754,0.231429,0.090566,0.234424,0.087448,0.132163,0.184520,0.210320,0.195932,-0.081233,0.110121,0.002270,0.001181,0.001000,0.000649,0.000866,0.000662,0.000976,0.000863,0.001057,0.001051,0.110333,80
failure_classifier_repair,payload_handover,payload_shift,hidden_mechanism,0.587500,0.456397,0.210653,0.203688,0.080842,0.226122,0.076401,0.110234,0.166792,0.185489,0.175932,0.067226,0.108557,0.001971,0.001142,0.001122,0.000758,0.000826,0.000668,0.000740,0.000856,0.001159,0.001164,0.108446,80
failure_classifier_repair,payload_handover,payload_shift,in_distribution,0.625000,0.470737,0.197301,0.190850,0.075809,0.222991,0.070131,0.100800,0.157418,0.172431,0.165853,0.149396,0.106757,0.002299,0.001033,0.001136,0.000595,0.000946,0.000705,0.000840,0.000814,0.001122,0.001176,0.106623,80
failure_classifier_repair,payload_handover,payload_shift,long_horizon,0.687500,0.461344,0.216552,0.217836,0.084663,0.226136,0.077111,0.113403,0.172472,0.190389,0.182425,0.143779,0.102212,0.002574,0.001153,0.001194,0.000631,0.000836,0.000713,0.000922,0.000863,0.001130,0.001177,0.102477,80
failure_classifier_repair,payload_handover,payload_shift,sparse_observation,0.650000,0.435537,0.224004,0.215935,0.086795,0.233387,0.085237,0.126897,0.177711,0.202621,0.187836,0.077277,0.105180,0.002212,0.001131,0.000894,0.000655,0.000804,0.000615,0.000976,0.000848,0.001043,0.001083,0.105258,80
failure_classifier_repair,peg_insert_with_lag,actuator_lag,combined_stress,0.562500,0.438420,0.234523,0.231843,0.090642,0.235519,0.087536,0.132314,0.184164,0.210887,0.195165,-0.042463,0.109394,0.002156,0.001149,0.001074,0.000635,0.000783,0.000612,0.000924,0.000935,0.001130,0.001174,0.109415,80
failure_classifier_repair,peg_insert_with_lag,actuator_lag,hidden_mechanism,0.662500,0.463473,0.208077,0.203383,0.079848,0.228645,0.076701,0.111011,0.165856,0.184602,0.174541,0.147808,0.104273,0.002202,0.001150,0.001119,0.000552,0.000811,0.000705,0.001004,0.001049,0.001275,0.001216,0.104210,80
failure_classifier_repair,peg_insert_with_lag,actuator_lag,in_distribution,0.662500,0.477889,0.195443,0.189958,0.075496,0.223513,0.071185,0.100359,0.156373,0.172763,0.164128,0.192092,0.104273,0.002289,0.000981,0.001119,0.000601,0.000939,0.000598,0.000857,0.000878,0.001118,0.001139,0.104310,80
failure_classifier_repair,peg_insert_with_lag,actuator_lag,long_horizon,0.662500,0.468377,0.214932,0.217055,0.083733,0.226787,0.077100,0.113576,0.171210,0.189921,0.181015,0.124829,0.104273,0.002395,0.001103,0.001139,0.000676,0.000747,0.000571,0.000870,0.000817,0.001051,0.001152,0.104315,80
failure_classifier_repair,peg_insert_with_lag,actuator_lag,sparse_observation,0.525000,0.443872,0.221978,0.215403,0.085721,0.234540,0.085140,0.128131,0.176365,0.201407,0.187686,-0.041161,0.110121,0.002183,0.001066,0.001115,0.000675,0.000797,0.000654,0.001020,0.000959,0.001107,0.001202,0.109806,80
failure_classifier_repair,peg_insert_with_lag,combined_hidden_mechanisms,combined_stress,0.487500,0.378249,0.258235,0.252481,0.095334,0.246196,0.093343,0.145919,0.195893,0.225382,0.207795,-0.197327,0.110224,0.002158,0.001208,0.001070,0.000649,0.000858,0.000694,0.001023,0.000842,0.001029,0.001157,0.110644,80
failure_classifier_repair,peg_insert_with_lag,combined_hidden_mechanisms,hidden_mechanism,0.562500,0.386692,0.249703,0.232577,0.092062,0.243569,0.089198,0.136092,0.188859,0.214367,0.199839,-0.083153,0.109394,0.002281,0.001002,0.001089,0.000696,0.000911,0.000604,0.000841,0.000883,0.001184,0.001149,0.109480,80
failure_classifier_repair,peg_insert_with_lag,combined_hidden_mechanisms,in_distribution,0.412500,0.399143,0.237173,0.221392,0.086629,0.239493,0.082989,0.125860,0.179840,0.202187,0.189997,-0.190568,0.108557,0.002232,0.001013,0.001206,0.000632,0.000836,0.000671,0.000816,0.000838,0.001040,0.001237,0.108758,80
failure_classifier_repair,peg_insert_with_lag,combined_hidden_mechanisms,long_horizon,0.487500,0.388927,0.254438,0.246659,0.094079,0.243164,0.089456,0.137542,0.193564,0.218448,0.205212,-0.178169,0.110224,0.002189,0.001151,0.001103,0.000640,0.000986,0.000585,0.000897,0.000845,0.001079,0.001064,0.110032,80
failure_classifier_repair,peg_insert_with_lag,combined_hidden_mechanisms,sparse_observation,0.537500,0.378706,0.255746,0.241420,0.094242,0.245635,0.091486,0.143669,0.193795,0.221847,0.205175,-0.132142,0.109948,0.002321,0.001107,0.001045,0.000644,0.000878,0.000641,0.000894,0.000854,0.001053,0.000992,0.109801,80
failure_classifier_repair,peg_insert_with_lag,compliance_shift,combined_stress,0.562500,0.455113,0.227382,0.225509,0.089271,0.232987,0.085470,0.129536,0.181109,0.206635,0.191700,-0.019452,0.109394,0.001943,0.001207,0.001226,0.000696,0.000874,0.000585,0.000889,0.000807,0.000996,0.000989,0.109720,80
failure_classifier_repair,peg_insert_with_lag,compliance_shift,hidden_mechanism,0.575000,0.479603,0.200123,0.197416,0.077266,0.224525,0.073876,0.106869,0.159387,0.177222,0.168156,0.088207,0.109011,0.002103,0.001071,0.000960,0.000604,0.000852,0.000658,0.000761,0.000924,0.001129,0.001259,0.109058,80
failure_classifier_repair,peg_insert_with_lag,compliance_shift,in_distribution,0.550000,0.494787,0.187314,0.183873,0.071427,0.219732,0.068533,0.096087,0.149809,0.164724,0.157440,0.109457,0.109706,0.001956,0.001127,0.000936,0.000664,0.000917,0.000619,0.000952,0.000948,0.001273,0.001221,0.109438,80
failure_classifier_repair,peg_insert_with_lag,compliance_shift,long_horizon,0.625000,0.485732,0.205087,0.211219,0.079706,0.224998,0.074982,0.109412,0.165970,0.184106,0.175061,0.116934,0.106757,0.002146,0.001042,0.001155,0.000622,0.000776,0.000654,0.000911,0.000865,0.001056,0.001072,0.106573,80
failure_classifier_repair,peg_insert_with_lag,compliance_shift,sparse_observation,0.550000,0.459465,0.213489,0.211039,0.082602,0.231478,0.083171,0.122955,0.169149,0.193645,0.179846,0.011263,0.109706,0.002046,0.000937,0.001081,0.000675,0.000822,0.000691,0.000801,0.000921,0.001243,0.001128,0.110149,80
failure_classifier_repair,peg_insert_with_lag,contact_mode_flip,combined_stress,0.437500,0.421803,0.244293,0.240249,0.092440,0.238772,0.089352,0.138308,0.188760,0.216585,0.199562,-0.196643,0.109394,0.002180,0.001035,0.001204,0.000624,0.000778,0.000648,0.000839,0.000805,0.000978,0.000984,0.109405,80
failure_classifier_repair,peg_insert_with_lag,contact_mode_flip,hidden_mechanism,0.575000,0.450057,0.218930,0.211759,0.080950,0.232259,0.078546,0.114878,0.167949,0.188214,0.177726,0.033878,0.109011,0.001943,0.000921,0.000950,0.000666,0.000782,0.000650,0.000797,0.000803,0.001147,0.001088,0.108654,80
failure_classifier_repair,peg_insert_with_lag,contact_mode_flip,in_distribution,0.587500,0.461009,0.205453,0.197493,0.075689,0.227485,0.073289,0.105275,0.158754,0.175165,0.166567,0.091229,0.108557,0.002295,0.001049,0.001023,0.000661,0.000862,0.000642,0.000701,0.000873,0.001085,0.001127,0.108499,80
failure_classifier_repair,peg_insert_with_lag,contact_mode_flip,long_horizon,0.525000,0.452103,0.224766,0.224945,0.084394,0.231715,0.079250,0.118364,0.174285,0.193807,0.183829,-0.039666,0.110121,0.002279,0.000986,0.001047,0.000705,0.000939,0.000646,0.000785,0.000931,0.001087,0.001155,0.110161,80
failure_classifier_repair,peg_insert_with_lag,contact_mode_flip,sparse_observation,0.525000,0.426171,0.232014,0.224756,0.086774,0.238423,0.087134,0.131054,0.179117,0.205010,0.189900,-0.069402,0.110121,0.002429,0.001062,0.001069,0.000730,0.000927,0.000661,0.000933,0.000881,0.001030,0.001073,0.110164,80
failure_classifier_repair,peg_insert_with_lag,friction_shift,combined_stress,0.625000,0.470449,0.219315,0.219890,0.086224,0.231089,0.084742,0.126481,0.175506,0.200447,0.186067,0.068426,0.106757,0.002349,0.001095,0.001133,0.000636,0.000860,0.000648,0.000775,0.000938,0.001215,0.001122,0.106630,80
failure_classifier_repair,peg_insert_with_lag,friction_shift,hidden_mechanism,0.700000,0.493922,0.191403,0.191233,0.074235,0.222028,0.072240,0.102798,0.154691,0.172329,0.162977,0.239554,0.101054,0.002196,0.001113,0.001098,0.000675,0.000952,0.000610,0.000909,0.000847,0.001080,0.001103,0.101165,80
failure_classifier_repair,peg_insert_with_lag,friction_shift,in_distribution,0.700000,0.507448,0.179474,0.178810,0.068650,0.218814,0.066707,0.092203,0.145079,0.159321,0.152494,0.282905,0.101054,0.002381,0.000929,0.001060,0.000696,0.000909,0.000713,0.000891,0.000861,0.001132,0.000993,0.101248,80
failure_classifier_repair,peg_insert_with_lag,friction_shift,long_horizon,0.637500,0.496818,0.198387,0.205466,0.077904,0.221723,0.073035,0.105919,0.161186,0.178731,0.169722,0.151540,0.106008,0.002264,0.001348,0.001133,0.000650,0.000905,0.000645,0.000887,0.000872,0.001089,0.001169,0.106016,80
failure_classifier_repair,peg_insert_with_lag,friction_shift,sparse_observation,0.625000,0.472436,0.204808,0.203112,0.080870,0.228766,0.081791,0.119453,0.165025,0.188886,0.174896,0.111560,0.106757,0.002163,0.000948,0.000996,0.000581,0.000966,0.000607,0.000801,0.000927,0.001070,0.001131,0.106753,80
failure_classifier_repair,peg_insert_with_lag,nominal,combined_stress,0.600000,0.513054,0.198573,0.204771,0.080069,0.222945,0.080292,0.116044,0.162748,0.186413,0.172562,0.110349,0.108031,0.002120,0.001031,0.001118,0.000666,0.000904,0.000691,0.000960,0.000915,0.001139,0.000995,0.108457,80
failure_classifier_repair,peg_insert_with_lag,nominal,hidden_mechanism,0.675000,0.541757,0.170815,0.177201,0.067304,0.215947,0.068005,0.092975,0.142626,0.159308,0.150228,0.281779,0.103285,0.002344,0.001295,0.001052,0.000643,0.000854,0.000602,0.000955,0.000845,0.000983,0.001114,0.102945,80
failure_classifier_repair,peg_insert_with_lag,nominal,in_distribution,0.762500,0.552709,0.157424,0.162548,0.062578,0.211462,0.062695,0.083948,0.133312,0.146831,0.140423,0.413694,0.093841,0.002073,0.000934,0.000965,0.000610,0.000872,0.000659,0.000808,0.000866,0.001189,0.001182,0.093783,80
failure_classifier_repair,peg_insert_with_lag,nominal,long_horizon,0.725000,0.544695,0.177636,0.189271,0.071453,0.215181,0.068717,0.095895,0.148227,0.164069,0.156149,0.308409,0.098464,0.002272,0.001117,0.001089,0.000632,0.000912,0.000602,0.000951,0.000953,0.001200,0.001227,0.098754,80
failure_classifier_repair,peg_insert_with_lag,nominal,sparse_observation,0.700000,0.517142,0.183617,0.189617,0.074062,0.221819,0.077175,0.109648,0.152711,0.175530,0.161603,0.253349,0.101054,0.001848,0.001047,0.001218,0.000642,0.000923,0.000642,0.000787,0.000892,0.001106,0.001223,0.100774,80
failure_classifier_repair,peg_insert_with_lag,occlusion_persistence,combined_stress,0.537500,0.437415,0.235164,0.234070,0.090081,0.236528,0.089173,0.136377,0.183658,0.211097,0.194513,-0.071218,0.109948,0.002000,0.001121,0.001082,0.000618,0.000925,0.000659,0.000815,0.000859,0.001155,0.001034,0.109948,80
failure_classifier_repair,peg_insert_with_lag,occlusion_persistence,hidden_mechanism,0.500000,0.445638,0.212900,0.209163,0.079288,0.234156,0.084354,0.123391,0.167718,0.192584,0.177579,-0.038565,0.110259,0.001731,0.001039,0.001095,0.000706,0.000827,0.000722,0.000831,0.000803,0.001070,0.001103,0.109859,80
failure_classifier_repair,peg_insert_with_lag,occlusion_persistence,in_distribution,0.550000,0.458378,0.199315,0.196113,0.073646,0.230230,0.078125,0.114086,0.157318,0.178925,0.166857,0.057425,0.109706,0.002234,0.000982,0.001068,0.000616,0.001009,0.000581,0.000698,0.000885,0.000952,0.001054,0.109570,80
failure_classifier_repair,peg_insert_with_lag,occlusion_persistence,long_horizon,0.612500,0.447594,0.218770,0.223494,0.082995,0.232901,0.084526,0.126704,0.172071,0.196379,0.182765,0.050963,0.107431,0.002119,0.001124,0.000902,0.000559,0.000861,0.000600,0.000911,0.000857,0.000916,0.001125,0.107268,80
failure_classifier_repair,peg_insert_with_lag,occlusion_persistence,sparse_observation,0.525000,0.439025,0.221466,0.218120,0.083646,0.235916,0.087567,0.130363,0.174076,0.201249,0.184714,-0.042984,0.110121,0.002048,0.001240,0.001105,0.000665,0.000744,0.000691,0.000907,0.000703,0.000955,0.001078,0.110204,80
failure_classifier_repair,peg_insert_with_lag,payload_shift,combined_stress,0.537500,0.425020,0.237250,0.234513,0.091493,0.237494,0.087961,0.134292,0.186730,0.212178,0.197772,-0.080363,0.109948,0.002048,0.000991,0.001024,0.000662,0.000851,0.000667,0.000885,0.000820,0.000926,0.001135,0.109838,80
failure_classifier_repair,peg_insert_with_lag,payload_shift,hidden_mechanism,0.550000,0.451938,0.214316,0.206885,0.081665,0.230008,0.076670,0.113275,0.169008,0.187203,0.177988,0.018146,0.109706,0.002329,0.001053,0.001068,0.000721,0.000898,0.000524,0.000924,0.000930,0.001229,0.001165,0.109482,80
failure_classifier_repair,peg_insert_with_lag,payload_shift,in_distribution,0.650000,0.463439,0.202053,0.193035,0.076572,0.225570,0.071038,0.102255,0.159559,0.175192,0.167514,0.162112,0.105180,0.001946,0.001101,0.001087,0.000674,0.000998,0.000689,0.000864,0.000832,0.001172,0.001033,0.105156,80
failure_classifier_repair,peg_insert_with_lag,payload_shift,long_horizon,0.575000,0.453771,0.220509,0.220838,0.084947,0.228218,0.077659,0.114977,0.175119,0.193828,0.184532,0.019493,0.109011,0.002113,0.001126,0.000956,0.000602,0.000904,0.000659,0.000754,0.000976,0.001102,0.001209,0.109108,80
failure_classifier_repair,peg_insert_with_lag,payload_shift,sparse_observation,0.612500,0.428758,0.227380,0.220693,0.087348,0.235252,0.086249,0.129664,0.179797,0.205079,0.190321,0.027080,0.107431,0.002220,0.001073,0.001125,0.000683,0.000834,0.000672,0.000826,0.000800,0.001024,0.001026,0.107496,80
observed_only_planner,cluttered_navigation_grasp,actuator_lag,combined_stress,0.237500,0.118011,0.407660,0.371979,0.143178,0.078027,0.163750,0.062443,0.303147,0.330608,0.329431,-0.856240,0.093841,0.002227,0.001221,0.001118,0.000692,0.000751,0.000691,0.000890,0.000943,0.001068,0.001234,0.093802,80
observed_only_planner,cluttered_navigation_grasp,actuator_lag,hidden_mechanism,0.375000,0.146418,0.373248,0.336245,0.128628,0.076355,0.146733,0.047514,0.277983,0.296417,0.302004,-0.605491,0.106757,0.001983,0.001048,0.001088,0.000643,0.000890,0.000611,0.001065,0.000782,0.001001,0.001135,0.106739,80
observed_only_planner,cluttered_navigation_grasp,actuator_lag,in_distribution,0.337500,0.161894,0.355579,0.318984,0.122428,0.072213,0.138505,0.040506,0.264561,0.278664,0.287287,-0.585822,0.104273,0.002166,0.001116,0.001033,0.000629,0.000928,0.000646,0.000980,0.000897,0.001169,0.001023,0.104457,80
observed_only_planner,cluttered_navigation_grasp,actuator_lag,long_horizon,0.400000,0.150637,0.383667,0.351750,0.133409,0.073774,0.149213,0.047792,0.285186,0.304081,0.309444,-0.610986,0.108031,0.001964,0.001084,0.001093,0.000710,0.000919,0.000638,0.000865,0.000961,0.001236,0.001124,0.107890,80
observed_only_planner,cluttered_navigation_grasp,actuator_lag,sparse_observation,0.212500,0.127347,0.392460,0.353747,0.136711,0.078385,0.159136,0.059709,0.291166,0.315723,0.316940,-0.832472,0.090208,0.002217,0.000982,0.001143,0.000574,0.000969,0.000590,0.000880,0.000954,0.001162,0.001130,0.090256,80
observed_only_planner,cluttered_navigation_grasp,combined_hidden_mechanisms,combined_stress,0.087500,0.032436,0.440648,0.400743,0.151209,0.083679,0.174944,0.068455,0.321069,0.351714,0.349401,-1.116966,0.062311,0.002196,0.001099,0.001178,0.000682,0.000803,0.000687,0.000823,0.000898,0.001202,0.001084,0.062546,80
observed_only_planner,cluttered_navigation_grasp,combined_hidden_mechanisms,hidden_mechanism,0.237500,0.041578,0.426547,0.377030,0.146116,0.081640,0.166929,0.061687,0.309259,0.335747,0.336603,-0.913189,0.093841,0.002521,0.001182,0.001221,0.000677,0.000936,0.000655,0.000753,0.000820,0.001100,0.001042,0.093827,80
observed_only_planner,cluttered_navigation_grasp,combined_hidden_mechanisms,in_distribution,0.187500,0.055903,0.413145,0.360723,0.139664,0.080337,0.158662,0.055062,0.299285,0.322612,0.325080,-0.913931,0.086071,0.002134,0.001124,0.001199,0.000586,0.000794,0.000680,0.000959,0.000882,0.001091,0.001050,0.086417,80
observed_only_planner,cluttered_navigation_grasp,combined_hidden_mechanisms,long_horizon,0.162500,0.046587,0.433493,0.393789,0.148330,0.082025,0.168398,0.061457,0.314651,0.341616,0.342266,-1.012587,0.081351,0.001815,0.001159,0.001167,0.000651,0.000762,0.000646,0.000777,0.000887,0.001083,0.001123,0.081267,80
observed_only_planner,cluttered_navigation_grasp,combined_hidden_mechanisms,sparse_observation,0.075000,0.032013,0.434502,0.387255,0.148697,0.082857,0.172236,0.067160,0.316889,0.347044,0.344433,-1.106154,0.058082,0.001642,0.001075,0.001118,0.000663,0.000924,0.000739,0.000811,0.000959,0.001132,0.001086,0.058053,80
observed_only_planner,cluttered_navigation_grasp,compliance_shift,combined_stress,0.237500,0.142608,0.398560,0.364479,0.139893,0.076934,0.160190,0.060199,0.296876,0.322621,0.322545,-0.823493,0.093841,0.002098,0.001052,0.001134,0.000650,0.000850,0.000585,0.000852,0.000960,0.001155,0.001109,0.093322,80
observed_only_planner,cluttered_navigation_grasp,compliance_shift,hidden_mechanism,0.362500,0.170919,0.361163,0.327442,0.123800,0.073344,0.142898,0.045561,0.268821,0.285749,0.292306,-0.577378,0.106008,0.002174,0.001168,0.001144,0.000755,0.000842,0.000709,0.001045,0.000901,0.001245,0.001168,0.106158,80
observed_only_planner,cluttered_navigation_grasp,compliance_shift,in_distribution,0.425000,0.185203,0.343858,0.309676,0.117079,0.070706,0.134962,0.038831,0.256885,0.269927,0.278696,-0.459125,0.109011,0.002320,0.001208,0.001095,0.000715,0.000926,0.000695,0.000844,0.000896,0.001213,0.001120,0.109121,80
observed_only_planner,cluttered_navigation_grasp,compliance_shift,long_horizon,0.387500,0.174370,0.369822,0.343713,0.128599,0.072931,0.145224,0.045906,0.277740,0.294870,0.301073,-0.583811,0.107431,0.002141,0.001036,0.001174,0.000663,0.000787,0.000620,0.000981,0.000819,0.000968,0.000988,0.107577,80
observed_only_planner,cluttered_navigation_grasp,compliance_shift,sparse_observation,0.262500,0.150482,0.380083,0.345133,0.131786,0.076682,0.155456,0.056415,0.284002,0.308298,0.309135,-0.743586,0.097026,0.002231,0.001176,0.000950,0.000646,0.000801,0.000721,0.000843,0.000843,0.001129,0.000943,0.096956,80
observed_only_planner,cluttered_navigation_grasp,contact_mode_flip,combined_stress,0.150000,0.098672,0.421971,0.383475,0.145345,0.080220,0.168065,0.063939,0.308919,0.337128,0.335753,-0.981705,0.078740,0.002143,0.001044,0.001119,0.000684,0.001013,0.000625,0.000843,0.000833,0.001033,0.001078,0.078839,80
observed_only_planner,cluttered_navigation_grasp,contact_mode_flip,hidden_mechanism,0.387500,0.130107,0.384472,0.346354,0.130321,0.076052,0.150329,0.049225,0.281812,0.301385,0.306520,-0.623170,0.107431,0.002174,0.001251,0.000991,0.000712,0.000784,0.000707,0.000889,0.000780,0.000984,0.001108,0.107577,80
observed_only_planner,cluttered_navigation_grasp,contact_mode_flip,in_distribution,0.312500,0.143699,0.367535,0.330263,0.123220,0.074158,0.142751,0.042998,0.269441,0.285551,0.292297,-0.644136,0.102212,0.002179,0.001114,0.001022,0.000664,0.000936,0.000630,0.000825,0.000866,0.001053,0.001030,0.102464,80
observed_only_planner,cluttered_navigation_grasp,contact_mode_flip,long_horizon,0.275000,0.129855,0.392975,0.362972,0.134454,0.075802,0.152561,0.049423,0.289440,0.309738,0.314095,-0.766932,0.098464,0.001947,0.001090,0.001146,0.000710,0.000979,0.000765,0.000981,0.000971,0.001215,0.001204,0.098493,80
observed_only_planner,cluttered_navigation_grasp,contact_mode_flip,sparse_observation,0.162500,0.104249,0.404153,0.363724,0.137882,0.079510,0.162178,0.062552,0.297015,0.323728,0.323596,-0.916387,0.081351,0.002237,0.001130,0.001219,0.000682,0.000803,0.000693,0.000807,0.000882,0.001138,0.001159,0.081510,80
observed_only_planner,cluttered_navigation_grasp,friction_shift,combined_stress,0.325000,0.163628,0.387548,0.357595,0.136676,0.076188,0.157655,0.058631,0.290559,0.316095,0.315852,-0.704019,0.103285,0.002294,0.001137,0.001079,0.000644,0.000910,0.000621,0.000835,0.000857,0.001034,0.001192,0.103455,80
observed_only_planner,cluttered_navigation_grasp,friction_shift,hidden_mechanism,0.450000,0.192530,0.349850,0.318401,0.120475,0.071146,0.139751,0.043627,0.262144,0.278653,0.284842,-0.454561,0.109706,0.002067,0.001121,0.001014,0.000666,0.000819,0.000659,0.000864,0.000919,0.001145,0.001006,0.110231,80
observed_only_planner,cluttered_navigation_grasp,friction_shift,in_distribution,0.425000,0.205852,0.332223,0.302430,0.113726,0.070734,0.132227,0.035685,0.251053,0.263882,0.273196,-0.426397,0.109011,0.002223,0.001184,0.001051,0.000611,0.000983,0.000631,0.000774,0.000811,0.001034,0.001107,0.108890,80
observed_only_planner,cluttered_navigation_grasp,friction_shift,long_horizon,0.437500,0.194094,0.360094,0.335637,0.124951,0.072026,0.142560,0.043929,0.270300,0.286063,0.293372,-0.501158,0.109394,0.002013,0.000958,0.001033,0.000602,0.000883,0.000617,0.000848,0.000977,0.001215,0.001216,0.109421,80
observed_only_planner,cluttered_navigation_grasp,friction_shift,sparse_observation,0.250000,0.169868,0.370064,0.337958,0.128503,0.074999,0.152234,0.055465,0.276763,0.300026,0.301312,-0.724166,0.095487,0.002295,0.001114,0.001120,0.000699,0.000932,0.000638,0.000875,0.000858,0.001055,0.001117,0.095282,80
observed_only_planner,cluttered_navigation_grasp,nominal,combined_stress,0.400000,0.232773,0.360015,0.336390,0.127356,0.072346,0.148553,0.053894,0.274366,0.296898,0.298397,-0.536474,0.108031,0.002146,0.000959,0.000966,0.000669,0.000865,0.000722,0.000983,0.000905,0.001154,0.001328,0.108105,80
observed_only_planner,cluttered_navigation_grasp,nominal,hidden_mechanism,0.600000,0.259670,0.322667,0.298661,0.111294,0.068331,0.131242,0.039272,0.245871,0.259821,0.267643,-0.214963,0.108031,0.002044,0.001031,0.001030,0.000717,0.000856,0.000639,0.000955,0.000817,0.001109,0.000917,0.108136,80
observed_only_planner,cluttered_navigation_grasp,nominal,in_distribution,0.600000,0.273246,0.305493,0.281489,0.103646,0.066607,0.123428,0.032513,0.233609,0.243610,0.253644,-0.159185,0.108031,0.002468,0.001070,0.001026,0.000704,0.000757,0.000725,0.000847,0.000930,0.001157,0.001115,0.108234,80
observed_only_planner,cluttered_navigation_grasp,nominal,long_horizon,0.475000,0.265726,0.331703,0.314426,0.115569,0.067808,0.133890,0.039647,0.252600,0.267183,0.274248,-0.368656,0.110121,0.001996,0.001092,0.000897,0.000628,0.000823,0.000642,0.000842,0.000850,0.001047,0.001057,0.109872,80
observed_only_planner,cluttered_navigation_grasp,nominal,sparse_observation,0.462500,0.236729,0.340464,0.315838,0.118699,0.071214,0.143714,0.051009,0.260579,0.281272,0.284221,-0.417169,0.109948,0.002273,0.001105,0.001118,0.000663,0.000804,0.000674,0.000851,0.000858,0.001144,0.001109,0.110062,80
observed_only_planner,cluttered_navigation_grasp,occlusion_persistence,combined_stress,0.237500,0.117245,0.409740,0.375255,0.142540,0.079310,0.165965,0.064339,0.303997,0.332281,0.330463,-0.862803,0.093841,0.002154,0.001111,0.001027,0.000601,0.000799,0.000689,0.001004,0.000914,0.001123,0.001095,0.093790,80
observed_only_planner,cluttered_navigation_grasp,occlusion_persistence,hidden_mechanism,0.400000,0.130027,0.380135,0.345078,0.128611,0.077712,0.156090,0.058423,0.280584,0.305666,0.305716,-0.608578,0.108031,0.002231,0.001162,0.001107,0.000750,0.000841,0.000708,0.000952,0.000778,0.001136,0.000994,0.108186,80
observed_only_planner,cluttered_navigation_grasp,occlusion_persistence,in_distribution,0.437500,0.143692,0.361723,0.326250,0.121674,0.076057,0.147925,0.051496,0.267146,0.288059,0.291011,-0.512631,0.109394,0.001894,0.001168,0.001230,0.000704,0.000890,0.000588,0.000817,0.000916,0.001026,0.001127,0.109483,80
observed_only_planner,cluttered_navigation_grasp,occlusion_persistence,long_horizon,0.300000,0.132684,0.388844,0.360569,0.133689,0.077798,0.158049,0.059892,0.287734,0.312398,0.313104,-0.739055,0.101054,0.002146,0.000999,0.001170,0.000605,0.000914,0.000576,0.000927,0.000863,0.001072,0.001051,0.101354,80
observed_only_planner,cluttered_navigation_grasp,occlusion_persistence,sparse_observation,0.137500,0.121626,0.392204,0.356095,0.134430,0.078337,0.161059,0.062874,0.290553,0.318897,0.317094,-0.909881,0.075940,0.002143,0.001030,0.001121,0.000685,0.000803,0.000693,0.000815,0.000838,0.001062,0.000949,0.076103,80
observed_only_planner,cluttered_navigation_grasp,payload_shift,combined_stress,0.225000,0.100485,0.413038,0.378430,0.144203,0.078559,0.165454,0.062618,0.306345,0.333668,0.332440,-0.888916,0.092084,0.002436,0.001136,0.001305,0.000646,0.000893,0.000659,0.000815,0.000954,0.001184,0.001194,0.092269,80
observed_only_planner,cluttered_navigation_grasp,payload_shift,hidden_mechanism,0.312500,0.126714,0.381144,0.342157,0.131311,0.075885,0.148473,0.047695,0.282007,0.300364,0.306480,-0.692794,0.102212,0.001914,0.001153,0.001314,0.000651,0.000849,0.000728,0.000994,0.000853,0.001155,0.001072,0.102026,80
observed_only_planner,cluttered_navigation_grasp,payload_shift,in_distribution,0.337500,0.141795,0.362972,0.324067,0.124272,0.073818,0.140616,0.041366,0.269464,0.284971,0.292733,-0.610291,0.104273,0.002106,0.001012,0.001096,0.000668,0.000897,0.000635,0.000765,0.000897,0.001131,0.001196,0.104430,80
observed_only_planner,cluttered_navigation_grasp,payload_shift,long_horizon,0.350000,0.131057,0.388178,0.357680,0.135053,0.074447,0.150864,0.047614,0.289897,0.307974,0.314792,-0.682218,0.105180,0.002224,0.001045,0.001144,0.000684,0.000792,0.000701,0.000881,0.000871,0.001188,0.001272,0.104819,80
observed_only_planner,cluttered_navigation_grasp,payload_shift,sparse_observation,0.287500,0.105321,0.398657,0.358039,0.139291,0.078394,0.160774,0.059568,0.296548,0.321935,0.322386,-0.781021,0.099805,0.002003,0.001149,0.001061,0.000635,0.000754,0.000627,0.000892,0.000707,0.000982,0.000968,0.099799,80
observed_only_planner,deformable_bin_pick,actuator_lag,combined_stress,0.250000,0.122791,0.404463,0.370331,0.141949,0.079133,0.162350,0.061848,0.301890,0.328757,0.328534,-0.835250,0.095487,0.002297,0.001156,0.001027,0.000676,0.000928,0.000590,0.000817,0.000935,0.001218,0.001174,0.095633,80
observed_only_planner,deformable_bin_pick,actuator_lag,hidden_mechanism,0.237500,0.151582,0.370062,0.333288,0.127985,0.074492,0.146426,0.047032,0.276464,0.294564,0.299938,-0.733529,0.093841,0.002473,0.000957,0.001070,0.000697,0.000855,0.000622,0.000925,0.000849,0.001128,0.001187,0.093775,80
observed_only_planner,deformable_bin_pick,actuator_lag,in_distribution,0.387500,0.163726,0.352754,0.316064,0.121002,0.072999,0.137959,0.039838,0.263015,0.276826,0.285576,-0.527644,0.107431,0.002189,0.001162,0.001054,0.000622,0.000896,0.000645,0.000844,0.000850,0.001106,0.001171,0.107277,80
observed_only_planner,deformable_bin_pick,actuator_lag,long_horizon,0.312500,0.151798,0.378661,0.349175,0.132921,0.074155,0.148588,0.046918,0.283568,0.302512,0.307957,-0.689531,0.102212,0.002153,0.001087,0.001196,0.000654,0.000857,0.000609,0.000787,0.000904,0.001169,0.001164,0.101854,80
observed_only_planner,deformable_bin_pick,actuator_lag,sparse_observation,0.337500,0.128231,0.389401,0.350763,0.136433,0.078535,0.157583,0.059169,0.290775,0.316079,0.316689,-0.700586,0.104273,0.002117,0.000963,0.001086,0.000736,0.000967,0.000685,0.000959,0.000753,0.000971,0.000985,0.104301,80
observed_only_planner,deformable_bin_pick,combined_hidden_mechanisms,combined_stress,0.100000,0.031616,0.439987,0.400938,0.151020,0.084533,0.174147,0.067741,0.320380,0.351223,0.348116,-1.103332,0.066155,0.001916,0.001041,0.000991,0.000552,0.000922,0.000651,0.000791,0.000838,0.001070,0.001056,0.066059,80
observed_only_planner,deformable_bin_pick,combined_hidden_mechanisms,hidden_mechanism,0.137500,0.040479,0.425055,0.376045,0.145604,0.082331,0.166328,0.061156,0.310050,0.336339,0.337492,-1.011167,0.075940,0.001934,0.001170,0.001072,0.000656,0.000814,0.000666,0.000871,0.000991,0.001161,0.001230,0.075883,80
observed_only_planner,deformable_bin_pick,combined_hidden_mechanisms,in_distribution,0.187500,0.056827,0.408829,0.358731,0.138272,0.080598,0.158075,0.055287,0.297265,0.319710,0.323174,-0.905144,0.086071,0.002335,0.001203,0.001210,0.000602,0.000901,0.000484,0.000942,0.000792,0.001043,0.001015,0.086156,80
observed_only_planner,deformable_bin_pick,combined_hidden_mechanisms,long_horizon,0.100000,0.045576,0.433078,0.391652,0.147846,0.082665,0.167689,0.061668,0.314828,0.341646,0.342088,-1.072839,0.066155,0.001825,0.001048,0.000972,0.000736,0.000965,0.000734,0.000917,0.000993,0.001210,0.001172,0.066262,80
observed_only_planner,deformable_bin_pick,combined_hidden_mechanisms,sparse_observation,0.075000,0.029390,0.433517,0.386292,0.148351,0.083740,0.171924,0.067794,0.314995,0.345736,0.343518,-1.104035,0.058082,0.001908,0.001083,0.001028,0.000684,0.000784,0.000716,0.000797,0.000871,0.001156,0.001009,0.058015,80
observed_only_planner,deformable_bin_pick,compliance_shift,combined_stress,0.237500,0.144608,0.394252,0.363146,0.139079,0.077800,0.160118,0.059745,0.296227,0.321826,0.321704,-0.816670,0.093841,0.002250,0.001119,0.001054,0.000652,0.000766,0.000661,0.000921,0.000893,0.001141,0.001255,0.094052,80
observed_only_planner,deformable_bin_pick,compliance_shift,hidden_mechanism,0.350000,0.176450,0.358363,0.324151,0.123851,0.073513,0.142628,0.045126,0.267953,0.285491,0.291297,-0.582171,0.105180,0.001956,0.001134,0.001326,0.000685,0.000817,0.000738,0.000970,0.000923,0.001151,0.001111,0.105010,80
observed_only_planner,deformable_bin_pick,compliance_shift,in_distribution,0.462500,0.188361,0.339588,0.306239,0.115909,0.070773,0.134005,0.037161,0.255038,0.267815,0.276746,-0.410701,0.109948,0.001892,0.001079,0.001129,0.000631,0.000857,0.000591,0.000681,0.000803,0.001042,0.000999,0.110150,80
observed_only_planner,deformable_bin_pick,compliance_shift,long_horizon,0.312500,0.178599,0.366454,0.340495,0.127656,0.073941,0.145411,0.045238,0.275323,0.292872,0.299254,-0.649497,0.102212,0.002348,0.001093,0.001106,0.000658,0.000886,0.000637,0.000859,0.000870,0.001073,0.001080,0.102202,80
observed_only_planner,deformable_bin_pick,compliance_shift,sparse_observation,0.212500,0.151590,0.375285,0.343217,0.131614,0.076562,0.154048,0.056805,0.282422,0.306286,0.307546,-0.785392,0.090208,0.002125,0.001029,0.001211,0.000590,0.000895,0.000673,0.000879,0.000956,0.001157,0.001145,0.090070,80
observed_only_planner,deformable_bin_pick,contact_mode_flip,combined_stress,0.237500,0.102590,0.417168,0.381744,0.144446,0.081254,0.167292,0.064177,0.307629,0.335830,0.334167,-0.885274,0.093841,0.002074,0.001197,0.001111,0.000665,0.000754,0.000794,0.000943,0.000996,0.001208,0.001176,0.093819,80
observed_only_planner,deformable_bin_pick,contact_mode_flip,hidden_mechanism,0.275000,0.132601,0.382140,0.343433,0.128806,0.076056,0.149664,0.049351,0.280083,0.299740,0.304161,-0.727368,0.098464,0.001943,0.001131,0.001151,0.000608,0.000884,0.000555,0.000932,0.000890,0.001077,0.001072,0.098297,80
observed_only_planner,deformable_bin_pick,contact_mode_flip,in_distribution,0.462500,0.143700,0.364343,0.326929,0.122747,0.075151,0.141526,0.042852,0.268957,0.284806,0.292061,-0.487399,0.109948,0.002143,0.001099,0.000963,0.000608,0.000906,0.000635,0.000921,0.000935,0.001137,0.001160,0.110067,80
observed_only_planner,deformable_bin_pick,contact_mode_flip,long_horizon,0.275000,0.134004,0.390138,0.360211,0.134000,0.076169,0.152555,0.049002,0.288111,0.308161,0.312622,-0.759453,0.098464,0.002045,0.000986,0.001094,0.000671,0.000814,0.000697,0.000901,0.000887,0.001260,0.001116,0.098852,80
observed_only_planner,deformable_bin_pick,contact_mode_flip,sparse_observation,0.300000,0.107874,0.399833,0.361807,0.137286,0.080049,0.160941,0.061210,0.295095,0.321612,0.320824,-0.769555,0.101054,0.001903,0.001056,0.001083,0.000568,0.000906,0.000634,0.001002,0.000861,0.001127,0.000994,0.100928,80
observed_only_planner,deformable_bin_pick,friction_shift,combined_stress,0.287500,0.168449,0.384268,0.354286,0.135793,0.076590,0.157288,0.058458,0.288916,0.313664,0.314260,-0.732191,0.099805,0.002113,0.001059,0.001121,0.000591,0.000949,0.000731,0.000830,0.000846,0.001122,0.001161,0.099767,80
observed_only_planner,deformable_bin_pick,friction_shift,hidden_mechanism,0.512500,0.195328,0.347925,0.318314,0.119566,0.072370,0.139110,0.042823,0.261207,0.277516,0.284042,-0.387576,0.110224,0.002164,0.001144,0.001017,0.000583,0.000862,0.000764,0.000869,0.000892,0.001264,0.001148,0.110125,80
observed_only_planner,deformable_bin_pick,friction_shift,in_distribution,0.412500,0.209933,0.329228,0.299489,0.112731,0.069707,0.132257,0.036853,0.249677,0.262040,0.271150,-0.430476,0.108557,0.001834,0.001154,0.001255,0.000640,0.000887,0.000701,0.000820,0.000868,0.001043,0.001159,0.108394,80
observed_only_planner,deformable_bin_pick,friction_shift,long_horizon,0.475000,0.198024,0.356113,0.332781,0.124774,0.072065,0.141360,0.043680,0.269670,0.285831,0.292685,-0.455156,0.110121,0.002423,0.001094,0.001055,0.000619,0.000963,0.000602,0.000976,0.000887,0.001317,0.001118,0.109813,80
observed_only_planner,deformable_bin_pick,friction_shift,sparse_observation,0.375000,0.169653,0.365704,0.335345,0.127841,0.075555,0.152053,0.054782,0.275236,0.299110,0.300006,-0.591450,0.106757,0.002120,0.001148,0.001045,0.000632,0.000893,0.000655,0.000856,0.000828,0.001117,0.001032,0.106574,80
observed_only_planner,deformable_bin_pick,nominal,combined_stress,0.412500,0.233771,0.356273,0.333343,0.126750,0.071701,0.148637,0.054806,0.271672,0.294121,0.295810,-0.515490,0.108557,0.002474,0.001109,0.001129,0.000635,0.000843,0.000709,0.000885,0.001000,0.001257,0.001236,0.108315,80
observed_only_planner,deformable_bin_pick,nominal,hidden_mechanism,0.575000,0.261925,0.318544,0.294665,0.110922,0.068381,0.131118,0.039297,0.244324,0.258289,0.265964,-0.230857,0.109011,0.002066,0.001022,0.000964,0.000638,0.000822,0.000679,0.000774,0.000857,0.001103,0.001194,0.109494,80
observed_only_planner,deformable_bin_pick,nominal,in_distribution,0.637500,0.277704,0.301368,0.277105,0.103630,0.066926,0.122553,0.032273,0.231543,0.240817,0.251165,-0.111192,0.106008,0.002159,0.001043,0.001172,0.000645,0.000885,0.000708,0.000807,0.000945,0.001179,0.001222,0.106322,80
observed_only_planner,deformable_bin_pick,nominal,long_horizon,0.512500,0.266442,0.328707,0.311066,0.115549,0.068262,0.133641,0.039447,0.252029,0.266122,0.273197,-0.325111,0.110224,0.002062,0.001177,0.001211,0.000753,0.000966,0.000656,0.000947,0.000801,0.001088,0.001082,0.109612,80
observed_only_planner,deformable_bin_pick,nominal,sparse_observation,0.425000,0.239214,0.337597,0.313591,0.118863,0.071257,0.143587,0.050652,0.258257,0.279928,0.281044,-0.447992,0.109011,0.002092,0.001275,0.000925,0.000648,0.000961,0.000636,0.000880,0.000839,0.000988,0.000944,0.108879,80
observed_only_planner,deformable_bin_pick,occlusion_persistence,combined_stress,0.212500,0.120915,0.406095,0.373119,0.141770,0.079789,0.164187,0.064614,0.301709,0.329908,0.328151,-0.878501,0.090208,0.002250,0.001112,0.001067,0.000654,0.000995,0.000650,0.000944,0.000890,0.001115,0.001040,0.090063,80
observed_only_planner,deformable_bin_pick,occlusion_persistence,hidden_mechanism,0.312500,0.131703,0.376533,0.342138,0.128323,0.078083,0.155411,0.057476,0.280368,0.305126,0.305596,-0.689015,0.102212,0.002057,0.001034,0.001035,0.000722,0.000994,0.000729,0.000927,0.000894,0.001010,0.001093,0.102249,80
observed_only_planner,deformable_bin_pick,occlusion_persistence,in_distribution,0.425000,0.147585,0.359258,0.324614,0.121270,0.076103,0.147815,0.051342,0.267080,0.288313,0.290996,-0.519721,0.109011,0.002452,0.001094,0.001119,0.000637,0.000897,0.000645,0.000829,0.000902,0.001155,0.001185,0.108757,80
observed_only_planner,deformable_bin_pick,occlusion_persistence,long_horizon,0.275000,0.133083,0.385614,0.358071,0.132193,0.077592,0.157794,0.059017,0.286517,0.311812,0.311980,-0.756275,0.098464,0.002470,0.000889,0.001066,0.000728,0.000776,0.000719,0.000760,0.000837,0.001132,0.001050,0.098331,80
observed_only_planner,deformable_bin_pick,occlusion_persistence,sparse_observation,0.300000,0.125302,0.388509,0.353884,0.134156,0.078986,0.160759,0.062794,0.288998,0.315892,0.314612,-0.739742,0.101054,0.002449,0.000955,0.001135,0.000659,0.000782,0.000568,0.000897,0.000874,0.001169,0.001176,0.101546,80
observed_only_planner,deformable_bin_pick,payload_shift,combined_stress,0.200000,0.103310,0.409566,0.375149,0.143876,0.079416,0.164348,0.061816,0.304817,0.332051,0.330581,-0.905379,0.088207,0.002174,0.001008,0.001212,0.000720,0.000837,0.000665,0.000841,0.000792,0.001033,0.001099,0.088013,80
observed_only_planner,deformable_bin_pick,payload_shift,hidden_mechanism,0.312500,0.130627,0.377702,0.339831,0.131216,0.075481,0.148128,0.047551,0.280818,0.299340,0.304221,-0.685285,0.102212,0.002244,0.001008,0.001183,0.000493,0.000836,0.000657,0.000670,0.000899,0.001117,0.001161,0.102131,80
observed_only_planner,deformable_bin_pick,payload_shift,in_distribution,0.387500,0.145134,0.359306,0.322607,0.123647,0.073471,0.139505,0.039864,0.267658,0.282308,0.290106,-0.551827,0.107431,0.002237,0.000879,0.001134,0.000533,0.000773,0.000650,0.000871,0.000925,0.001105,0.001207,0.107371,80
observed_only_planner,deformable_bin_pick,payload_shift,long_horizon,0.312500,0.133931,0.386716,0.354942,0.135425,0.075721,0.150069,0.047813,0.288415,0.307491,0.313367,-0.714695,0.102212,0.002171,0.001283,0.000976,0.000687,0.000777,0.000678,0.000998,0.000869,0.001136,0.001140,0.102387,80
observed_only_planner,deformable_bin_pick,payload_shift,sparse_observation,0.287500,0.104500,0.396130,0.356021,0.138913,0.079136,0.159775,0.059723,0.294685,0.320410,0.319982,-0.775527,0.099805,0.002395,0.000956,0.001126,0.000655,0.000792,0.000619,0.000863,0.000924,0.001225,0.001208,0.099831,80
observed_only_planner,drawer_contact_repair,actuator_lag,combined_stress,0.287500,0.128958,0.397179,0.364161,0.139923,0.077645,0.160717,0.060671,0.297644,0.324080,0.323982,-0.777730,0.099805,0.002530,0.001154,0.001211,0.000627,0.000865,0.000636,0.000947,0.000871,0.001166,0.001098,0.099729,80
observed_only_planner,drawer_contact_repair,actuator_lag,hidden_mechanism,0.337500,0.156938,0.363733,0.327799,0.126294,0.073268,0.143590,0.045246,0.271856,0.289743,0.295148,-0.614624,0.104273,0.002116,0.000966,0.001118,0.000598,0.000931,0.000579,0.000829,0.000779,0.001061,0.001084,0.104567,80
observed_only_planner,drawer_contact_repair,actuator_lag,in_distribution,0.412500,0.169779,0.345181,0.310556,0.119207,0.071515,0.135907,0.038598,0.261050,0.274933,0.283052,-0.484379,0.108557,0.002382,0.001033,0.001071,0.000696,0.000977,0.000713,0.000808,0.000848,0.001018,0.001043,0.108423,80
observed_only_planner,drawer_contact_repair,actuator_lag,long_horizon,0.350000,0.159022,0.372573,0.343262,0.131005,0.072091,0.146186,0.046634,0.279869,0.297762,0.303799,-0.633011,0.105180,0.002194,0.001256,0.001308,0.000621,0.000780,0.000630,0.000691,0.000843,0.001065,0.001118,0.105628,80
observed_only_planner,drawer_contact_repair,actuator_lag,sparse_observation,0.312500,0.133281,0.382721,0.345330,0.134372,0.076418,0.156977,0.058253,0.286997,0.311793,0.312619,-0.707757,0.102212,0.001806,0.001101,0.001136,0.000630,0.000921,0.000663,0.000882,0.000815,0.001049,0.001039,0.102308,80
observed_only_planner,drawer_contact_repair,combined_hidden_mechanisms,combined_stress,0.050000,0.035326,0.435467,0.398247,0.149004,0.082647,0.172936,0.067039,0.316775,0.346832,0.344472,-1.140030,0.048061,0.001958,0.000991,0.000999,0.000595,0.000770,0.000609,0.000956,0.000910,0.001043,0.001145,0.048021,80
observed_only_planner,drawer_contact_repair,combined_hidden_mechanisms,hidden_mechanism,0.187500,0.047776,0.419959,0.370720,0.144048,0.080923,0.164287,0.061164,0.305506,0.331628,0.332648,-0.943779,0.086071,0.002442,0.001004,0.000969,0.000684,0.000927,0.000590,0.001014,0.000833,0.001130,0.000965,0.086123,80
observed_only_planner,drawer_contact_repair,combined_hidden_mechanisms,in_distribution,0.300000,0.063508,0.400608,0.352759,0.136846,0.078997,0.155663,0.053570,0.293188,0.315540,0.318268,-0.771919,0.101054,0.001968,0.001130,0.001167,0.000680,0.000876,0.000661,0.000900,0.000967,0.001063,0.001160,0.101086,80
observed_only_planner,drawer_contact_repair,combined_hidden_mechanisms,long_horizon,0.112500,0.049744,0.425554,0.385784,0.146526,0.080524,0.165582,0.061085,0.310372,0.337062,0.336944,-1.041287,0.069679,0.002184,0.001150,0.001098,0.000738,0.000714,0.000666,0.000872,0.000865,0.000980,0.001111,0.069747,80
observed_only_planner,drawer_contact_repair,combined_hidden_mechanisms,sparse_observation,0.150000,0.036150,0.428900,0.381487,0.147610,0.082424,0.170217,0.066788,0.311514,0.340999,0.338764,-1.014218,0.078740,0.002310,0.001044,0.000967,0.000656,0.000800,0.000661,0.001026,0.000805,0.000908,0.000976,0.078721,80
observed_only_planner,drawer_contact_repair,compliance_shift,combined_stress,0.325000,0.151196,0.386219,0.357296,0.137478,0.074880,0.157106,0.058848,0.291550,0.316504,0.316777,-0.707621,0.103285,0.002581,0.001234,0.001132,0.000561,0.000755,0.000734,0.000964,0.000770,0.001084,0.001095,0.103305,80
observed_only_planner,drawer_contact_repair,compliance_shift,hidden_mechanism,0.437500,0.180455,0.351334,0.319040,0.121346,0.071584,0.139790,0.044859,0.263331,0.280382,0.286611,-0.475103,0.109394,0.002429,0.001159,0.001038,0.000563,0.000792,0.000657,0.000861,0.000883,0.001162,0.001126,0.109444,80
observed_only_planner,drawer_contact_repair,compliance_shift,in_distribution,0.462500,0.195266,0.332474,0.301982,0.114366,0.070316,0.132784,0.036743,0.250438,0.263337,0.271975,-0.393044,0.109948,0.002326,0.001081,0.001142,0.000636,0.000861,0.000613,0.000918,0.000838,0.001006,0.001047,0.110091,80
observed_only_planner,drawer_contact_repair,compliance_shift,long_horizon,0.275000,0.181570,0.360355,0.334523,0.125794,0.071720,0.142124,0.044047,0.271485,0.288382,0.293964,-0.668628,0.098464,0.002058,0.000892,0.001049,0.000620,0.000832,0.000576,0.000743,0.000844,0.001067,0.001050,0.098267,80
observed_only_planner,drawer_contact_repair,compliance_shift,sparse_observation,0.362500,0.155766,0.369128,0.337173,0.129947,0.074837,0.151658,0.056333,0.278489,0.302358,0.303580,-0.617422,0.106008,0.002173,0.001079,0.000881,0.000697,0.000879,0.000653,0.000894,0.000805,0.000993,0.001107,0.106028,80
observed_only_planner,drawer_contact_repair,contact_mode_flip,combined_stress,0.212500,0.110336,0.410349,0.376773,0.143075,0.078800,0.164749,0.064023,0.302997,0.330955,0.329705,-0.890947,0.090208,0.002377,0.000970,0.001152,0.000651,0.000799,0.000800,0.000809,0.001028,0.001201,0.001143,0.090496,80
observed_only_planner,drawer_contact_repair,contact_mode_flip,hidden_mechanism,0.312500,0.135086,0.373967,0.338294,0.127799,0.075121,0.147807,0.048496,0.277022,0.296328,0.300994,-0.673024,0.102212,0.002337,0.001239,0.001195,0.000615,0.000938,0.000672,0.000838,0.000784,0.000886,0.001118,0.102490,80
observed_only_planner,drawer_contact_repair,contact_mode_flip,in_distribution,0.362500,0.153701,0.357343,0.320726,0.120863,0.072624,0.139502,0.041985,0.263913,0.278925,0.286313,-0.565489,0.106008,0.002410,0.001142,0.001227,0.000586,0.000936,0.000549,0.000860,0.000955,0.001188,0.001125,0.106032,80
observed_only_planner,drawer_contact_repair,contact_mode_flip,long_horizon,0.237500,0.139212,0.383702,0.353667,0.131898,0.074989,0.149873,0.048476,0.284480,0.304042,0.309147,-0.777718,0.093841,0.002254,0.001043,0.001032,0.000720,0.000798,0.000649,0.000928,0.000974,0.001264,0.001169,0.093621,80
observed_only_planner,drawer_contact_repair,contact_mode_flip,sparse_observation,0.225000,0.114402,0.394001,0.355818,0.135794,0.078602,0.159465,0.061280,0.291792,0.318168,0.317550,-0.827401,0.092084,0.002212,0.001094,0.001019,0.000617,0.000838,0.000725,0.000839,0.000794,0.001038,0.001034,0.092243,80
observed_only_planner,drawer_contact_repair,friction_shift,combined_stress,0.362500,0.173699,0.377607,0.348178,0.134132,0.074560,0.154171,0.057943,0.285821,0.310163,0.311258,-0.638393,0.106008,0.002047,0.001123,0.001110,0.000702,0.000973,0.000669,0.000920,0.000921,0.001197,0.001084,0.106309,80
observed_only_planner,drawer_contact_repair,friction_shift,hidden_mechanism,0.462500,0.200076,0.339302,0.311708,0.118279,0.070286,0.137406,0.042967,0.256807,0.272396,0.279136,-0.417192,0.109948,0.002435,0.001054,0.001279,0.000682,0.000790,0.000717,0.000791,0.000891,0.001171,0.001008,0.110123,80
observed_only_planner,drawer_contact_repair,friction_shift,in_distribution,0.400000,0.215422,0.323648,0.293181,0.110783,0.068414,0.129341,0.035168,0.245133,0.257146,0.265581,-0.423803,0.108031,0.002139,0.001014,0.001022,0.000621,0.000909,0.000612,0.000834,0.000919,0.001155,0.001104,0.108044,80
observed_only_planner,drawer_contact_repair,friction_shift,long_horizon,0.375000,0.202341,0.349033,0.328743,0.122695,0.070271,0.139467,0.043567,0.265242,0.280747,0.287597,-0.537426,0.106757,0.002064,0.001090,0.001112,0.000683,0.000907,0.000681,0.001018,0.000843,0.001039,0.001090,0.106685,80
observed_only_planner,drawer_contact_repair,friction_shift,sparse_observation,0.387500,0.178132,0.359062,0.329270,0.125618,0.074646,0.148954,0.054604,0.272347,0.294969,0.296743,-0.559053,0.107431,0.002190,0.001194,0.001134,0.000727,0.000723,0.000665,0.000747,0.000788,0.001041,0.001072,0.107578,80
observed_only_planner,drawer_contact_repair,nominal,combined_stress,0.325000,0.241493,0.348421,0.327520,0.124741,0.070639,0.146456,0.052042,0.267909,0.289516,0.291968,-0.582031,0.103285,0.002332,0.001118,0.000933,0.000710,0.000944,0.000703,0.000860,0.000876,0.001215,0.001100,0.103232,80
observed_only_planner,drawer_contact_repair,nominal,hidden_mechanism,0.587500,0.267091,0.312034,0.289836,0.108938,0.067849,0.128569,0.038344,0.240320,0.253682,0.260734,-0.200473,0.108557,0.002076,0.001113,0.001045,0.000601,0.000805,0.000698,0.001020,0.000872,0.001114,0.001040,0.108547,80
observed_only_planner,drawer_contact_repair,nominal,in_distribution,0.575000,0.282477,0.293852,0.272142,0.102159,0.065810,0.120950,0.031248,0.227762,0.237382,0.247598,-0.155911,0.109011,0.002008,0.001099,0.001064,0.000692,0.000926,0.000609,0.000822,0.000977,0.001224,0.001274,0.108547,80
observed_only_planner,drawer_contact_repair,nominal,long_horizon,0.450000,0.270989,0.321912,0.306473,0.113428,0.066649,0.130601,0.038358,0.247381,0.261136,0.268603,-0.368686,0.109706,0.002108,0.001207,0.001175,0.000568,0.000966,0.000762,0.000967,0.000980,0.001237,0.001236,0.109744,80
observed_only_planner,drawer_contact_repair,nominal,sparse_observation,0.450000,0.244340,0.332096,0.307188,0.117169,0.071230,0.140808,0.050228,0.254543,0.274720,0.277411,-0.405445,0.109706,0.002080,0.001131,0.001020,0.000629,0.000764,0.000640,0.000938,0.000744,0.000928,0.000905,0.109815,80
observed_only_planner,drawer_contact_repair,occlusion_persistence,combined_stress,0.225000,0.126548,0.399376,0.366612,0.140776,0.077419,0.162914,0.062697,0.297406,0.325187,0.323708,-0.847250,0.092084,0.002155,0.001146,0.001246,0.000646,0.000711,0.000777,0.000925,0.000983,0.001095,0.001202,0.092072,80
observed_only_planner,drawer_contact_repair,occlusion_persistence,hidden_mechanism,0.337500,0.138149,0.369039,0.335697,0.126210,0.076390,0.153234,0.057247,0.275388,0.299946,0.300025,-0.642770,0.104273,0.002319,0.001122,0.001226,0.000633,0.000893,0.000736,0.000864,0.000932,0.001144,0.001187,0.104353,80
observed_only_planner,drawer_contact_repair,occlusion_persistence,in_distribution,0.387500,0.153024,0.353126,0.318694,0.119408,0.074276,0.145101,0.050244,0.262626,0.283876,0.286646,-0.538075,0.107431,0.002052,0.001052,0.001114,0.000546,0.000786,0.000667,0.000904,0.000920,0.001295,0.001158,0.107351,80
observed_only_planner,drawer_contact_repair,occlusion_persistence,long_horizon,0.325000,0.142449,0.378289,0.352848,0.130705,0.075647,0.155703,0.057662,0.282864,0.307910,0.307878,-0.686395,0.103285,0.002187,0.001007,0.001007,0.000688,0.001020,0.000667,0.000800,0.000782,0.001076,0.000974,0.103425,80
observed_only_planner,drawer_contact_repair,occlusion_persistence,sparse_observation,0.312500,0.130321,0.381885,0.346459,0.131987,0.077317,0.159532,0.061470,0.284079,0.311302,0.310033,-0.706796,0.102212,0.001976,0.001212,0.001162,0.000752,0.000849,0.000597,0.000989,0.000862,0.001215,0.001089,0.102278,80
observed_only_planner,drawer_contact_repair,payload_shift,combined_stress,0.212500,0.106457,0.402712,0.370227,0.141925,0.078654,0.162636,0.061715,0.301337,0.328261,0.327559,-0.876215,0.090208,0.001955,0.001027,0.000984,0.000634,0.000874,0.000631,0.000869,0.000791,0.000947,0.000964,0.090335,80
observed_only_planner,drawer_contact_repair,payload_shift,hidden_mechanism,0.275000,0.134843,0.369378,0.332557,0.128227,0.073481,0.145171,0.046267,0.276823,0.295113,0.300129,-0.699871,0.098464,0.002240,0.001096,0.001134,0.000581,0.000819,0.000653,0.000943,0.000926,0.001204,0.001214,0.098546,80
observed_only_planner,drawer_contact_repair,payload_shift,in_distribution,0.400000,0.150602,0.352960,0.315195,0.121666,0.072370,0.137786,0.040515,0.264058,0.278232,0.285931,-0.520335,0.108031,0.002168,0.001082,0.001090,0.000641,0.000737,0.000652,0.000838,0.000862,0.001088,0.001074,0.108182,80
observed_only_planner,drawer_contact_repair,payload_shift,long_horizon,0.287500,0.139298,0.379481,0.348950,0.132795,0.074212,0.147702,0.046214,0.284738,0.302472,0.308612,-0.719375,0.099805,0.002244,0.001077,0.001055,0.000611,0.000859,0.000708,0.000804,0.000777,0.001141,0.000981,0.099744,80
observed_only_planner,drawer_contact_repair,payload_shift,sparse_observation,0.237500,0.115245,0.389480,0.349738,0.136326,0.076566,0.157697,0.058544,0.291191,0.316314,0.316846,-0.803773,0.093841,0.002213,0.001187,0.001174,0.000680,0.000870,0.000620,0.000800,0.000900,0.001192,0.001151,0.093705,80
observed_only_planner,occluded_push_recovery,actuator_lag,combined_stress,0.212500,0.120913,0.407246,0.373057,0.142713,0.077642,0.162809,0.061766,0.301847,0.328488,0.327948,-0.878634,0.090208,0.002233,0.001029,0.001225,0.000605,0.000864,0.000599,0.000933,0.000881,0.001068,0.001201,0.090118,80
observed_only_planner,occluded_push_recovery,actuator_lag,hidden_mechanism,0.287500,0.148022,0.372933,0.335365,0.128654,0.073839,0.146507,0.047276,0.276127,0.294526,0.299577,-0.689384,0.099805,0.002091,0.001219,0.001133,0.000782,0.000870,0.000634,0.000885,0.000915,0.001115,0.001169,0.099924,80
observed_only_planner,occluded_push_recovery,actuator_lag,in_distribution,0.362500,0.161820,0.355562,0.317879,0.121189,0.071600,0.138658,0.040519,0.264773,0.279636,0.287058,-0.558706,0.106008,0.002057,0.001181,0.001094,0.000665,0.000830,0.000729,0.000740,0.000818,0.000976,0.000979,0.106435,80
observed_only_planner,occluded_push_recovery,actuator_lag,long_horizon,0.325000,0.150523,0.381993,0.351521,0.132618,0.073341,0.148484,0.048189,0.284586,0.302469,0.308714,-0.682648,0.103285,0.002077,0.001154,0.000980,0.000655,0.000979,0.000718,0.000917,0.000834,0.000971,0.001011,0.103382,80
observed_only_planner,occluded_push_recovery,actuator_lag,sparse_observation,0.375000,0.124267,0.390847,0.353802,0.136331,0.076712,0.158471,0.059315,0.290546,0.316622,0.316161,-0.667842,0.106757,0.002378,0.001154,0.000998,0.000687,0.000713,0.000719,0.000927,0.000843,0.001058,0.000987,0.106654,80
observed_only_planner,occluded_push_recovery,combined_hidden_mechanisms,combined_stress,0.100000,0.032665,0.438992,0.399535,0.149840,0.081689,0.173710,0.068677,0.319426,0.349664,0.347396,-1.098214,0.066155,0.001922,0.000906,0.001166,0.000691,0.000916,0.000661,0.000799,0.000911,0.001184,0.001171,0.066192,80
observed_only_planner,occluded_push_recovery,combined_hidden_mechanisms,hidden_mechanism,0.125000,0.045238,0.424686,0.375230,0.144888,0.081684,0.165655,0.060744,0.308553,0.334489,0.335842,-1.018723,0.072929,0.002264,0.001201,0.001221,0.000617,0.000910,0.000592,0.000924,0.000925,0.001147,0.001211,0.073321,80
observed_only_planner,occluded_push_recovery,combined_hidden_mechanisms,in_distribution,0.250000,0.055976,0.410604,0.360797,0.139009,0.079377,0.158109,0.054571,0.297197,0.320391,0.322780,-0.846417,0.095487,0.002107,0.001061,0.001044,0.000656,0.000854,0.000790,0.000775,0.000928,0.001137,0.001185,0.095329,80
observed_only_planner,occluded_push_recovery,combined_hidden_mechanisms,long_horizon,0.100000,0.043830,0.432409,0.392025,0.147629,0.080486,0.167574,0.061242,0.313826,0.339858,0.341191,-1.071437,0.066155,0.002360,0.001102,0.001108,0.000794,0.000925,0.000597,0.000785,0.000871,0.001101,0.001197,0.066020,80
observed_only_planner,occluded_push_recovery,combined_hidden_mechanisms,sparse_observation,0.162500,0.033710,0.433039,0.385004,0.148071,0.081606,0.171364,0.066851,0.314744,0.345204,0.342758,-1.012037,0.081351,0.002026,0.001075,0.001182,0.000699,0.000750,0.000616,0.000878,0.000836,0.001161,0.001176,0.081262,80
observed_only_planner,occluded_push_recovery,compliance_shift,combined_stress,0.275000,0.143973,0.397826,0.364675,0.139238,0.075511,0.159380,0.060321,0.296472,0.322007,0.322127,-0.783219,0.098464,0.002105,0.001108,0.001085,0.000617,0.000951,0.000715,0.000934,0.000879,0.001175,0.001266,0.098272,80
observed_only_planner,occluded_push_recovery,compliance_shift,hidden_mechanism,0.262500,0.172111,0.362254,0.326240,0.123604,0.072763,0.142591,0.045341,0.268755,0.286081,0.292071,-0.676407,0.097026,0.001837,0.001059,0.001134,0.000602,0.000856,0.000647,0.000951,0.000919,0.001203,0.001128,0.096943,80
observed_only_planner,occluded_push_recovery,compliance_shift,in_distribution,0.412500,0.188244,0.342894,0.309270,0.117341,0.070542,0.134177,0.038845,0.256242,0.269375,0.277975,-0.468781,0.108557,0.002021,0.001064,0.001198,0.000608,0.000904,0.000686,0.000876,0.000821,0.001014,0.000964,0.108727,80
observed_only_planner,occluded_push_recovery,compliance_shift,long_horizon,0.362500,0.174652,0.370781,0.342794,0.128547,0.071857,0.145162,0.046077,0.275872,0.293753,0.298918,-0.607308,0.106008,0.002294,0.001164,0.001071,0.000646,0.000905,0.000764,0.000851,0.000910,0.001259,0.001135,0.105772,80
observed_only_planner,occluded_push_recovery,compliance_shift,sparse_observation,0.337500,0.148085,0.378910,0.344286,0.131434,0.076024,0.154412,0.057242,0.283547,0.307813,0.308332,-0.666406,0.104273,0.002234,0.001060,0.001085,0.000722,0.000984,0.000610,0.000886,0.000901,0.001017,0.001178,0.104427,80
observed_only_planner,occluded_push_recovery,contact_mode_flip,combined_stress,0.162500,0.099873,0.420304,0.383381,0.144360,0.078102,0.167831,0.064556,0.308097,0.336544,0.335116,-0.964991,0.081351,0.002444,0.001132,0.001123,0.000754,0.000915,0.000668,0.000858,0.000899,0.001053,0.001138,0.081441,80
observed_only_planner,occluded_push_recovery,contact_mode_flip,hidden_mechanism,0.312500,0.128921,0.385663,0.345978,0.129663,0.075205,0.150331,0.049834,0.281510,0.301012,0.305913,-0.698359,0.102212,0.002299,0.000994,0.000947,0.000756,0.000856,0.000642,0.000818,0.000886,0.001200,0.001076,0.101954,80
observed_only_planner,occluded_push_recovery,contact_mode_flip,in_distribution,0.325000,0.141291,0.367500,0.328426,0.122969,0.073757,0.142154,0.042836,0.268306,0.284735,0.290800,-0.629524,0.103285,0.001983,0.001117,0.000952,0.000686,0.000863,0.000637,0.000864,0.000839,0.001032,0.001187,0.103122,80
observed_only_planner,occluded_push_recovery,contact_mode_flip,long_horizon,0.300000,0.132275,0.393692,0.362353,0.134429,0.075260,0.152232,0.050413,0.288712,0.308276,0.312964,-0.740651,0.101054,0.001804,0.001333,0.000937,0.000602,0.000838,0.000579,0.000855,0.000840,0.000948,0.001073,0.101044,80
observed_only_planner,occluded_push_recovery,contact_mode_flip,sparse_observation,0.212500,0.104637,0.402253,0.363121,0.137599,0.078538,0.162563,0.061429,0.295692,0.322718,0.322243,-0.862584,0.090208,0.002407,0.000986,0.001154,0.000644,0.000934,0.000648,0.000784,0.000772,0.001029,0.001029,0.090293,80
observed_only_planner,occluded_push_recovery,friction_shift,combined_stress,0.312500,0.163168,0.386412,0.356406,0.136236,0.074018,0.157449,0.058592,0.290326,0.315640,0.315958,-0.713322,0.102212,0.002064,0.001125,0.001057,0.000683,0.000947,0.000618,0.000896,0.000914,0.001149,0.001164,0.101939,80
observed_only_planner,occluded_push_recovery,friction_shift,hidden_mechanism,0.387500,0.192180,0.349769,0.318852,0.120363,0.071146,0.139576,0.043395,0.261903,0.277928,0.284470,-0.517043,0.107431,0.001943,0.001084,0.001160,0.000588,0.000822,0.000640,0.000885,0.000905,0.001200,0.001172,0.107056,80
observed_only_planner,occluded_push_recovery,friction_shift,in_distribution,0.387500,0.205963,0.331722,0.302023,0.113256,0.069147,0.130998,0.035789,0.249282,0.261273,0.270945,-0.460334,0.107431,0.001922,0.001066,0.001151,0.000661,0.000810,0.000687,0.000834,0.000938,0.001217,0.001140,0.107609,80
observed_only_planner,occluded_push_recovery,friction_shift,long_horizon,0.450000,0.195664,0.358724,0.334678,0.124431,0.070809,0.141616,0.043252,0.268895,0.285468,0.291292,-0.483659,0.109706,0.002469,0.001117,0.001112,0.000669,0.000921,0.000639,0.000859,0.000815,0.000972,0.001092,0.109480,80
observed_only_planner,occluded_push_recovery,friction_shift,sparse_observation,0.250000,0.169392,0.369603,0.334951,0.128237,0.073842,0.152101,0.056380,0.276497,0.300021,0.300734,-0.720874,0.095487,0.002256,0.001221,0.001152,0.000670,0.001003,0.000625,0.000897,0.000811,0.000914,0.001004,0.095593,80
observed_only_planner,occluded_push_recovery,nominal,combined_stress,0.412500,0.231976,0.358962,0.335601,0.126317,0.071388,0.148827,0.054677,0.272937,0.294535,0.297418,-0.520673,0.108557,0.002125,0.001088,0.001243,0.000733,0.000942,0.000707,0.001014,0.001090,0.001410,0.001177,0.108918,80
observed_only_planner,occluded_push_recovery,nominal,hidden_mechanism,0.562500,0.261692,0.321734,0.297698,0.110904,0.067681,0.131016,0.039242,0.245083,0.259643,0.265785,-0.248928,0.109394,0.002475,0.001228,0.001071,0.000648,0.000809,0.000653,0.000861,0.000869,0.001089,0.000964,0.109788,80
observed_only_planner,occluded_push_recovery,nominal,in_distribution,0.537500,0.275378,0.303408,0.280653,0.103779,0.065448,0.123395,0.032417,0.232606,0.242927,0.252037,-0.217503,0.109948,0.002360,0.000985,0.000991,0.000690,0.000788,0.000749,0.000881,0.000793,0.001045,0.001113,0.109849,80
observed_only_planner,occluded_push_recovery,nominal,long_horizon,0.550000,0.261663,0.331248,0.313552,0.115959,0.066702,0.132875,0.039395,0.251754,0.265418,0.272980,-0.292875,0.109706,0.002173,0.001124,0.001161,0.000651,0.000892,0.000588,0.000869,0.000939,0.001192,0.001157,0.109598,80
observed_only_planner,occluded_push_recovery,nominal,sparse_observation,0.537500,0.239169,0.340696,0.314582,0.119451,0.070919,0.143461,0.050794,0.259285,0.280617,0.282478,-0.340265,0.109948,0.002026,0.000968,0.000963,0.000686,0.000810,0.000590,0.000867,0.000738,0.001023,0.000830,0.109856,80
observed_only_planner,occluded_push_recovery,occlusion_persistence,combined_stress,0.237500,0.120452,0.408903,0.375099,0.142317,0.077704,0.165090,0.064091,0.302266,0.330578,0.328673,-0.858476,0.093841,0.001981,0.000992,0.001073,0.000662,0.000908,0.000652,0.000843,0.000836,0.001120,0.001161,0.093909,80
observed_only_planner,occluded_push_recovery,occlusion_persistence,hidden_mechanism,0.312500,0.130538,0.379516,0.343906,0.128823,0.076949,0.155266,0.057941,0.279457,0.303856,0.304509,-0.693152,0.102212,0.002226,0.001093,0.001140,0.000637,0.000928,0.000743,0.000758,0.000965,0.001179,0.001172,0.102205,80
observed_only_planner,occluded_push_recovery,occlusion_persistence,in_distribution,0.387500,0.145157,0.362080,0.325972,0.121324,0.074909,0.146993,0.051219,0.266601,0.287354,0.290384,-0.560626,0.107431,0.002293,0.001103,0.001151,0.000543,0.000976,0.000597,0.000847,0.000817,0.000965,0.001075,0.107492,80
observed_only_planner,occluded_push_recovery,occlusion_persistence,long_horizon,0.250000,0.131591,0.387931,0.360751,0.133048,0.075759,0.158604,0.058299,0.287259,0.311951,0.313036,-0.787121,0.095487,0.002225,0.000934,0.001069,0.000594,0.000845,0.000597,0.000878,0.000963,0.001229,0.001211,0.095570,80
observed_only_planner,occluded_push_recovery,occlusion_persistence,sparse_observation,0.225000,0.123561,0.391753,0.355373,0.134591,0.077379,0.161565,0.062539,0.288896,0.316379,0.314794,-0.819774,0.092084,0.002212,0.001122,0.001058,0.000754,0.000891,0.000673,0.000849,0.000860,0.001085,0.001124,0.091876,80
observed_only_planner,occluded_push_recovery,payload_shift,combined_stress,0.337500,0.100745,0.411695,0.376629,0.143940,0.076980,0.164900,0.061609,0.305189,0.331942,0.332224,-0.771696,0.104273,0.002211,0.000960,0.000868,0.000706,0.000874,0.000651,0.000799,0.000772,0.001076,0.000935,0.104210,80
observed_only_planner,occluded_push_recovery,payload_shift,hidden_mechanism,0.287500,0.129222,0.380071,0.340829,0.130939,0.074156,0.147553,0.047813,0.280793,0.299718,0.305211,-0.712757,0.099805,0.002120,0.001194,0.000991,0.000634,0.000928,0.000747,0.000904,0.000970,0.001150,0.001127,0.099897,80
observed_only_planner,occluded_push_recovery,payload_shift,in_distribution,0.475000,0.142064,0.361732,0.322889,0.123798,0.072554,0.139947,0.040454,0.268468,0.282122,0.291023,-0.468581,0.110121,0.002350,0.001103,0.001070,0.000626,0.000894,0.000738,0.000896,0.000934,0.001053,0.001042,0.110145,80
observed_only_planner,occluded_push_recovery,payload_shift,long_horizon,0.350000,0.130242,0.388575,0.357947,0.134686,0.073448,0.150668,0.049021,0.288470,0.307765,0.312392,-0.681647,0.105180,0.002040,0.001134,0.001040,0.000599,0.000819,0.000562,0.000757,0.000835,0.001070,0.001000,0.104996,80
observed_only_planner,occluded_push_recovery,payload_shift,sparse_observation,0.275000,0.104820,0.398841,0.356951,0.138762,0.077779,0.160054,0.059202,0.296763,0.323229,0.323098,-0.791949,0.098464,0.002317,0.001179,0.001064,0.000591,0.000956,0.000678,0.000830,0.000856,0.001105,0.001139,0.098581,80
observed_only_planner,payload_handover,actuator_lag,combined_stress,0.200000,0.124497,0.402875,0.368501,0.141630,0.077388,0.162144,0.061347,0.299337,0.325677,0.325473,-0.879078,0.088207,0.002205,0.001024,0.001128,0.000589,0.000890,0.000663,0.000831,0.000810,0.001116,0.001156,0.087851,80
observed_only_planner,payload_handover,actuator_lag,hidden_mechanism,0.337500,0.154177,0.367039,0.331196,0.128069,0.073516,0.145259,0.046468,0.274984,0.293103,0.298961,-0.626338,0.104273,0.002044,0.001265,0.000928,0.000643,0.000855,0.000699,0.000838,0.000984,0.001206,0.001098,0.104318,80
observed_only_planner,payload_handover,actuator_lag,in_distribution,0.362500,0.166404,0.350906,0.313358,0.119529,0.071441,0.137134,0.039843,0.261389,0.275550,0.283471,-0.544423,0.106008,0.002081,0.001033,0.001055,0.000625,0.000836,0.000653,0.000829,0.000907,0.001007,0.001115,0.106299,80
observed_only_planner,payload_handover,actuator_lag,long_horizon,0.325000,0.155741,0.376541,0.347442,0.131805,0.073989,0.147753,0.047209,0.281527,0.300192,0.305897,-0.669468,0.103285,0.002483,0.001168,0.001172,0.000683,0.000700,0.000670,0.000960,0.000765,0.000994,0.000983,0.103615,80
observed_only_planner,payload_handover,actuator_lag,sparse_observation,0.300000,0.128957,0.386139,0.349772,0.135228,0.077009,0.156963,0.059063,0.289532,0.314750,0.314902,-0.731189,0.101054,0.002132,0.001211,0.001174,0.000695,0.000774,0.000605,0.000751,0.000957,0.001186,0.001197,0.101275,80
observed_only_planner,payload_handover,combined_hidden_mechanisms,combined_stress,0.150000,0.032786,0.438163,0.399511,0.150268,0.083139,0.173701,0.068105,0.318665,0.348865,0.346521,-1.047670,0.078740,0.001864,0.001161,0.001024,0.000700,0.000764,0.000700,0.000864,0.000897,0.001246,0.001049,0.078971,80
observed_only_planner,payload_handover,combined_hidden_mechanisms,hidden_mechanism,0.250000,0.044119,0.423943,0.374815,0.144535,0.081311,0.164719,0.061648,0.308035,0.333371,0.334419,-0.891958,0.095487,0.002091,0.001034,0.001115,0.000605,0.000951,0.000781,0.000904,0.000835,0.001136,0.001113,0.095408,80
observed_only_planner,payload_handover,combined_hidden_mechanisms,in_distribution,0.150000,0.056320,0.405143,0.358085,0.136757,0.079024,0.157015,0.053725,0.295331,0.317821,0.320450,-0.934736,0.078740,0.002192,0.001083,0.001207,0.000641,0.000762,0.000554,0.000887,0.000896,0.001254,0.001158,0.078891,80
observed_only_planner,payload_handover,combined_hidden_mechanisms,long_horizon,0.125000,0.046177,0.429530,0.389702,0.147953,0.081499,0.166801,0.061373,0.312888,0.339224,0.340233,-1.040831,0.072929,0.002281,0.001154,0.001024,0.000620,0.000877,0.000619,0.000942,0.001008,0.001286,0.001065,0.072860,80
observed_only_planner,payload_handover,combined_hidden_mechanisms,sparse_observation,0.100000,0.034895,0.431885,0.385830,0.147493,0.082432,0.171224,0.066116,0.314180,0.343586,0.342109,-1.072775,0.066155,0.002006,0.001168,0.001117,0.000702,0.000836,0.000751,0.000835,0.000925,0.001144,0.001138,0.066158,80
observed_only_planner,payload_handover,compliance_shift,combined_stress,0.275000,0.148359,0.392415,0.360279,0.138869,0.075507,0.158731,0.060170,0.293355,0.318671,0.318887,-0.770558,0.098464,0.002228,0.001074,0.001191,0.000706,0.000942,0.000625,0.000926,0.000829,0.001086,0.001019,0.098452,80
observed_only_planner,payload_handover,compliance_shift,hidden_mechanism,0.312500,0.177308,0.354223,0.322992,0.122566,0.072419,0.142078,0.044646,0.266267,0.282999,0.289446,-0.611516,0.102212,0.002229,0.001015,0.001120,0.000595,0.000842,0.000652,0.000932,0.000847,0.000992,0.001047,0.102029,80
observed_only_planner,payload_handover,compliance_shift,in_distribution,0.450000,0.190196,0.335825,0.305774,0.115858,0.070276,0.133109,0.037414,0.253832,0.267060,0.275205,-0.417344,0.109706,0.002184,0.001024,0.000936,0.000668,0.000783,0.000670,0.000892,0.000902,0.001052,0.001104,0.109736,80
observed_only_planner,payload_handover,compliance_shift,long_horizon,0.337500,0.179714,0.364414,0.338267,0.126389,0.071976,0.143261,0.044101,0.273986,0.290608,0.296823,-0.616340,0.104273,0.002361,0.001060,0.001113,0.000714,0.000908,0.000635,0.000870,0.000998,0.001272,0.001199,0.104584,80
observed_only_planner,payload_handover,compliance_shift,sparse_observation,0.325000,0.153214,0.373907,0.340496,0.130311,0.074600,0.153015,0.056238,0.280178,0.303992,0.304816,-0.664885,0.103285,0.002177,0.001218,0.001174,0.000683,0.000985,0.000656,0.000825,0.000882,0.001045,0.001053,0.103106,80
observed_only_planner,payload_handover,contact_mode_flip,combined_stress,0.250000,0.103453,0.414529,0.379760,0.143748,0.079789,0.167173,0.063617,0.305740,0.334092,0.332923,-0.865948,0.095487,0.002052,0.001165,0.000974,0.000645,0.000854,0.000686,0.000742,0.000951,0.001192,0.001195,0.095478,80
observed_only_planner,payload_handover,contact_mode_flip,hidden_mechanism,0.325000,0.132640,0.379340,0.341265,0.128547,0.075383,0.148891,0.049237,0.278196,0.297926,0.302647,-0.670966,0.103285,0.002055,0.001200,0.001068,0.000649,0.000904,0.000702,0.000901,0.000749,0.000976,0.000972,0.103372,80
observed_only_planner,payload_handover,contact_mode_flip,in_distribution,0.362500,0.149018,0.361065,0.324383,0.122312,0.073525,0.140693,0.042561,0.266781,0.281706,0.289104,-0.577744,0.106008,0.002142,0.001296,0.001144,0.000645,0.000880,0.000661,0.000940,0.000710,0.000917,0.000921,0.105772,80
observed_only_planner,payload_handover,contact_mode_flip,long_horizon,0.350000,0.136050,0.387814,0.357407,0.133394,0.075232,0.151148,0.048925,0.286598,0.306124,0.311024,-0.676770,0.105180,0.002154,0.001075,0.001201,0.000517,0.000903,0.000785,0.000983,0.001022,0.001191,0.001226,0.105381,80
observed_only_planner,payload_handover,contact_mode_flip,sparse_observation,0.237500,0.110388,0.397903,0.359032,0.136780,0.078671,0.160958,0.061143,0.293314,0.320224,0.319529,-0.825171,0.093841,0.002146,0.001003,0.001123,0.000605,0.000899,0.000684,0.000927,0.000993,0.001085,0.001161,0.093821,80
observed_only_planner,payload_handover,friction_shift,combined_stress,0.350000,0.168316,0.381513,0.353100,0.135527,0.074892,0.155162,0.057632,0.287904,0.312467,0.312498,-0.663526,0.105180,0.002533,0.001121,0.001001,0.000646,0.000901,0.000691,0.000954,0.000770,0.001152,0.001075,0.105141,80
observed_only_planner,payload_handover,friction_shift,hidden_mechanism,0.387500,0.198613,0.344655,0.314160,0.119148,0.070833,0.138571,0.042873,0.259793,0.275751,0.282187,-0.503125,0.107431,0.002040,0.001058,0.001016,0.000564,0.000886,0.000684,0.001029,0.000895,0.001129,0.001101,0.107072,80
observed_only_planner,payload_handover,friction_shift,in_distribution,0.437500,0.210193,0.326827,0.298249,0.111973,0.068780,0.130427,0.036586,0.247393,0.259065,0.268851,-0.398634,0.109394,0.002592,0.001082,0.000986,0.000716,0.000895,0.000663,0.000898,0.001074,0.001234,0.001250,0.109239,80
observed_only_planner,payload_handover,friction_shift,long_horizon,0.362500,0.199646,0.352572,0.331117,0.123591,0.070565,0.140389,0.043445,0.267270,0.283195,0.289410,-0.558749,0.106008,0.001901,0.001266,0.001090,0.000629,0.000971,0.000646,0.000884,0.000920,0.001165,0.001099,0.106131,80
observed_only_planner,payload_handover,friction_shift,sparse_observation,0.437500,0.172471,0.362593,0.332334,0.126648,0.074794,0.151019,0.055174,0.274093,0.296936,0.297346,-0.520090,0.109394,0.001985,0.001149,0.001112,0.000693,0.000815,0.000629,0.000932,0.000800,0.001032,0.001078,0.109106,80
observed_only_planner,payload_handover,nominal,combined_stress,0.375000,0.237355,0.354793,0.331240,0.125760,0.071579,0.147622,0.053425,0.270735,0.292948,0.294467,-0.546269,0.106757,0.002037,0.001024,0.001164,0.000658,0.000855,0.000640,0.000995,0.000795,0.001089,0.001104,0.107114,80
observed_only_planner,payload_handover,nominal,hidden_mechanism,0.387500,0.264014,0.317260,0.293447,0.109702,0.067748,0.130279,0.039219,0.242422,0.255882,0.263856,-0.412359,0.107431,0.002124,0.000947,0.001315,0.000625,0.000926,0.000608,0.000786,0.000813,0.001051,0.001020,0.107521,80
observed_only_planner,payload_handover,nominal,in_distribution,0.675000,0.279536,0.298928,0.276293,0.103158,0.066335,0.121479,0.032004,0.230138,0.239275,0.249519,-0.067984,0.103285,0.001960,0.001052,0.000993,0.000708,0.000749,0.000705,0.000856,0.000916,0.001037,0.001194,0.103298,80
observed_only_planner,payload_handover,nominal,long_horizon,0.462500,0.268303,0.325040,0.309442,0.114457,0.067542,0.132365,0.038636,0.249791,0.263839,0.270809,-0.366192,0.109948,0.002242,0.001193,0.001034,0.000686,0.000798,0.000641,0.000883,0.000992,0.001199,0.001188,0.109619,80
observed_only_planner,payload_handover,nominal,sparse_observation,0.450000,0.241319,0.336506,0.310948,0.117305,0.069981,0.141326,0.050822,0.256839,0.277891,0.279780,-0.415097,0.109706,0.002321,0.001047,0.001114,0.000616,0.000860,0.000737,0.000793,0.000853,0.001026,0.001052,0.109676,80
observed_only_planner,payload_handover,occlusion_persistence,combined_stress,0.175000,0.123351,0.404062,0.369559,0.141737,0.078803,0.164229,0.063476,0.300635,0.328801,0.327142,-0.909305,0.083789,0.002126,0.001174,0.001127,0.000575,0.000838,0.000659,0.000886,0.000775,0.000982,0.000927,0.083871,80
observed_only_planner,payload_handover,occlusion_persistence,hidden_mechanism,0.350000,0.136092,0.374994,0.340863,0.128141,0.077243,0.153729,0.057223,0.277708,0.301609,0.302521,-0.644509,0.105180,0.001928,0.001022,0.001019,0.000769,0.000885,0.000761,0.000898,0.000825,0.001091,0.000975,0.105604,80
observed_only_planner,payload_handover,occlusion_persistence,in_distribution,0.350000,0.149521,0.355613,0.322269,0.120484,0.075517,0.146113,0.051108,0.264699,0.285396,0.287744,-0.585390,0.105180,0.001997,0.001237,0.001204,0.000686,0.000974,0.000657,0.000835,0.000925,0.001210,0.001027,0.105503,80
observed_only_planner,payload_handover,occlusion_persistence,long_horizon,0.225000,0.138304,0.382061,0.355137,0.132129,0.076051,0.156539,0.057166,0.285494,0.310189,0.310695,-0.796711,0.092084,0.002590,0.001186,0.001086,0.000635,0.000823,0.000639,0.000891,0.000824,0.000986,0.001063,0.091824,80
observed_only_planner,payload_handover,occlusion_persistence,sparse_observation,0.175000,0.125549,0.385144,0.350740,0.133162,0.078020,0.159967,0.061443,0.287760,0.315497,0.313594,-0.856286,0.083789,0.002109,0.001077,0.001185,0.000694,0.000866,0.000650,0.000955,0.000946,0.001085,0.001188,0.083942,80
observed_only_planner,payload_handover,payload_shift,combined_stress,0.187500,0.104194,0.408221,0.372999,0.142750,0.078799,0.163155,0.062399,0.303852,0.330503,0.329534,-0.912152,0.086071,0.002231,0.001035,0.000934,0.000689,0.000893,0.000577,0.000815,0.000867,0.001067,0.001149,0.085872,80
observed_only_planner,payload_handover,payload_shift,hidden_mechanism,0.212500,0.133681,0.374862,0.337123,0.130269,0.074636,0.146757,0.047054,0.279101,0.297095,0.302354,-0.776336,0.090208,0.002543,0.001144,0.001250,0.000686,0.000923,0.000605,0.000875,0.000870,0.001051,0.001092,0.090225,80
observed_only_planner,payload_handover,payload_shift,in_distribution,0.387500,0.146997,0.356021,0.318921,0.121931,0.073013,0.140233,0.040075,0.266921,0.281281,0.289720,-0.543321,0.107431,0.002179,0.001114,0.001189,0.000647,0.000936,0.000670,0.000813,0.000929,0.001070,0.001130,0.107026,80
observed_only_planner,payload_handover,payload_shift,long_horizon,0.287500,0.136160,0.384290,0.352752,0.134113,0.074007,0.149443,0.047700,0.286704,0.305571,0.310364,-0.731650,0.099805,0.002011,0.000849,0.001074,0.000655,0.000822,0.000687,0.000902,0.000982,0.001188,0.001260,0.100031,80
observed_only_planner,payload_handover,payload_shift,sparse_observation,0.212500,0.108643,0.392042,0.354336,0.138052,0.078415,0.159270,0.060010,0.293329,0.319077,0.319423,-0.841840,0.090208,0.002245,0.001008,0.001057,0.000634,0.000780,0.000601,0.000916,0.000976,0.001184,0.001192,0.090167,80
observed_only_planner,peg_insert_with_lag,actuator_lag,combined_stress,0.225000,0.119452,0.406508,0.372268,0.143315,0.079956,0.163526,0.061559,0.303284,0.330396,0.329772,-0.867928,0.092084,0.002151,0.001168,0.001183,0.000698,0.000931,0.000618,0.000788,0.000883,0.001114,0.001041,0.092142,80
observed_only_planner,peg_insert_with_lag,actuator_lag,hidden_mechanism,0.387500,0.147937,0.372763,0.336332,0.127879,0.076912,0.147055,0.047272,0.277400,0.295609,0.300935,-0.591229,0.107431,0.002013,0.001107,0.000966,0.000715,0.000949,0.000688,0.000822,0.000871,0.001101,0.001057,0.107631,80
observed_only_planner,peg_insert_with_lag,actuator_lag,in_distribution,0.437500,0.161815,0.354404,0.318393,0.121424,0.073830,0.139369,0.039188,0.265519,0.280236,0.288214,-0.484554,0.109394,0.002041,0.000973,0.000980,0.000590,0.000927,0.000702,0.000911,0.000893,0.001242,0.001100,0.109650,80
observed_only_planner,peg_insert_with_lag,actuator_lag,long_horizon,0.287500,0.149195,0.382068,0.352536,0.132811,0.076411,0.149473,0.047879,0.285293,0.304050,0.308941,-0.723508,0.099805,0.002202,0.000958,0.001030,0.000612,0.000970,0.000753,0.000920,0.000939,0.001064,0.001069,0.099685,80
observed_only_planner,peg_insert_with_lag,actuator_lag,sparse_observation,0.262500,0.125390,0.392040,0.353232,0.137018,0.079846,0.158931,0.059847,0.291573,0.316562,0.317133,-0.783286,0.097026,0.002547,0.001028,0.001086,0.000599,0.000848,0.000708,0.000839,0.000759,0.001010,0.001041,0.097018,80
observed_only_planner,peg_insert_with_lag,combined_hidden_mechanisms,combined_stress,0.125000,0.031823,0.440930,0.401798,0.150616,0.084309,0.174677,0.068315,0.321768,0.352749,0.349807,-1.080597,0.072929,0.001975,0.001113,0.001058,0.000722,0.000770,0.000607,0.000872,0.000836,0.001034,0.001080,0.073210,80
observed_only_planner,peg_insert_with_lag,combined_hidden_mechanisms,hidden_mechanism,0.125000,0.040559,0.426635,0.377621,0.145333,0.083820,0.167108,0.062284,0.310303,0.336919,0.337111,-1.027293,0.072929,0.002446,0.001067,0.001193,0.000714,0.000780,0.000585,0.000855,0.000979,0.001239,0.001199,0.072929,80
observed_only_planner,peg_insert_with_lag,combined_hidden_mechanisms,in_distribution,0.200000,0.054697,0.410702,0.361377,0.138576,0.081599,0.158904,0.055491,0.298621,0.321398,0.324570,-0.899131,0.088207,0.002038,0.001188,0.001163,0.000719,0.000842,0.000644,0.000895,0.000889,0.001092,0.001170,0.088211,80
observed_only_planner,peg_insert_with_lag,combined_hidden_mechanisms,long_horizon,0.100000,0.042239,0.434948,0.392359,0.148438,0.082632,0.169514,0.062228,0.315831,0.342777,0.343410,-1.078596,0.066155,0.002123,0.000962,0.001163,0.000694,0.000965,0.000482,0.000889,0.000925,0.001125,0.001176,0.066142,80
observed_only_planner,peg_insert_with_lag,combined_hidden_mechanisms,sparse_observation,0.075000,0.031757,0.435814,0.388332,0.148343,0.084659,0.173103,0.066616,0.316852,0.347173,0.344545,-1.108792,0.058082,0.002078,0.001257,0.001144,0.000662,0.000807,0.000698,0.000874,0.000880,0.001150,0.001160,0.058336,80
observed_only_planner,peg_insert_with_lag,compliance_shift,combined_stress,0.262500,0.143601,0.399128,0.365310,0.139865,0.077963,0.160787,0.060339,0.296870,0.322635,0.322461,-0.799952,0.097026,0.002057,0.000889,0.001159,0.000604,0.000840,0.000701,0.000879,0.000886,0.001141,0.001193,0.096878,80
observed_only_planner,peg_insert_with_lag,compliance_shift,hidden_mechanism,0.400000,0.171047,0.360790,0.327156,0.123259,0.074409,0.142664,0.045161,0.269197,0.286345,0.292335,-0.539054,0.108031,0.002419,0.001068,0.001116,0.000668,0.000873,0.000577,0.000945,0.000867,0.001092,0.001113,0.108158,80
observed_only_planner,peg_insert_with_lag,compliance_shift,in_distribution,0.450000,0.184029,0.342863,0.309333,0.117625,0.072715,0.135105,0.037847,0.256682,0.270145,0.278367,-0.434268,0.109706,0.002188,0.001171,0.001094,0.000643,0.000940,0.000612,0.000869,0.000813,0.001072,0.001065,0.109806,80
observed_only_planner,peg_insert_with_lag,compliance_shift,long_horizon,0.375000,0.175192,0.368992,0.343423,0.129435,0.074593,0.145423,0.045639,0.276763,0.294149,0.300335,-0.595846,0.106757,0.002134,0.001032,0.001113,0.000627,0.000860,0.000746,0.000934,0.000893,0.001055,0.001064,0.106787,80
observed_only_planner,peg_insert_with_lag,compliance_shift,sparse_observation,0.237500,0.148394,0.378159,0.345073,0.132102,0.078033,0.155442,0.057238,0.283523,0.307604,0.308852,-0.768067,0.093841,0.001872,0.001059,0.001185,0.000632,0.000958,0.000646,0.000917,0.000793,0.001026,0.001213,0.093873,80
observed_only_planner,peg_insert_with_lag,contact_mode_flip,combined_stress,0.200000,0.101360,0.421184,0.383550,0.145492,0.081691,0.167316,0.065214,0.308633,0.336782,0.334767,-0.930389,0.088207,0.002083,0.001068,0.001021,0.000720,0.000946,0.000657,0.000989,0.000859,0.001169,0.001139,0.088118,80
observed_only_planner,peg_insert_with_lag,contact_mode_flip,hidden_mechanism,0.325000,0.127768,0.384275,0.346011,0.130062,0.079080,0.150240,0.050070,0.282752,0.302509,0.306743,-0.687374,0.103285,0.002007,0.001155,0.001012,0.000654,0.000830,0.000712,0.000804,0.000995,0.001120,0.001102,0.103451,80
observed_only_planner,peg_insert_with_lag,contact_mode_flip,in_distribution,0.362500,0.143738,0.366506,0.330042,0.122942,0.075233,0.142489,0.042762,0.269282,0.285287,0.291973,-0.592743,0.106008,0.002424,0.001134,0.000982,0.000636,0.001003,0.000778,0.000842,0.000831,0.001019,0.001143,0.106142,80
observed_only_planner,peg_insert_with_lag,contact_mode_flip,long_horizon,0.225000,0.131983,0.392956,0.363166,0.135020,0.077186,0.152636,0.049597,0.290664,0.311029,0.315380,-0.818209,0.092084,0.001997,0.001092,0.001088,0.000743,0.000961,0.000716,0.000827,0.000918,0.001168,0.000994,0.092254,80
observed_only_planner,peg_insert_with_lag,contact_mode_flip,sparse_observation,0.262500,0.107415,0.403712,0.363701,0.138911,0.081087,0.162746,0.061547,0.297279,0.324465,0.323261,-0.816714,0.097026,0.001997,0.001230,0.001319,0.000578,0.001021,0.000670,0.000873,0.000875,0.001152,0.001105,0.096965,80
observed_only_planner,peg_insert_with_lag,friction_shift,combined_stress,0.300000,0.166054,0.387579,0.357267,0.136990,0.076584,0.157519,0.059669,0.290716,0.316245,0.316283,-0.728650,0.101054,0.002022,0.000990,0.001177,0.000718,0.000968,0.000639,0.000943,0.000889,0.001211,0.001170,0.100805,80
observed_only_planner,peg_insert_with_lag,friction_shift,hidden_mechanism,0.475000,0.191798,0.349848,0.319431,0.120487,0.073388,0.140047,0.044307,0.263422,0.280243,0.286356,-0.432410,0.110121,0.001967,0.001039,0.001017,0.000679,0.000867,0.000704,0.000842,0.000937,0.001074,0.001175,0.109928,80
observed_only_planner,peg_insert_with_lag,friction_shift,in_distribution,0.400000,0.205960,0.332469,0.303045,0.113388,0.071810,0.131565,0.036886,0.249787,0.262249,0.270487,-0.451107,0.108031,0.002269,0.001166,0.001231,0.000713,0.000934,0.000606,0.000935,0.000950,0.001183,0.001150,0.108074,80
observed_only_planner,peg_insert_with_lag,friction_shift,long_horizon,0.325000,0.194459,0.359032,0.335348,0.124438,0.072833,0.142253,0.044160,0.270744,0.286821,0.293936,-0.612200,0.103285,0.002086,0.001117,0.001064,0.000688,0.000732,0.000567,0.000915,0.000893,0.001160,0.001031,0.103192,80
observed_only_planner,peg_insert_with_lag,friction_shift,sparse_observation,0.287500,0.169838,0.367349,0.335966,0.129040,0.076605,0.152656,0.056193,0.278202,0.301620,0.302707,-0.684965,0.099805,0.002550,0.001130,0.001196,0.000715,0.000941,0.000587,0.000852,0.000854,0.001153,0.001259,0.099911,80
observed_only_planner,peg_insert_with_lag,nominal,combined_stress,0.450000,0.232351,0.359924,0.336297,0.127184,0.074205,0.149203,0.054897,0.273743,0.296306,0.297893,-0.486990,0.109706,0.002048,0.001088,0.001086,0.000763,0.000839,0.000670,0.000817,0.000833,0.000966,0.001039,0.109231,80
observed_only_planner,peg_insert_with_lag,nominal,hidden_mechanism,0.687500,0.260439,0.322257,0.298524,0.112110,0.070162,0.131496,0.038795,0.245840,0.260052,0.266960,-0.128144,0.102212,0.002141,0.001182,0.001077,0.000642,0.000829,0.000640,0.000873,0.000898,0.000991,0.001152,0.102301,80
observed_only_planner,peg_insert_with_lag,nominal,in_distribution,0.537500,0.273668,0.305265,0.281490,0.104089,0.068470,0.124075,0.032726,0.232373,0.242659,0.252688,-0.221958,0.109948,0.002169,0.001017,0.001207,0.000643,0.000874,0.000671,0.000900,0.000856,0.001066,0.001115,0.110426,80
observed_only_planner,peg_insert_with_lag,nominal,long_horizon,0.475000,0.264366,0.330887,0.314052,0.116060,0.070036,0.134224,0.039595,0.253151,0.267026,0.274818,-0.369783,0.110121,0.001873,0.001191,0.001198,0.000679,0.000742,0.000595,0.000902,0.000783,0.001000,0.001048,0.110240,80
observed_only_planner,peg_insert_with_lag,nominal,sparse_observation,0.512500,0.238652,0.340616,0.315196,0.118892,0.073047,0.143983,0.051448,0.260096,0.281213,0.283865,-0.366830,0.110224,0.002078,0.001178,0.001011,0.000697,0.000779,0.000665,0.000948,0.000894,0.001147,0.001131,0.110195,80
observed_only_planner,peg_insert_with_lag,occlusion_persistence,combined_stress,0.200000,0.119114,0.409386,0.375167,0.142240,0.081131,0.166082,0.064441,0.303298,0.331811,0.329900,-0.899141,0.088207,0.001854,0.001291,0.001184,0.000656,0.000786,0.000621,0.000819,0.000887,0.001071,0.001047,0.088063,80
observed_only_planner,peg_insert_with_lag,occlusion_persistence,hidden_mechanism,0.225000,0.130573,0.378549,0.344126,0.129176,0.079032,0.156007,0.058634,0.281630,0.306357,0.307164,-0.782846,0.092084,0.002154,0.001098,0.001091,0.000598,0.000987,0.000685,0.000906,0.000905,0.001184,0.001024,0.091849,80
observed_only_planner,peg_insert_with_lag,occlusion_persistence,in_distribution,0.412500,0.145103,0.361465,0.326828,0.122279,0.077461,0.147903,0.051328,0.268303,0.289394,0.291751,-0.539118,0.108557,0.002122,0.001134,0.001203,0.000665,0.000851,0.000632,0.000717,0.000907,0.001204,0.001154,0.108520,80
observed_only_planner,peg_insert_with_lag,occlusion_persistence,long_horizon,0.187500,0.132869,0.387337,0.359682,0.133297,0.079271,0.158578,0.059128,0.289127,0.314493,0.314643,-0.850470,0.086071,0.002306,0.001186,0.001114,0.000592,0.000996,0.000589,0.000852,0.000854,0.001161,0.001024,0.086415,80
observed_only_planner,peg_insert_with_lag,occlusion_persistence,sparse_observation,0.137500,0.122832,0.392793,0.354810,0.134587,0.080392,0.161983,0.063664,0.290673,0.318227,0.316947,-0.910528,0.075940,0.001993,0.001051,0.001043,0.000666,0.000875,0.000663,0.000882,0.000802,0.000919,0.001133,0.075845,80
observed_only_planner,peg_insert_with_lag,payload_shift,combined_stress,0.312500,0.099221,0.412194,0.376585,0.144723,0.080809,0.165142,0.062768,0.305982,0.333316,0.332413,-0.800479,0.102212,0.002173,0.000984,0.001218,0.000593,0.000786,0.000628,0.000823,0.000748,0.001031,0.001103,0.101770,80
observed_only_planner,peg_insert_with_lag,payload_shift,hidden_mechanism,0.387500,0.129491,0.379321,0.340427,0.130787,0.077403,0.148946,0.047957,0.283121,0.301813,0.307003,-0.614748,0.107431,0.001981,0.001093,0.001013,0.000678,0.000880,0.000638,0.000834,0.000845,0.001149,0.001241,0.107751,80
observed_only_planner,peg_insert_with_lag,payload_shift,in_distribution,0.275000,0.142736,0.361269,0.323155,0.123912,0.075414,0.140252,0.040980,0.270223,0.285283,0.292540,-0.670504,0.098464,0.002076,0.001166,0.001125,0.000689,0.001066,0.000711,0.000822,0.000946,0.001248,0.001216,0.098533,80
observed_only_planner,peg_insert_with_lag,payload_shift,long_horizon,0.300000,0.128628,0.388209,0.357850,0.136049,0.077590,0.150989,0.048564,0.289846,0.308449,0.314350,-0.735418,0.101054,0.002133,0.001168,0.000999,0.000644,0.000948,0.000701,0.000890,0.000920,0.001078,0.001130,0.100765,80
observed_only_planner,peg_insert_with_lag,payload_shift,sparse_observation,0.225000,0.104678,0.397905,0.357994,0.138713,0.079660,0.160554,0.059613,0.297445,0.322880,0.323814,-0.843251,0.092084,0.001972,0.001102,0.001190,0.000656,0.000875,0.000623,0.000908,0.000873,0.001132,0.001115,0.092021,80
oracle_mechanism_repair,cluttered_navigation_grasp,actuator_lag,combined_stress,0.925000,0.821061,0.056425,0.046955,0.031603,0.154012,0.026336,0.078927,0.002633,0.049242,0.000000,1.004545,0.058082,0.001898,0.001154,0.001080,0.000634,0.000775,0.000633,0.000881,0.000656,0.001049,0.000000,0.058085,80
oracle_mechanism_repair,cluttered_navigation_grasp,actuator_lag,hidden_mechanism,0.900000,0.846186,0.044194,0.030146,0.025034,0.152092,0.019073,0.063064,0.000200,0.040705,0.000000,1.028577,0.066155,0.002307,0.001050,0.001115,0.000638,0.000967,0.000643,0.000886,0.000164,0.000715,0.000000,0.065941,80
oracle_mechanism_repair,cluttered_navigation_grasp,actuator_lag,in_distribution,0.925000,0.855527,0.035685,0.021829,0.021916,0.150155,0.014844,0.057235,0.000000,0.036790,0.000000,1.078502,0.058082,0.001983,0.001059,0.001091,0.000694,0.000806,0.000679,0.000782,0.000000,0.000750,0.000000,0.058551,80
oracle_mechanism_repair,cluttered_navigation_grasp,actuator_lag,long_horizon,0.912500,0.848048,0.046986,0.040477,0.027617,0.150699,0.018018,0.063649,0.000304,0.039667,0.000000,1.029176,0.062311,0.002167,0.001107,0.001135,0.000668,0.000878,0.000673,0.000826,0.000214,0.000652,0.000000,0.062747,80
oracle_mechanism_repair,cluttered_navigation_grasp,actuator_lag,sparse_observation,0.900000,0.823454,0.050088,0.035923,0.028610,0.153150,0.025531,0.076085,0.000991,0.047013,0.000000,1.000250,0.066155,0.002233,0.001022,0.001010,0.000553,0.000955,0.000668,0.000868,0.000429,0.000803,0.000000,0.066065,80
oracle_mechanism_repair,cluttered_navigation_grasp,combined_hidden_mechanisms,combined_stress,0.900000,0.807835,0.069621,0.056749,0.033202,0.158685,0.029744,0.085033,0.004604,0.053152,0.000138,0.947865,0.066155,0.002388,0.000908,0.001132,0.000728,0.000896,0.000730,0.000873,0.000690,0.000904,0.000141,0.066414,80
oracle_mechanism_repair,cluttered_navigation_grasp,combined_hidden_mechanisms,hidden_mechanism,0.925000,0.814077,0.067889,0.042974,0.032073,0.157458,0.025624,0.077857,0.003868,0.049261,0.000079,0.993011,0.058082,0.002405,0.001042,0.001391,0.000586,0.000774,0.000721,0.001012,0.000768,0.001068,0.000124,0.058272,80
oracle_mechanism_repair,cluttered_navigation_grasp,combined_hidden_mechanisms,in_distribution,0.950000,0.822412,0.059863,0.035784,0.028451,0.156032,0.021580,0.071794,0.000775,0.043170,0.000000,1.043444,0.048061,0.002565,0.001066,0.000941,0.000560,0.000913,0.000576,0.000918,0.000315,0.000800,0.000000,0.048249,80
oracle_mechanism_repair,cluttered_navigation_grasp,combined_hidden_mechanisms,long_horizon,0.962500,0.818445,0.068310,0.053750,0.032847,0.157354,0.025611,0.079011,0.004889,0.050168,0.000140,1.021544,0.041895,0.001941,0.001060,0.001103,0.000677,0.000896,0.000691,0.000992,0.000814,0.001093,0.000118,0.041738,80
oracle_mechanism_repair,cluttered_navigation_grasp,combined_hidden_mechanisms,sparse_observation,0.875000,0.804778,0.068051,0.046957,0.032783,0.158417,0.028909,0.084161,0.004628,0.053321,0.000140,0.932039,0.072929,0.002257,0.000991,0.001018,0.000806,0.000812,0.000605,0.001018,0.000808,0.001050,0.000217,0.072800,80
oracle_mechanism_repair,cluttered_navigation_grasp,compliance_shift,combined_stress,0.925000,0.827210,0.053340,0.043912,0.031131,0.152369,0.025349,0.077123,0.002364,0.048376,0.000000,1.013904,0.058082,0.001877,0.001060,0.001083,0.000796,0.000867,0.000671,0.001126,0.000694,0.001018,0.000000,0.057783,80
oracle_mechanism_repair,cluttered_navigation_grasp,compliance_shift,hidden_mechanism,0.925000,0.845186,0.037813,0.028300,0.022008,0.149659,0.017451,0.061183,0.000043,0.039391,0.000000,1.065808,0.058082,0.002347,0.001144,0.000971,0.000629,0.000824,0.000667,0.000956,0.000084,0.000698,0.000000,0.058330,80
oracle_mechanism_repair,cluttered_navigation_grasp,compliance_shift,in_distribution,0.937500,0.857765,0.030391,0.019423,0.019058,0.149268,0.013452,0.054382,0.000000,0.036452,0.000000,1.103098,0.053379,0.002119,0.001155,0.001204,0.000664,0.000889,0.000634,0.000780,0.000000,0.000685,0.000000,0.053570,80
oracle_mechanism_repair,cluttered_navigation_grasp,compliance_shift,long_horizon,0.925000,0.850282,0.041418,0.037783,0.025128,0.150223,0.017116,0.061921,0.000018,0.039505,0.000000,1.053430,0.058082,0.002098,0.001101,0.001148,0.000623,0.000890,0.000652,0.000980,0.000020,0.000704,0.000000,0.058104,80
oracle_mechanism_repair,cluttered_navigation_grasp,compliance_shift,sparse_observation,0.925000,0.826970,0.043771,0.033638,0.026813,0.152210,0.024420,0.073686,0.000456,0.046714,0.000000,1.037631,0.058082,0.001747,0.000894,0.000933,0.000601,0.001066,0.000712,0.000836,0.000272,0.000758,0.000000,0.058174,80
oracle_mechanism_repair,cluttered_navigation_grasp,contact_mode_flip,combined_stress,0.962500,0.812965,0.063914,0.050489,0.032102,0.155837,0.027811,0.081123,0.003434,0.050373,0.000094,1.026827,0.041895,0.002422,0.001016,0.001155,0.000559,0.000806,0.000672,0.000909,0.000724,0.000997,0.000144,0.042038,80
oracle_mechanism_repair,cluttered_navigation_grasp,contact_mode_flip,hidden_mechanism,0.912500,0.834602,0.049768,0.035544,0.024634,0.153158,0.019894,0.066252,0.000009,0.040514,0.000000,1.026942,0.062311,0.002188,0.001179,0.001108,0.000677,0.000963,0.000715,0.000764,0.000017,0.000695,0.000000,0.062247,80
oracle_mechanism_repair,cluttered_navigation_grasp,contact_mode_flip,in_distribution,0.937500,0.847317,0.043379,0.027811,0.021231,0.151145,0.016476,0.059462,0.000000,0.038665,0.000000,1.075561,0.053379,0.002279,0.001118,0.000937,0.000576,0.000870,0.000634,0.000865,0.000000,0.000693,0.000000,0.053402,80
oracle_mechanism_repair,cluttered_navigation_grasp,contact_mode_flip,long_horizon,0.925000,0.838196,0.052050,0.046181,0.027428,0.153046,0.018643,0.066971,0.000339,0.040764,0.000000,1.027688,0.058082,0.002025,0.001108,0.000990,0.000649,0.000822,0.000644,0.000827,0.000237,0.000625,0.000000,0.057924,80
oracle_mechanism_repair,cluttered_navigation_grasp,contact_mode_flip,sparse_observation,0.950000,0.813943,0.056147,0.041666,0.028363,0.155801,0.026165,0.078769,0.000991,0.047474,0.000000,1.035547,0.048061,0.002082,0.001157,0.001078,0.000751,0.000794,0.000648,0.000864,0.000437,0.000841,0.000000,0.048081,80
oracle_mechanism_repair,cluttered_navigation_grasp,friction_shift,combined_stress,0.937500,0.829783,0.048025,0.041994,0.029356,0.152206,0.025452,0.075389,0.001375,0.047660,0.000000,1.036501,0.053379,0.002195,0.001182,0.001177,0.000659,0.000984,0.000593,0.000913,0.000461,0.000858,0.000000,0.053419,80
oracle_mechanism_repair,cluttered_navigation_grasp,friction_shift,hidden_mechanism,0.912500,0.846675,0.033372,0.025723,0.020499,0.149580,0.017138,0.060014,0.000000,0.040071,0.000000,1.061947,0.062311,0.002353,0.001153,0.001248,0.000626,0.000795,0.000724,0.000893,0.000000,0.000641,0.000000,0.062448,80
oracle_mechanism_repair,cluttered_navigation_grasp,friction_shift,in_distribution,0.887500,0.861925,0.025578,0.017556,0.017811,0.147977,0.012785,0.053302,0.000000,0.036032,0.000000,1.062670,0.069679,0.002123,0.000996,0.001077,0.000624,0.000799,0.000617,0.000852,0.000000,0.000721,0.000000,0.069887,80
oracle_mechanism_repair,cluttered_navigation_grasp,friction_shift,long_horizon,0.937500,0.855338,0.036356,0.035090,0.023244,0.149468,0.016261,0.061161,0.000000,0.038755,0.000000,1.077238,0.053379,0.001920,0.000996,0.001340,0.000611,0.000971,0.000580,0.000902,0.000000,0.000743,0.000000,0.053294,80
oracle_mechanism_repair,cluttered_navigation_grasp,friction_shift,sparse_observation,0.912500,0.830263,0.040046,0.030784,0.024725,0.151000,0.023275,0.072406,0.000162,0.045307,0.000000,1.035521,0.062311,0.002225,0.001178,0.001113,0.000681,0.000757,0.000725,0.000797,0.000173,0.000700,0.000000,0.062149,80
oracle_mechanism_repair,cluttered_navigation_grasp,nominal,combined_stress,0.937500,0.835547,0.036021,0.036291,0.026056,0.148921,0.023164,0.070487,0.000046,0.045623,0.000000,1.061469,0.053379,0.002442,0.001092,0.001220,0.000708,0.000851,0.000591,0.000823,0.000050,0.000670,0.000000,0.053214,80
oracle_mechanism_repair,cluttered_navigation_grasp,nominal,hidden_mechanism,0.887500,0.858803,0.021778,0.018959,0.017421,0.146439,0.014881,0.055794,0.000000,0.038579,0.000000,1.063250,0.069679,0.002302,0.001135,0.000968,0.000566,0.000918,0.000653,0.000953,0.000000,0.000724,0.000000,0.070067,80
oracle_mechanism_repair,cluttered_navigation_grasp,nominal,in_distribution,0.975000,0.869474,0.014068,0.011394,0.013292,0.145038,0.011505,0.048295,0.000000,0.034830,0.000000,1.175452,0.034428,0.002272,0.001185,0.000907,0.000599,0.000840,0.000610,0.000824,0.000000,0.000593,0.000000,0.034511,80
oracle_mechanism_repair,cluttered_navigation_grasp,nominal,long_horizon,0.950000,0.862238,0.024433,0.029213,0.019788,0.146186,0.014391,0.055563,0.000000,0.038134,0.000000,1.114380,0.048061,0.002149,0.001074,0.001072,0.000628,0.000756,0.000700,0.000927,0.000000,0.000680,0.000000,0.048432,80
oracle_mechanism_repair,cluttered_navigation_grasp,nominal,sparse_observation,0.937500,0.838061,0.027294,0.024408,0.020479,0.148448,0.022634,0.068338,0.000000,0.044768,0.000000,1.086364,0.053379,0.002286,0.000956,0.001120,0.000735,0.000935,0.000627,0.001011,0.000000,0.000708,0.000000,0.053455,80
oracle_mechanism_repair,cluttered_navigation_grasp,occlusion_persistence,combined_stress,0.962500,0.813005,0.056629,0.047748,0.031564,0.155343,0.027883,0.081838,0.002645,0.050859,0.000070,1.036718,0.041895,0.001812,0.001198,0.000991,0.000730,0.000813,0.000674,0.000809,0.000687,0.000995,0.000080,0.042010,80
oracle_mechanism_repair,cluttered_navigation_grasp,occlusion_persistence,hidden_mechanism,0.887500,0.817982,0.043593,0.032949,0.022617,0.153575,0.025009,0.075296,0.000038,0.045964,0.000000,1.001400,0.069679,0.002390,0.000933,0.001086,0.000667,0.000718,0.000567,0.000904,0.000068,0.000587,0.000000,0.069924,80
oracle_mechanism_repair,cluttered_navigation_grasp,occlusion_persistence,in_distribution,0.912500,0.830632,0.036054,0.023115,0.020360,0.152062,0.021501,0.067817,0.000000,0.043170,0.000000,1.051545,0.062311,0.002246,0.001163,0.001163,0.000652,0.000773,0.000603,0.000870,0.000000,0.000643,0.000000,0.062283,80
oracle_mechanism_repair,cluttered_navigation_grasp,occlusion_persistence,long_horizon,0.875000,0.823115,0.045540,0.042244,0.025191,0.153930,0.024399,0.075798,0.000316,0.045318,0.000000,0.978845,0.072929,0.001989,0.000913,0.001108,0.000638,0.000806,0.000641,0.000905,0.000210,0.000615,0.000000,0.072949,80
oracle_mechanism_repair,cluttered_navigation_grasp,occlusion_persistence,sparse_observation,0.875000,0.814777,0.047384,0.037289,0.026181,0.154369,0.027490,0.079726,0.000241,0.048307,0.000000,0.974601,0.072929,0.002228,0.000990,0.001127,0.000645,0.000840,0.000693,0.000909,0.000154,0.000669,0.000000,0.073159,80
oracle_mechanism_repair,cluttered_navigation_grasp,payload_shift,combined_stress,0.925000,0.821327,0.057643,0.047741,0.031692,0.154759,0.026480,0.079242,0.003478,0.050338,0.000000,1.001904,0.058082,0.002199,0.000948,0.001133,0.000701,0.000813,0.000627,0.000778,0.000648,0.000860,0.000000,0.057824,80
oracle_mechanism_repair,cluttered_navigation_grasp,payload_shift,hidden_mechanism,0.925000,0.844122,0.046691,0.031319,0.025923,0.151964,0.018427,0.064183,0.000175,0.039938,0.000000,1.048910,0.058082,0.002530,0.001071,0.001124,0.000596,0.000747,0.000686,0.000810,0.000157,0.000536,0.000000,0.058070,80
oracle_mechanism_repair,cluttered_navigation_grasp,payload_shift,in_distribution,0.862500,0.857499,0.038888,0.024771,0.022321,0.150115,0.014315,0.057679,0.000000,0.037292,0.000000,1.011214,0.075940,0.001990,0.001125,0.001212,0.000729,0.000886,0.000665,0.000825,0.000000,0.000632,0.000000,0.075790,80
oracle_mechanism_repair,cluttered_navigation_grasp,payload_shift,long_horizon,0.937500,0.848046,0.048988,0.041409,0.028947,0.152000,0.017858,0.064818,0.000655,0.040006,0.000000,1.049448,0.053379,0.002575,0.001122,0.001098,0.000509,0.000849,0.000643,0.000849,0.000323,0.000754,0.000000,0.053554,80
oracle_mechanism_repair,cluttered_navigation_grasp,payload_shift,sparse_observation,0.950000,0.825386,0.051207,0.037639,0.029950,0.155457,0.025572,0.076385,0.001896,0.047255,0.000000,1.045779,0.048061,0.002663,0.001028,0.001027,0.000747,0.000815,0.000672,0.000778,0.000613,0.000914,0.000000,0.048279,80
oracle_mechanism_repair,deformable_bin_pick,actuator_lag,combined_stress,0.925000,0.821506,0.055726,0.046913,0.031984,0.154872,0.026000,0.078792,0.002908,0.049700,0.000015,1.004749,0.058082,0.002074,0.001290,0.000898,0.000693,0.000831,0.000711,0.000916,0.000605,0.000924,0.000025,0.057880,80
oracle_mechanism_repair,deformable_bin_pick,actuator_lag,hidden_mechanism,0.912500,0.843645,0.042744,0.028914,0.025656,0.151668,0.018157,0.063888,0.000091,0.040345,0.000000,1.042381,0.062311,0.001877,0.001055,0.001038,0.000684,0.000885,0.000666,0.000878,0.000105,0.000671,0.000000,0.062333,80
oracle_mechanism_repair,deformable_bin_pick,actuator_lag,in_distribution,0.862500,0.857700,0.033668,0.021246,0.021405,0.149240,0.014846,0.056196,0.000000,0.037524,0.000000,1.020069,0.075940,0.002293,0.001067,0.001139,0.000592,0.000916,0.000633,0.000870,0.000000,0.000720,0.000000,0.076009,80
oracle_mechanism_repair,deformable_bin_pick,actuator_lag,long_horizon,0.912500,0.850956,0.044713,0.039478,0.026925,0.151604,0.017769,0.062736,0.000273,0.039612,0.000000,1.033826,0.062311,0.002242,0.001049,0.001081,0.000695,0.000854,0.000703,0.000898,0.000206,0.000690,0.000000,0.062268,80
oracle_mechanism_repair,deformable_bin_pick,actuator_lag,sparse_observation,0.925000,0.825249,0.048517,0.034757,0.029223,0.154154,0.025384,0.076862,0.001119,0.047502,0.000034,1.027112,0.058082,0.002026,0.000989,0.001247,0.000732,0.000872,0.000676,0.000792,0.000451,0.000818,0.000067,0.058254,80
oracle_mechanism_repair,deformable_bin_pick,combined_hidden_mechanisms,combined_stress,0.900000,0.806432,0.069630,0.055723,0.032919,0.158555,0.029305,0.085245,0.005269,0.053643,0.000125,0.948287,0.066155,0.002184,0.001007,0.001014,0.000629,0.000872,0.000679,0.000772,0.000806,0.001022,0.000127,0.066441,80
oracle_mechanism_repair,deformable_bin_pick,combined_hidden_mechanisms,hidden_mechanism,0.925000,0.816968,0.066379,0.043273,0.031764,0.157262,0.025520,0.078122,0.003282,0.048545,0.000051,0.995911,0.058082,0.002193,0.001156,0.001158,0.000710,0.000867,0.000675,0.000826,0.000718,0.000981,0.000085,0.058345,80
oracle_mechanism_repair,deformable_bin_pick,combined_hidden_mechanisms,in_distribution,0.850000,0.825430,0.059078,0.034620,0.028677,0.156814,0.022356,0.070796,0.001265,0.044192,0.000000,0.945094,0.078740,0.002330,0.001223,0.000993,0.000643,0.000835,0.000651,0.000849,0.000445,0.000822,0.000000,0.078503,80
oracle_mechanism_repair,deformable_bin_pick,combined_hidden_mechanisms,long_horizon,0.937500,0.820184,0.068025,0.052658,0.033052,0.157900,0.025852,0.078525,0.003980,0.049226,0.000053,0.998420,0.053379,0.002043,0.001155,0.001072,0.000679,0.000743,0.000680,0.000854,0.000703,0.000950,0.000099,0.053079,80
oracle_mechanism_repair,deformable_bin_pick,combined_hidden_mechanisms,sparse_observation,0.912500,0.804135,0.069117,0.047431,0.032878,0.158735,0.028877,0.083808,0.004495,0.053184,0.000155,0.967948,0.062311,0.002278,0.001017,0.001114,0.000621,0.000940,0.000690,0.000906,0.000867,0.001155,0.000160,0.062508,80
oracle_mechanism_repair,deformable_bin_pick,compliance_shift,combined_stress,0.975000,0.825830,0.050553,0.043750,0.030853,0.153252,0.024853,0.076462,0.001789,0.047613,0.000000,1.066919,0.034428,0.001845,0.001187,0.001151,0.000671,0.000992,0.000651,0.000754,0.000532,0.000918,0.000000,0.034607,80
oracle_mechanism_repair,deformable_bin_pick,compliance_shift,hidden_mechanism,0.975000,0.848196,0.036671,0.026528,0.022644,0.150677,0.017531,0.061445,0.000000,0.039111,0.000000,1.118222,0.034428,0.002119,0.001104,0.001057,0.000744,0.000889,0.000703,0.000783,0.000000,0.000707,0.000000,0.034522,80
oracle_mechanism_repair,deformable_bin_pick,compliance_shift,in_distribution,0.925000,0.860342,0.028771,0.019220,0.018628,0.148566,0.012814,0.054781,0.000000,0.036949,0.000000,1.094050,0.058082,0.002029,0.001188,0.001169,0.000701,0.000843,0.000725,0.000853,0.000000,0.000647,0.000000,0.058015,80
oracle_mechanism_repair,deformable_bin_pick,compliance_shift,long_horizon,0.912500,0.851001,0.039134,0.037399,0.024233,0.149925,0.017535,0.061836,0.000012,0.039523,0.000000,1.044400,0.062311,0.002361,0.000932,0.001011,0.000797,0.000781,0.000670,0.000904,0.000017,0.000697,0.000000,0.062199,80
oracle_mechanism_repair,deformable_bin_pick,compliance_shift,sparse_observation,0.887500,0.828923,0.043018,0.032068,0.026130,0.153067,0.024811,0.074005,0.000235,0.046046,0.000000,1.003038,0.069679,0.001973,0.001130,0.001081,0.000692,0.000927,0.000662,0.000984,0.000178,0.000592,0.000000,0.069777,80
oracle_mechanism_repair,deformable_bin_pick,contact_mode_flip,combined_stress,0.900000,0.814315,0.060844,0.051165,0.032405,0.155631,0.028094,0.080661,0.003809,0.052067,0.000000,0.966526,0.066155,0.002595,0.001054,0.001072,0.000555,0.000869,0.000751,0.000865,0.000711,0.000881,0.000000,0.065908,80
oracle_mechanism_repair,deformable_bin_pick,contact_mode_flip,hidden_mechanism,0.875000,0.838297,0.046877,0.032971,0.023575,0.153211,0.019034,0.066047,0.000092,0.040649,0.000000,0.996913,0.072929,0.002384,0.001087,0.001296,0.000799,0.000878,0.000685,0.000787,0.000082,0.000733,0.000000,0.072929,80
oracle_mechanism_repair,deformable_bin_pick,contact_mode_flip,in_distribution,0.937500,0.846992,0.040168,0.026282,0.021068,0.152332,0.016342,0.058738,0.000000,0.037935,0.000000,1.079630,0.053379,0.002071,0.001127,0.001081,0.000630,0.000890,0.000615,0.000825,0.000000,0.000745,0.000000,0.053518,80
oracle_mechanism_repair,deformable_bin_pick,contact_mode_flip,long_horizon,0.925000,0.839505,0.050621,0.044727,0.027100,0.152227,0.019426,0.065708,0.000442,0.041427,0.000000,1.030935,0.058082,0.001994,0.001086,0.001185,0.000665,0.000964,0.000719,0.000825,0.000303,0.000684,0.000000,0.058224,80
oracle_mechanism_repair,deformable_bin_pick,contact_mode_flip,sparse_observation,0.937500,0.815446,0.053696,0.038822,0.028535,0.155340,0.026062,0.077648,0.000852,0.047592,0.000000,1.028357,0.053379,0.001769,0.001181,0.001139,0.000641,0.000969,0.000688,0.000900,0.000358,0.000777,0.000000,0.053625,80
oracle_mechanism_repair,deformable_bin_pick,friction_shift,combined_stress,0.900000,0.830056,0.045969,0.041099,0.029193,0.152477,0.024327,0.074814,0.001018,0.046924,0.000000,1.002723,0.066155,0.002116,0.001016,0.000950,0.000657,0.001020,0.000689,0.000764,0.000449,0.000823,0.000000,0.066284,80
oracle_mechanism_repair,deformable_bin_pick,friction_shift,hidden_mechanism,0.912500,0.852648,0.031226,0.023274,0.020805,0.149365,0.016646,0.060421,0.000000,0.039034,0.000000,1.067791,0.062311,0.002162,0.001118,0.001072,0.000698,0.000809,0.000627,0.000910,0.000000,0.000648,0.000000,0.062166,80
oracle_mechanism_repair,deformable_bin_pick,friction_shift,in_distribution,0.925000,0.864927,0.023677,0.016610,0.017481,0.147498,0.013225,0.052771,0.000000,0.036352,0.000000,1.104037,0.058082,0.002236,0.001015,0.001175,0.000682,0.000854,0.000584,0.000777,0.000000,0.000690,0.000000,0.057953,80
oracle_mechanism_repair,deformable_bin_pick,friction_shift,long_horizon,0.987500,0.856929,0.034452,0.034318,0.022875,0.149548,0.016577,0.060037,0.000000,0.038886,0.000000,1.130550,0.024500,0.002204,0.001072,0.001108,0.000732,0.000913,0.000698,0.000927,0.000000,0.000676,0.000000,0.024478,80
oracle_mechanism_repair,deformable_bin_pick,friction_shift,sparse_observation,0.912500,0.831678,0.038404,0.030287,0.024728,0.151719,0.023437,0.072074,0.000002,0.044767,0.000000,1.037764,0.062311,0.001948,0.001113,0.001098,0.000687,0.000926,0.000566,0.000811,0.000004,0.000698,0.000000,0.062201,80
oracle_mechanism_repair,deformable_bin_pick,nominal,combined_stress,0.975000,0.836665,0.033850,0.035185,0.025311,0.149232,0.023018,0.070939,0.000176,0.044990,0.000000,1.102803,0.034428,0.002047,0.001003,0.001089,0.000688,0.000919,0.000677,0.000803,0.000131,0.000722,0.000000,0.034493,80
oracle_mechanism_repair,deformable_bin_pick,nominal,hidden_mechanism,0.950000,0.858563,0.019773,0.017452,0.017362,0.146358,0.014754,0.055389,0.000000,0.038137,0.000000,1.128926,0.048061,0.002453,0.001120,0.000988,0.000649,0.000806,0.000606,0.000911,0.000000,0.000677,0.000000,0.047899,80
oracle_mechanism_repair,deformable_bin_pick,nominal,in_distribution,0.962500,0.871297,0.012797,0.009626,0.013660,0.145001,0.011156,0.049098,0.000000,0.034998,0.000000,1.165772,0.041895,0.002223,0.001068,0.001186,0.000615,0.000898,0.000637,0.000891,0.000000,0.000665,0.000000,0.042118,80
oracle_mechanism_repair,deformable_bin_pick,nominal,long_horizon,0.950000,0.862005,0.021944,0.028271,0.019450,0.147118,0.013974,0.055698,0.000000,0.037980,0.000000,1.117598,0.048061,0.002494,0.001208,0.001031,0.000683,0.000942,0.000703,0.000873,0.000000,0.000643,0.000000,0.048432,80
oracle_mechanism_repair,deformable_bin_pick,nominal,sparse_observation,0.912500,0.837978,0.024981,0.023691,0.021100,0.149644,0.022349,0.067968,0.000018,0.044000,0.000000,1.063229,0.062311,0.002239,0.000985,0.001227,0.000636,0.000939,0.000645,0.000822,0.000035,0.000713,0.000000,0.062426,80
oracle_mechanism_repair,deformable_bin_pick,occlusion_persistence,combined_stress,0.862500,0.815267,0.056509,0.046633,0.031039,0.155437,0.027538,0.081413,0.002517,0.050362,0.000006,0.939343,0.075940,0.002343,0.001320,0.001080,0.000668,0.000944,0.000561,0.000843,0.000694,0.001059,0.000011,0.076122,80
oracle_mechanism_repair,deformable_bin_pick,occlusion_persistence,hidden_mechanism,0.925000,0.821178,0.041724,0.031569,0.023204,0.154250,0.024879,0.073820,0.000067,0.046230,0.000000,1.042311,0.058082,0.002381,0.000909,0.001068,0.000681,0.000840,0.000551,0.000889,0.000084,0.000587,0.000000,0.058536,80
oracle_mechanism_repair,deformable_bin_pick,occlusion_persistence,in_distribution,0.950000,0.833130,0.035341,0.023006,0.019442,0.152531,0.020999,0.067900,0.000000,0.042366,0.000000,1.091713,0.048061,0.002434,0.001253,0.001041,0.000600,0.000868,0.000674,0.000786,0.000000,0.000718,0.000000,0.048339,80
oracle_mechanism_repair,deformable_bin_pick,occlusion_persistence,long_horizon,0.887500,0.824168,0.044766,0.041745,0.024933,0.153420,0.024596,0.074887,0.000063,0.045567,0.000000,0.993467,0.069679,0.002205,0.001224,0.000972,0.000613,0.000824,0.000621,0.000808,0.000068,0.000648,0.000000,0.070122,80
oracle_mechanism_repair,deformable_bin_pick,occlusion_persistence,sparse_observation,0.937500,0.817243,0.047299,0.035864,0.025868,0.154785,0.027301,0.078863,0.000273,0.048141,0.000000,1.039587,0.053379,0.001905,0.000957,0.000893,0.000629,0.000880,0.000646,0.000976,0.000174,0.000783,0.000000,0.053349,80
oracle_mechanism_repair,deformable_bin_pick,payload_shift,combined_stress,0.975000,0.821608,0.055638,0.046401,0.031550,0.155681,0.026644,0.079046,0.003172,0.050244,0.000052,1.054909,0.034428,0.002455,0.001073,0.001089,0.000672,0.000777,0.000665,0.000852,0.000677,0.000920,0.000062,0.034396,80
oracle_mechanism_repair,deformable_bin_pick,payload_shift,hidden_mechanism,0.850000,0.846970,0.044584,0.030574,0.026043,0.152032,0.018712,0.064754,0.000251,0.040048,0.000000,0.976934,0.078740,0.002051,0.001034,0.001211,0.000638,0.000945,0.000724,0.000993,0.000217,0.000779,0.000000,0.078846,80
oracle_mechanism_repair,deformable_bin_pick,payload_shift,in_distribution,0.962500,0.855911,0.037306,0.022753,0.023107,0.150470,0.014829,0.057205,0.000025,0.036734,0.000000,1.112572,0.041895,0.002218,0.001215,0.000822,0.000588,0.000879,0.000770,0.000929,0.000029,0.000609,0.000000,0.041769,80
oracle_mechanism_repair,deformable_bin_pick,payload_shift,long_horizon,0.912500,0.850725,0.047836,0.041373,0.028310,0.152507,0.017455,0.064444,0.000847,0.040809,0.000000,1.027132,0.062311,0.002023,0.001193,0.001041,0.000692,0.000922,0.000631,0.000864,0.000375,0.000760,0.000000,0.062474,80
oracle_mechanism_repair,deformable_bin_pick,payload_shift,sparse_observation,0.950000,0.824282,0.050864,0.036790,0.030201,0.155006,0.025328,0.076435,0.001496,0.047114,0.000000,1.046631,0.048061,0.002248,0.001151,0.001141,0.000729,0.000909,0.000607,0.000789,0.000497,0.000913,0.000000,0.048193,80
oracle_mechanism_repair,drawer_contact_repair,actuator_lag,combined_stress,0.950000,0.827843,0.052718,0.042826,0.031317,0.152622,0.026108,0.077932,0.003081,0.049915,0.000000,1.039236,0.048061,0.002052,0.001108,0.001098,0.000601,0.000824,0.000670,0.000933,0.000669,0.000983,0.000000,0.047825,80
oracle_mechanism_repair,drawer_contact_repair,actuator_lag,hidden_mechanism,0.962500,0.850322,0.039076,0.027136,0.025003,0.150313,0.018358,0.062184,0.000043,0.040751,0.000000,1.100769,0.041895,0.002571,0.001027,0.001184,0.000753,0.000801,0.000772,0.000819,0.000058,0.000680,0.000000,0.041596,80
oracle_mechanism_repair,drawer_contact_repair,actuator_lag,in_distribution,0.962500,0.861578,0.031384,0.020197,0.020901,0.148360,0.014071,0.054803,0.000000,0.037447,0.000000,1.125797,0.041895,0.002275,0.000979,0.001050,0.000603,0.000853,0.000685,0.000955,0.000000,0.000684,0.000000,0.042194,80
oracle_mechanism_repair,drawer_contact_repair,actuator_lag,long_horizon,0.937500,0.854409,0.042481,0.037275,0.026737,0.149315,0.018392,0.063042,0.000313,0.040302,0.000000,1.064234,0.053379,0.002397,0.001126,0.001065,0.000601,0.000802,0.000640,0.000785,0.000227,0.000792,0.000000,0.053550,80
oracle_mechanism_repair,drawer_contact_repair,actuator_lag,sparse_observation,0.912500,0.832312,0.045618,0.032746,0.027841,0.152853,0.025012,0.075029,0.000866,0.047376,0.000000,1.023820,0.062311,0.002140,0.001167,0.001009,0.000700,0.000833,0.000729,0.000794,0.000380,0.000713,0.000000,0.062269,80
oracle_mechanism_repair,drawer_contact_repair,combined_hidden_mechanisms,combined_stress,0.987500,0.811677,0.069233,0.054911,0.032594,0.158023,0.028783,0.083197,0.004582,0.053402,0.000151,1.040200,0.024500,0.002084,0.000971,0.001066,0.000693,0.000705,0.000695,0.000789,0.000814,0.001046,0.000175,0.024543,80
oracle_mechanism_repair,drawer_contact_repair,combined_hidden_mechanisms,hidden_mechanism,0.950000,0.818198,0.063720,0.040648,0.031864,0.157493,0.024835,0.077521,0.003224,0.048743,0.000055,1.026176,0.048061,0.002038,0.001017,0.001068,0.000695,0.000866,0.000646,0.000947,0.000652,0.001016,0.000093,0.047840,80
oracle_mechanism_repair,drawer_contact_repair,combined_hidden_mechanisms,in_distribution,0.937500,0.830968,0.056846,0.032169,0.027793,0.154871,0.021240,0.070330,0.000797,0.043482,0.000000,1.040949,0.053379,0.002256,0.001008,0.001078,0.000616,0.000836,0.000660,0.000820,0.000410,0.000787,0.000000,0.053042,80
oracle_mechanism_repair,drawer_contact_repair,combined_hidden_mechanisms,long_horizon,0.937500,0.824322,0.064648,0.051875,0.032963,0.156664,0.025213,0.078221,0.004278,0.049391,0.000106,1.004224,0.053379,0.002007,0.001080,0.001109,0.000624,0.000955,0.000659,0.000942,0.000896,0.001154,0.000202,0.053084,80
oracle_mechanism_repair,drawer_contact_repair,combined_hidden_mechanisms,sparse_observation,0.962500,0.810733,0.066403,0.045956,0.033180,0.157447,0.028457,0.083744,0.004240,0.052051,0.000074,1.024311,0.041895,0.002276,0.001103,0.001013,0.000680,0.000903,0.000592,0.000869,0.000733,0.001026,0.000088,0.041570,80
oracle_mechanism_repair,drawer_contact_repair,compliance_shift,combined_stress,0.975000,0.830458,0.048678,0.041789,0.030155,0.152054,0.024676,0.076220,0.001656,0.047125,0.000017,1.073069,0.034428,0.002109,0.000968,0.001150,0.000696,0.000969,0.000540,0.000794,0.000497,0.000871,0.000034,0.034436,80
oracle_mechanism_repair,drawer_contact_repair,compliance_shift,hidden_mechanism,0.937500,0.853546,0.033062,0.024746,0.021601,0.149242,0.017048,0.060333,0.000000,0.039192,0.000000,1.089261,0.053379,0.002102,0.001153,0.001046,0.000662,0.000885,0.000629,0.000790,0.000000,0.000570,0.000000,0.053506,80
oracle_mechanism_repair,drawer_contact_repair,compliance_shift,in_distribution,0.950000,0.864367,0.025793,0.017657,0.018816,0.147892,0.013860,0.052755,0.000000,0.036302,0.000000,1.124223,0.048061,0.002327,0.001204,0.001127,0.000669,0.000929,0.000658,0.000746,0.000000,0.000689,0.000000,0.048100,80
oracle_mechanism_repair,drawer_contact_repair,compliance_shift,long_horizon,0.950000,0.856907,0.036869,0.035475,0.024821,0.149042,0.016927,0.061320,0.000038,0.039243,0.000000,1.087554,0.048061,0.002353,0.001065,0.001165,0.000593,0.000802,0.000817,0.000869,0.000045,0.000701,0.000000,0.048067,80
oracle_mechanism_repair,drawer_contact_repair,compliance_shift,sparse_observation,0.937500,0.832402,0.039912,0.030173,0.026037,0.151741,0.023788,0.072300,0.000335,0.045603,0.000000,1.059881,0.053379,0.002053,0.000948,0.000971,0.000598,0.000810,0.000685,0.000833,0.000266,0.000682,0.000000,0.053421,80
oracle_mechanism_repair,drawer_contact_repair,contact_mode_flip,combined_stress,0.962500,0.820134,0.059370,0.048691,0.031682,0.154629,0.027292,0.080295,0.003292,0.050748,0.000049,1.036188,0.041895,0.001831,0.000927,0.001181,0.000765,0.000866,0.000603,0.000874,0.000711,0.000969,0.000091,0.041899,80
oracle_mechanism_repair,drawer_contact_repair,contact_mode_flip,hidden_mechanism,0.962500,0.842117,0.045957,0.032455,0.024346,0.151294,0.018920,0.065366,0.000063,0.040921,0.000000,1.086943,0.041895,0.002157,0.001031,0.001114,0.000682,0.000861,0.000691,0.000841,0.000083,0.000628,0.000000,0.041815,80
oracle_mechanism_repair,drawer_contact_repair,contact_mode_flip,in_distribution,0.975000,0.853852,0.037610,0.024417,0.021270,0.150351,0.015857,0.058102,0.000000,0.038148,0.000000,1.124042,0.034428,0.002298,0.001151,0.001126,0.000701,0.000888,0.000767,0.000857,0.000000,0.000739,0.000000,0.034585,80
oracle_mechanism_repair,drawer_contact_repair,contact_mode_flip,long_horizon,0.887500,0.845600,0.047420,0.042976,0.026954,0.151249,0.018760,0.066263,0.000235,0.040600,0.000000,1.000647,0.069679,0.002368,0.001197,0.000954,0.000716,0.000803,0.000712,0.000786,0.000180,0.000742,0.000000,0.069758,80
oracle_mechanism_repair,drawer_contact_repair,contact_mode_flip,sparse_observation,0.950000,0.819141,0.051835,0.037975,0.028297,0.154335,0.026467,0.078095,0.000458,0.047790,0.000000,1.044982,0.048061,0.002049,0.001132,0.001219,0.000632,0.000958,0.000692,0.000958,0.000313,0.000694,0.000000,0.047802,80
oracle_mechanism_repair,drawer_contact_repair,friction_shift,combined_stress,0.937500,0.834520,0.043182,0.039876,0.029304,0.152031,0.023942,0.074258,0.001067,0.047240,0.000000,1.045565,0.053379,0.002263,0.001146,0.000996,0.000603,0.000835,0.000564,0.000844,0.000374,0.000700,0.000000,0.053560,80
oracle_mechanism_repair,drawer_contact_repair,friction_shift,hidden_mechanism,0.900000,0.855662,0.029775,0.021875,0.021056,0.147870,0.016618,0.058715,0.000000,0.039658,0.000000,1.059283,0.066155,0.002470,0.001121,0.001133,0.000614,0.000927,0.000741,0.001001,0.000000,0.000720,0.000000,0.066316,80
oracle_mechanism_repair,drawer_contact_repair,friction_shift,in_distribution,0.887500,0.869193,0.020743,0.013648,0.017175,0.145689,0.012210,0.052531,0.000000,0.035658,0.000000,1.074457,0.069679,0.002213,0.001182,0.001024,0.000653,0.000928,0.000686,0.000940,0.000000,0.000729,0.000000,0.069785,80
oracle_mechanism_repair,drawer_contact_repair,friction_shift,long_horizon,0.975000,0.859488,0.030785,0.032500,0.023348,0.148077,0.016481,0.059219,0.000001,0.038517,0.000000,1.123871,0.034428,0.002039,0.001024,0.001005,0.000648,0.000872,0.000666,0.000864,0.000003,0.000642,0.000000,0.034562,80
oracle_mechanism_repair,drawer_contact_repair,friction_shift,sparse_observation,0.900000,0.834480,0.033709,0.027604,0.024093,0.151208,0.023514,0.072077,0.000005,0.046043,0.000000,1.033403,0.066155,0.002198,0.001181,0.001122,0.000652,0.000917,0.000595,0.000832,0.000010,0.000777,0.000000,0.066187,80
oracle_mechanism_repair,drawer_contact_repair,nominal,combined_stress,0.962500,0.843510,0.032025,0.032170,0.025410,0.148419,0.023171,0.069993,0.000032,0.045757,0.000000,1.097000,0.041895,0.002391,0.000994,0.001099,0.000676,0.000904,0.000664,0.000897,0.000051,0.000698,0.000000,0.041937,80
oracle_mechanism_repair,drawer_contact_repair,nominal,hidden_mechanism,0.937500,0.864357,0.017434,0.015319,0.017355,0.145911,0.014778,0.055090,0.000000,0.038251,0.000000,1.122399,0.053379,0.002119,0.001144,0.001110,0.000627,0.000882,0.000698,0.000769,0.000000,0.000520,0.000000,0.053255,80
oracle_mechanism_repair,drawer_contact_repair,nominal,in_distribution,0.800000,0.876148,0.010346,0.008768,0.013269,0.143789,0.011037,0.047952,0.000000,0.035666,0.000000,1.008913,0.088207,0.002156,0.000943,0.001011,0.000613,0.000766,0.000602,0.000762,0.000000,0.000769,0.000000,0.088344,80
oracle_mechanism_repair,drawer_contact_repair,nominal,long_horizon,0.900000,0.870215,0.019703,0.026130,0.019084,0.145327,0.014555,0.055084,0.000000,0.038643,0.000000,1.074852,0.066155,0.002236,0.001164,0.001243,0.000688,0.000955,0.000580,0.001002,0.000000,0.000679,0.000000,0.065887,80
oracle_mechanism_repair,drawer_contact_repair,nominal,sparse_observation,0.937500,0.843707,0.022727,0.020909,0.020925,0.147470,0.021491,0.066526,0.000000,0.043732,0.000000,1.096020,0.053379,0.002122,0.001060,0.001218,0.000705,0.000794,0.000621,0.000863,0.000000,0.000709,0.000000,0.053372,80
oracle_mechanism_repair,drawer_contact_repair,occlusion_persistence,combined_stress,0.937500,0.820094,0.052917,0.046336,0.030494,0.154196,0.027226,0.080259,0.002086,0.049873,0.000030,1.021140,0.053379,0.001919,0.000887,0.001064,0.000701,0.000911,0.000658,0.000909,0.000618,0.000893,0.000058,0.053277,80
oracle_mechanism_repair,drawer_contact_repair,occlusion_persistence,hidden_mechanism,0.912500,0.825479,0.038515,0.029094,0.023066,0.152712,0.024551,0.073708,0.000030,0.045408,0.000000,1.036984,0.062311,0.002028,0.000930,0.001104,0.000623,0.000960,0.000578,0.000854,0.000051,0.000657,0.000000,0.062596,80
oracle_mechanism_repair,drawer_contact_repair,occlusion_persistence,in_distribution,0.912500,0.835581,0.032425,0.021716,0.019237,0.151321,0.021052,0.066991,0.000000,0.042633,0.000000,1.059467,0.062311,0.002325,0.001106,0.001202,0.000774,0.000956,0.000623,0.000929,0.000000,0.000684,0.000000,0.062207,80
oracle_mechanism_repair,drawer_contact_repair,occlusion_persistence,long_horizon,0.937500,0.830908,0.041811,0.039593,0.025313,0.152135,0.024542,0.073310,0.000128,0.045512,0.000000,1.050445,0.053379,0.002038,0.001033,0.001053,0.000546,0.000851,0.000607,0.000801,0.000138,0.000701,0.000000,0.053181,80
oracle_mechanism_repair,drawer_contact_repair,occlusion_persistence,sparse_observation,0.937500,0.820546,0.043903,0.034827,0.025943,0.152364,0.027269,0.079164,0.000200,0.047589,0.000000,1.045295,0.053379,0.002109,0.001082,0.000930,0.000623,0.000995,0.000574,0.000918,0.000193,0.000644,0.000000,0.053073,80
oracle_mechanism_repair,drawer_contact_repair,payload_shift,combined_stress,0.937500,0.829085,0.054110,0.044856,0.031824,0.153403,0.025847,0.077301,0.003699,0.049720,0.000152,1.023399,0.053379,0.002330,0.001102,0.001056,0.000765,0.000827,0.000674,0.000829,0.000779,0.001036,0.000160,0.053219,80
oracle_mechanism_repair,drawer_contact_repair,payload_shift,hidden_mechanism,0.900000,0.850778,0.042921,0.029071,0.025867,0.150493,0.017780,0.063514,0.000157,0.039893,0.000000,1.032388,0.066155,0.002277,0.001161,0.001213,0.000648,0.000803,0.000735,0.000875,0.000138,0.000735,0.000000,0.066304,80
oracle_mechanism_repair,drawer_contact_repair,payload_shift,in_distribution,0.887500,0.864040,0.035226,0.021030,0.022146,0.149030,0.014146,0.055687,0.000000,0.036816,0.000000,1.045724,0.069679,0.002278,0.001069,0.001183,0.000745,0.000886,0.000613,0.000870,0.000000,0.000674,0.000000,0.069580,80
oracle_mechanism_repair,drawer_contact_repair,payload_shift,long_horizon,0.975000,0.854468,0.045304,0.038864,0.027671,0.151238,0.017620,0.063119,0.000690,0.040782,0.000000,1.096519,0.034428,0.002098,0.001023,0.001082,0.000619,0.000858,0.000638,0.000968,0.000298,0.000772,0.000000,0.034242,80
oracle_mechanism_repair,drawer_contact_repair,payload_shift,sparse_observation,0.887500,0.832195,0.047714,0.035219,0.029256,0.153679,0.025382,0.075377,0.001648,0.047651,0.000000,0.992420,0.069679,0.002247,0.001190,0.001151,0.000611,0.000966,0.000697,0.000846,0.000553,0.000898,0.000000,0.069599,80
oracle_mechanism_repair,occluded_push_recovery,actuator_lag,combined_stress,0.937500,0.823469,0.056694,0.046157,0.032031,0.152921,0.025832,0.078476,0.002667,0.049073,0.000021,1.018458,0.053379,0.002019,0.001159,0.001049,0.000750,0.000900,0.000589,0.000929,0.000617,0.000774,0.000041,0.052766,80
oracle_mechanism_repair,occluded_push_recovery,actuator_lag,hidden_mechanism,0.925000,0.845005,0.044113,0.030569,0.025530,0.150726,0.018258,0.063889,0.000153,0.040732,0.000000,1.053115,0.058082,0.002182,0.001077,0.001046,0.000669,0.000827,0.000693,0.000783,0.000133,0.000694,0.000000,0.058101,80
oracle_mechanism_repair,occluded_push_recovery,actuator_lag,in_distribution,0.950000,0.855922,0.036781,0.022930,0.021545,0.149066,0.014363,0.057334,0.000000,0.037052,0.000000,1.102725,0.048061,0.002082,0.001261,0.001019,0.000681,0.000865,0.000672,0.000869,0.000000,0.000668,0.000000,0.048179,80
oracle_mechanism_repair,occluded_push_recovery,actuator_lag,long_horizon,0.950000,0.850747,0.046314,0.041109,0.026984,0.149495,0.018118,0.063406,0.000740,0.040288,0.000000,1.068459,0.048061,0.002215,0.001267,0.001072,0.000655,0.000803,0.000675,0.000779,0.000383,0.000732,0.000000,0.047956,80
oracle_mechanism_repair,occluded_push_recovery,actuator_lag,sparse_observation,0.950000,0.825854,0.051159,0.035936,0.028890,0.152764,0.025105,0.076355,0.001265,0.047952,0.000020,1.049894,0.048061,0.002366,0.001135,0.000997,0.000603,0.000765,0.000637,0.000775,0.000442,0.000816,0.000039,0.048320,80
oracle_mechanism_repair,occluded_push_recovery,combined_hidden_mechanisms,combined_stress,0.950000,0.807096,0.068295,0.056996,0.033034,0.156790,0.029209,0.084739,0.004701,0.053040,0.000066,0.999671,0.048061,0.002112,0.001150,0.001153,0.000661,0.000972,0.000701,0.000921,0.000788,0.001048,0.000065,0.048319,80
oracle_mechanism_repair,occluded_push_recovery,combined_hidden_mechanisms,hidden_mechanism,0.962500,0.816405,0.066923,0.042452,0.031558,0.155436,0.025781,0.078324,0.003260,0.049215,0.000038,1.033956,0.041895,0.002240,0.001182,0.001136,0.000659,0.000973,0.000603,0.000858,0.000751,0.000982,0.000075,0.041773,80
oracle_mechanism_repair,occluded_push_recovery,combined_hidden_mechanisms,in_distribution,0.950000,0.825847,0.060696,0.037530,0.027837,0.155043,0.021492,0.071505,0.001020,0.042863,0.000000,1.043373,0.048061,0.002225,0.001005,0.001093,0.000645,0.000875,0.000614,0.000964,0.000336,0.000725,0.000000,0.048020,80
oracle_mechanism_repair,occluded_push_recovery,combined_hidden_mechanisms,long_horizon,0.975000,0.820060,0.067970,0.052392,0.032853,0.156240,0.024671,0.078173,0.004524,0.049983,0.000075,1.037203,0.034428,0.002391,0.001127,0.000918,0.000669,0.000961,0.000708,0.000924,0.000743,0.000910,0.000094,0.033983,80
oracle_mechanism_repair,occluded_push_recovery,combined_hidden_mechanisms,sparse_observation,0.950000,0.807364,0.068663,0.046588,0.033472,0.157914,0.029156,0.084179,0.004360,0.053765,0.000029,1.007105,0.048061,0.002103,0.001115,0.001039,0.000661,0.000903,0.000668,0.000773,0.000803,0.000952,0.000043,0.048172,80
oracle_mechanism_repair,occluded_push_recovery,compliance_shift,combined_stress,0.962500,0.826647,0.053410,0.044612,0.030644,0.152343,0.025913,0.076584,0.002261,0.048572,0.000015,1.050989,0.041895,0.002478,0.001112,0.001083,0.000621,0.000915,0.000700,0.000893,0.000631,0.001088,0.000030,0.041905,80
oracle_mechanism_repair,occluded_push_recovery,compliance_shift,hidden_mechanism,0.950000,0.847445,0.039657,0.028385,0.022207,0.148964,0.017942,0.061743,0.000017,0.039594,0.000000,1.089453,0.048061,0.002388,0.001066,0.001098,0.000754,0.000804,0.000682,0.001053,0.000025,0.000601,0.000000,0.048161,80
oracle_mechanism_repair,occluded_push_recovery,compliance_shift,in_distribution,1.000000,0.859215,0.031270,0.020186,0.019140,0.147443,0.013672,0.054278,0.000000,0.036237,0.000000,1.165051,0.000000,0.002220,0.001095,0.001109,0.000690,0.000808,0.000556,0.000917,0.000000,0.000655,0.000000,0.001936,80
oracle_mechanism_repair,occluded_push_recovery,compliance_shift,long_horizon,0.962500,0.853643,0.041699,0.038409,0.024799,0.148397,0.016884,0.061272,0.000131,0.038786,0.000000,1.092404,0.041895,0.001941,0.001109,0.001088,0.000613,0.000816,0.000642,0.000924,0.000121,0.000656,0.000000,0.041680,80
oracle_mechanism_repair,occluded_push_recovery,compliance_shift,sparse_observation,0.937500,0.828756,0.043214,0.033419,0.025936,0.151018,0.024564,0.073501,0.000118,0.045910,0.000000,1.052875,0.053379,0.002009,0.001229,0.001129,0.000610,0.000880,0.000666,0.000877,0.000113,0.000682,0.000000,0.053501,80
oracle_mechanism_repair,occluded_push_recovery,contact_mode_flip,combined_stress,0.912500,0.812486,0.063045,0.051880,0.032087,0.154969,0.026989,0.081844,0.003952,0.051479,0.000091,0.976623,0.062311,0.002388,0.001070,0.001125,0.000681,0.000868,0.000667,0.000861,0.000819,0.001106,0.000178,0.062351,80
oracle_mechanism_repair,occluded_push_recovery,contact_mode_flip,hidden_mechanism,0.950000,0.835915,0.051034,0.035437,0.023740,0.151579,0.019525,0.065848,0.000014,0.041595,0.000000,1.065496,0.048061,0.002187,0.001087,0.001004,0.000723,0.000858,0.000657,0.000850,0.000028,0.000643,0.000000,0.047930,80
oracle_mechanism_repair,occluded_push_recovery,contact_mode_flip,in_distribution,0.925000,0.847338,0.042670,0.027307,0.020813,0.150632,0.015693,0.059648,0.000003,0.037897,0.000000,1.065089,0.058082,0.002285,0.001194,0.001179,0.000673,0.000911,0.000718,0.000807,0.000006,0.000666,0.000000,0.058401,80
oracle_mechanism_repair,occluded_push_recovery,contact_mode_flip,long_horizon,0.925000,0.841604,0.053587,0.044409,0.027326,0.150853,0.018656,0.066477,0.000203,0.040985,0.000000,1.029759,0.058082,0.002116,0.001244,0.001275,0.000624,0.000774,0.000658,0.000968,0.000197,0.000673,0.000000,0.057916,80
oracle_mechanism_repair,occluded_push_recovery,contact_mode_flip,sparse_observation,0.900000,0.815271,0.056949,0.040464,0.028361,0.155079,0.025714,0.077419,0.000937,0.048108,0.000000,0.986965,0.066155,0.002123,0.001089,0.001071,0.000574,0.000817,0.000608,0.000843,0.000402,0.000887,0.000000,0.066196,80
oracle_mechanism_repair,occluded_push_recovery,friction_shift,combined_stress,0.912500,0.829381,0.047604,0.043018,0.029858,0.151394,0.024670,0.075317,0.001550,0.047535,0.000034,1.010993,0.062311,0.002155,0.001151,0.001153,0.000613,0.000839,0.000720,0.000774,0.000550,0.000809,0.000060,0.062313,80
oracle_mechanism_repair,occluded_push_recovery,friction_shift,hidden_mechanism,0.912500,0.851474,0.034057,0.025611,0.020833,0.147794,0.016360,0.059761,0.000012,0.039530,0.000000,1.063686,0.062311,0.002373,0.001196,0.000904,0.000656,0.000911,0.000664,0.000823,0.000023,0.000597,0.000000,0.062791,80
oracle_mechanism_repair,occluded_push_recovery,friction_shift,in_distribution,0.912500,0.863608,0.025913,0.017562,0.016561,0.147427,0.013062,0.052787,0.000000,0.036215,0.000000,1.089361,0.062311,0.002151,0.001144,0.001249,0.000620,0.000905,0.000634,0.000846,0.000000,0.000757,0.000000,0.062257,80
oracle_mechanism_repair,occluded_push_recovery,friction_shift,long_horizon,0.950000,0.856527,0.035212,0.035991,0.023643,0.148268,0.017233,0.060274,0.000018,0.038887,0.000000,1.090075,0.048061,0.002237,0.001045,0.001254,0.000622,0.000933,0.000631,0.000937,0.000034,0.000646,0.000000,0.048285,80
oracle_mechanism_repair,occluded_push_recovery,friction_shift,sparse_observation,0.912500,0.831147,0.038599,0.030759,0.024661,0.151232,0.023242,0.072931,0.000074,0.044653,0.000000,1.037138,0.062311,0.002067,0.001143,0.000943,0.000679,0.000998,0.000681,0.000820,0.000105,0.000736,0.000000,0.062601,80
oracle_mechanism_repair,occluded_push_recovery,nominal,combined_stress,0.875000,0.838241,0.036088,0.036408,0.025636,0.148088,0.023566,0.069994,0.000114,0.045128,0.000000,1.000261,0.072929,0.002174,0.001003,0.001072,0.000738,0.000988,0.000594,0.000821,0.000113,0.000541,0.000000,0.072995,80
oracle_mechanism_repair,occluded_push_recovery,nominal,hidden_mechanism,0.887500,0.857698,0.022357,0.019214,0.016969,0.145317,0.015436,0.055321,0.000000,0.038858,0.000000,1.062751,0.069679,0.002050,0.000987,0.000971,0.000630,0.000823,0.000601,0.000781,0.000000,0.000629,0.000000,0.069515,80
oracle_mechanism_repair,occluded_push_recovery,nominal,in_distribution,0.937500,0.869828,0.014272,0.011681,0.014056,0.143809,0.012142,0.048153,0.000000,0.035247,0.000000,1.136912,0.053379,0.002392,0.001091,0.001027,0.000647,0.001000,0.000674,0.000732,0.000000,0.000677,0.000000,0.053399,80
oracle_mechanism_repair,occluded_push_recovery,nominal,long_horizon,0.912500,0.862515,0.024690,0.030330,0.019362,0.145287,0.014748,0.056016,0.000006,0.038034,0.000000,1.076296,0.062311,0.002102,0.000984,0.001054,0.000679,0.000915,0.000720,0.000915,0.000011,0.000695,0.000000,0.062066,80
oracle_mechanism_repair,occluded_push_recovery,nominal,sparse_observation,0.912500,0.838031,0.028319,0.025742,0.021211,0.147875,0.021553,0.067125,0.000000,0.043748,0.000000,1.059600,0.062311,0.002144,0.001106,0.001276,0.000640,0.000805,0.000674,0.000942,0.000000,0.000695,0.000000,0.062261,80
oracle_mechanism_repair,occluded_push_recovery,occlusion_persistence,combined_stress,0.962500,0.814701,0.057962,0.049585,0.030894,0.153540,0.028065,0.080665,0.002127,0.050401,0.000075,1.036347,0.041895,0.002233,0.001173,0.001089,0.000832,0.000792,0.000623,0.000815,0.000643,0.000936,0.000147,0.041932,80
oracle_mechanism_repair,occluded_push_recovery,occlusion_persistence,hidden_mechanism,0.962500,0.817766,0.044275,0.032368,0.023215,0.152101,0.024865,0.075001,0.000000,0.046219,0.000000,1.076126,0.041895,0.001932,0.000924,0.001157,0.000684,0.000912,0.000673,0.000921,0.000000,0.000637,0.000000,0.041865,80
oracle_mechanism_repair,occluded_push_recovery,occlusion_persistence,in_distribution,0.887500,0.832156,0.035908,0.025240,0.019335,0.150540,0.020848,0.067424,0.000000,0.043327,0.000000,1.027504,0.069679,0.002165,0.000997,0.001116,0.000636,0.000841,0.000641,0.000773,0.000000,0.000806,0.000000,0.069622,80
oracle_mechanism_repair,occluded_push_recovery,occlusion_persistence,long_horizon,0.912500,0.825031,0.046967,0.043341,0.025515,0.152994,0.024597,0.074922,0.000091,0.045283,0.000000,1.014982,0.062311,0.002234,0.001061,0.001031,0.000549,0.000943,0.000607,0.000777,0.000088,0.000630,0.000000,0.062174,80
oracle_mechanism_repair,occluded_push_recovery,occlusion_persistence,sparse_observation,0.937500,0.814156,0.049460,0.037643,0.026335,0.153961,0.027548,0.078330,0.000273,0.047656,0.000000,1.034893,0.053379,0.002319,0.001075,0.001159,0.000566,0.000764,0.000688,0.000987,0.000232,0.000633,0.000000,0.053561,80
oracle_mechanism_repair,occluded_push_recovery,payload_shift,combined_stress,0.937500,0.820525,0.057763,0.048195,0.031808,0.153608,0.026284,0.079826,0.003557,0.050020,0.000024,1.013828,0.053379,0.002270,0.001176,0.001116,0.000600,0.000815,0.000729,0.000920,0.000657,0.000956,0.000031,0.053115,80
oracle_mechanism_repair,occluded_push_recovery,payload_shift,hidden_mechanism,0.925000,0.845049,0.047554,0.031860,0.025683,0.151024,0.018170,0.064195,0.000192,0.040258,0.000000,1.048668,0.058082,0.002072,0.001108,0.001203,0.000676,0.000913,0.000578,0.000841,0.000162,0.000706,0.000000,0.058138,80
oracle_mechanism_repair,occluded_push_recovery,payload_shift,in_distribution,0.875000,0.855944,0.040478,0.024557,0.022311,0.149675,0.014759,0.057532,0.000033,0.037265,0.000000,1.021800,0.072929,0.002302,0.001107,0.001240,0.000626,0.000794,0.000583,0.000817,0.000058,0.000657,0.000000,0.072932,80
oracle_mechanism_repair,occluded_push_recovery,payload_shift,long_horizon,0.987500,0.850025,0.050392,0.043011,0.028268,0.151133,0.017505,0.064923,0.000692,0.040558,0.000000,1.098698,0.024500,0.002086,0.001052,0.001113,0.000720,0.000804,0.000738,0.000764,0.000384,0.000856,0.000000,0.024365,80
oracle_mechanism_repair,occluded_push_recovery,payload_shift,sparse_observation,0.912500,0.824457,0.051956,0.037089,0.029986,0.153702,0.025240,0.076364,0.001421,0.047660,0.000000,1.008679,0.062311,0.002105,0.001042,0.001083,0.000573,0.000968,0.000657,0.000872,0.000489,0.000795,0.000000,0.062430,80
oracle_mechanism_repair,payload_handover,actuator_lag,combined_stress,0.950000,0.825468,0.053687,0.044864,0.031614,0.153078,0.025968,0.077903,0.003119,0.049515,0.000000,1.035557,0.048061,0.002438,0.001087,0.001068,0.000619,0.000965,0.000658,0.000847,0.000670,0.001031,0.000000,0.047919,80
oracle_mechanism_repair,payload_handover,actuator_lag,hidden_mechanism,0.987500,0.847615,0.040953,0.029230,0.025174,0.150359,0.017818,0.062889,0.000027,0.040235,0.000000,1.121455,0.024500,0.002067,0.001154,0.001085,0.000656,0.000883,0.000617,0.000838,0.000033,0.000712,0.000000,0.024494,80
oracle_mechanism_repair,payload_handover,actuator_lag,in_distribution,0.925000,0.859414,0.034078,0.020501,0.021970,0.148763,0.014605,0.056481,0.000000,0.036963,0.000000,1.082978,0.058082,0.002468,0.000994,0.001186,0.000600,0.000963,0.000612,0.000810,0.000000,0.000726,0.000000,0.057822,80
oracle_mechanism_repair,payload_handover,actuator_lag,long_horizon,0.950000,0.850804,0.044342,0.038410,0.027381,0.150454,0.018182,0.063336,0.000419,0.039640,0.000000,1.071879,0.048061,0.002219,0.001102,0.001295,0.000594,0.000865,0.000676,0.000852,0.000286,0.000746,0.000000,0.048093,80
oracle_mechanism_repair,payload_handover,actuator_lag,sparse_observation,0.937500,0.828596,0.046945,0.033434,0.028520,0.153091,0.024969,0.075301,0.000659,0.046931,0.000000,1.045116,0.053379,0.002057,0.001063,0.000957,0.000644,0.001065,0.000546,0.000935,0.000255,0.000712,0.000000,0.053667,80
oracle_mechanism_repair,payload_handover,combined_hidden_mechanisms,combined_stress,0.975000,0.809982,0.069071,0.056111,0.033605,0.158240,0.029548,0.084613,0.004928,0.052982,0.000163,1.024292,0.034428,0.002280,0.001003,0.001324,0.000687,0.000768,0.000660,0.000851,0.000742,0.001068,0.000198,0.034438,80
oracle_mechanism_repair,payload_handover,combined_hidden_mechanisms,hidden_mechanism,0.962500,0.819015,0.066107,0.042557,0.032080,0.157106,0.025310,0.078230,0.003164,0.048344,0.000029,1.034798,0.041895,0.002389,0.001088,0.001198,0.000499,0.000869,0.000674,0.000730,0.000705,0.000851,0.000040,0.041939,80
oracle_mechanism_repair,payload_handover,combined_hidden_mechanisms,in_distribution,0.950000,0.828547,0.058142,0.034996,0.028762,0.155224,0.021096,0.070474,0.000745,0.043635,0.000000,1.048188,0.048061,0.002499,0.001140,0.001154,0.000667,0.000848,0.000723,0.000823,0.000351,0.000681,0.000000,0.048244,80
oracle_mechanism_repair,payload_handover,combined_hidden_mechanisms,long_horizon,0.962500,0.820071,0.067060,0.052879,0.032728,0.156949,0.025378,0.078142,0.004193,0.049177,0.000099,1.024918,0.041895,0.002266,0.001004,0.001097,0.000683,0.000881,0.000727,0.000783,0.000705,0.000968,0.000111,0.041588,80
oracle_mechanism_repair,payload_handover,combined_hidden_mechanisms,sparse_observation,0.925000,0.808890,0.068306,0.047549,0.033073,0.158174,0.028261,0.083442,0.004152,0.052505,0.000027,0.983308,0.058082,0.002164,0.000932,0.001160,0.000619,0.000889,0.000701,0.000891,0.000683,0.000884,0.000038,0.058324,80
oracle_mechanism_repair,payload_handover,compliance_shift,combined_stress,0.925000,0.829601,0.050694,0.042997,0.031106,0.152796,0.025289,0.076657,0.002609,0.048477,0.000001,1.017731,0.058082,0.002054,0.001142,0.001028,0.000585,0.000913,0.000776,0.000918,0.000690,0.001035,0.000002,0.058224,80
oracle_mechanism_repair,payload_handover,compliance_shift,hidden_mechanism,0.937500,0.852324,0.036013,0.026608,0.022562,0.149958,0.017009,0.061057,0.000015,0.039056,0.000000,1.083321,0.053379,0.002065,0.000927,0.001017,0.000565,0.000725,0.000720,0.000961,0.000030,0.000681,0.000000,0.053517,80
oracle_mechanism_repair,payload_handover,compliance_shift,in_distribution,0.950000,0.862976,0.027471,0.018551,0.018494,0.148126,0.013437,0.054223,0.000000,0.036680,0.000000,1.121711,0.048061,0.001971,0.001082,0.000987,0.000661,0.000874,0.000664,0.000906,0.000000,0.000719,0.000000,0.048062,80
oracle_mechanism_repair,payload_handover,compliance_shift,long_horizon,0.900000,0.853431,0.038043,0.036326,0.024228,0.149002,0.016995,0.060963,0.000075,0.039573,0.000000,1.035275,0.066155,0.002035,0.001141,0.001108,0.000627,0.000933,0.000699,0.000786,0.000109,0.000634,0.000000,0.066202,80
oracle_mechanism_repair,payload_handover,compliance_shift,sparse_observation,0.937500,0.830699,0.041389,0.031693,0.026329,0.152727,0.024547,0.073320,0.000271,0.045239,0.000000,1.055582,0.053379,0.002037,0.001114,0.001119,0.000667,0.000826,0.000700,0.000854,0.000264,0.000636,0.000000,0.053726,80
oracle_mechanism_repair,payload_handover,contact_mode_flip,combined_stress,0.950000,0.817757,0.061688,0.050182,0.031747,0.155219,0.027510,0.081680,0.003244,0.051084,0.000039,1.018975,0.048061,0.001972,0.001084,0.001140,0.000640,0.000813,0.000665,0.000817,0.000715,0.000913,0.000056,0.047931,80
oracle_mechanism_repair,payload_handover,contact_mode_flip,hidden_mechanism,0.925000,0.837731,0.045817,0.033182,0.024067,0.152615,0.019285,0.065406,0.000076,0.040910,0.000000,1.047195,0.058082,0.002285,0.001025,0.001050,0.000562,0.000874,0.000796,0.000946,0.000100,0.000576,0.000000,0.058304,80
oracle_mechanism_repair,payload_handover,contact_mode_flip,in_distribution,0.825000,0.851726,0.039719,0.026037,0.020219,0.150452,0.015583,0.058613,0.000000,0.037933,0.000000,0.971234,0.083789,0.002257,0.001178,0.001114,0.000684,0.000846,0.000676,0.000895,0.000000,0.000656,0.000000,0.083613,80
oracle_mechanism_repair,payload_handover,contact_mode_flip,long_horizon,0.950000,0.844224,0.049694,0.042683,0.027082,0.151309,0.019803,0.065956,0.000265,0.040778,0.000000,1.060143,0.048061,0.002173,0.001089,0.001000,0.000711,0.000925,0.000590,0.000774,0.000179,0.000709,0.000000,0.047905,80
oracle_mechanism_repair,payload_handover,contact_mode_flip,sparse_observation,0.925000,0.819206,0.054056,0.039075,0.027678,0.154339,0.026561,0.078392,0.000922,0.047767,0.000000,1.017345,0.058082,0.002530,0.000963,0.001146,0.000594,0.000855,0.000649,0.000688,0.000341,0.000682,0.000000,0.057889,80
oracle_mechanism_repair,payload_handover,friction_shift,combined_stress,0.937500,0.833565,0.045220,0.041735,0.029605,0.151840,0.024269,0.074765,0.001155,0.047125,0.000000,1.041321,0.053379,0.002182,0.001010,0.001149,0.000649,0.000865,0.000660,0.001040,0.000450,0.000790,0.000000,0.053563,80
oracle_mechanism_repair,payload_handover,friction_shift,hidden_mechanism,0.937500,0.854925,0.028957,0.024323,0.020993,0.148141,0.017225,0.058640,0.000000,0.039455,0.000000,1.095047,0.053379,0.001997,0.001113,0.001137,0.000713,0.000825,0.000655,0.000802,0.000000,0.000705,0.000000,0.053560,80
oracle_mechanism_repair,payload_handover,friction_shift,in_distribution,0.962500,0.867258,0.023169,0.015411,0.017312,0.147683,0.012838,0.052431,0.000000,0.036287,0.000000,1.144131,0.041895,0.002250,0.001057,0.000893,0.000607,0.000824,0.000689,0.000882,0.000000,0.000661,0.000000,0.041986,80
oracle_mechanism_repair,payload_handover,friction_shift,long_horizon,0.925000,0.856953,0.032832,0.034579,0.023322,0.148684,0.016436,0.059687,0.000000,0.038789,0.000000,1.069280,0.058082,0.002136,0.000952,0.001127,0.000681,0.000989,0.000591,0.000838,0.000000,0.000699,0.000000,0.057851,80
oracle_mechanism_repair,payload_handover,friction_shift,sparse_observation,0.962500,0.831997,0.036051,0.029799,0.024737,0.151602,0.024306,0.071501,0.000129,0.045539,0.000000,1.090006,0.041895,0.002221,0.001168,0.001102,0.000699,0.000824,0.000652,0.000883,0.000117,0.000820,0.000000,0.041928,80
oracle_mechanism_repair,payload_handover,nominal,combined_stress,0.975000,0.841242,0.033542,0.033760,0.026077,0.149000,0.022967,0.070052,0.000243,0.045045,0.000000,1.105182,0.034428,0.002184,0.001085,0.001153,0.000692,0.000919,0.000581,0.000873,0.000209,0.000672,0.000000,0.034288,80
oracle_mechanism_repair,payload_handover,nominal,hidden_mechanism,0.912500,0.860595,0.018484,0.017447,0.017082,0.145215,0.014322,0.055195,0.000000,0.038562,0.000000,1.094214,0.062311,0.002422,0.001095,0.001228,0.000681,0.000728,0.000707,0.000866,0.000000,0.000687,0.000000,0.062372,80
oracle_mechanism_repair,payload_handover,nominal,in_distribution,0.887500,0.872073,0.010814,0.009376,0.013446,0.143546,0.011604,0.049116,0.000000,0.035485,0.000000,1.093471,0.069679,0.002214,0.001162,0.001096,0.000667,0.000812,0.000581,0.000846,0.000000,0.000707,0.000000,0.069436,80
oracle_mechanism_repair,payload_handover,nominal,long_horizon,0.937500,0.866862,0.021036,0.027215,0.019461,0.145470,0.014412,0.055703,0.000000,0.037725,0.000000,1.108655,0.053379,0.002199,0.001180,0.000914,0.000675,0.000935,0.000685,0.000786,0.000000,0.000665,0.000000,0.053299,80
oracle_mechanism_repair,payload_handover,nominal,sparse_observation,0.900000,0.839932,0.025400,0.021968,0.020693,0.147792,0.021938,0.067289,0.000002,0.044246,0.000000,1.053704,0.066155,0.002315,0.001057,0.000895,0.000609,0.000845,0.000614,0.000945,0.000003,0.000731,0.000000,0.066113,80
oracle_mechanism_repair,payload_handover,occlusion_persistence,combined_stress,0.962500,0.817525,0.055068,0.046696,0.030875,0.154283,0.027639,0.080535,0.002489,0.050292,0.000030,1.042044,0.041895,0.002060,0.001216,0.001101,0.000573,0.000932,0.000610,0.000788,0.000609,0.000923,0.000059,0.042019,80
oracle_mechanism_repair,payload_handover,occlusion_persistence,hidden_mechanism,0.887500,0.823316,0.040539,0.030299,0.023528,0.153505,0.025023,0.074653,0.000000,0.046354,0.000000,1.007299,0.069679,0.002044,0.001104,0.001061,0.000706,0.000906,0.000683,0.000811,0.000000,0.000651,0.000000,0.069995,80
oracle_mechanism_repair,payload_handover,occlusion_persistence,in_distribution,0.900000,0.833310,0.033457,0.022775,0.019460,0.152076,0.020882,0.067363,0.000000,0.042031,0.000000,1.043975,0.066155,0.001741,0.001120,0.001119,0.000600,0.000840,0.000748,0.000935,0.000000,0.000711,0.000000,0.066356,80
oracle_mechanism_repair,payload_handover,occlusion_persistence,long_horizon,0.950000,0.827139,0.043391,0.041130,0.025165,0.153134,0.025100,0.074275,0.000139,0.045845,0.000000,1.058364,0.048061,0.002249,0.001046,0.000965,0.000612,0.000841,0.000721,0.000801,0.000125,0.000677,0.000000,0.047932,80
oracle_mechanism_repair,payload_handover,occlusion_persistence,sparse_observation,0.962500,0.816736,0.047371,0.034976,0.026559,0.153853,0.026879,0.078771,0.000224,0.048575,0.000000,1.064873,0.041895,0.002105,0.001173,0.001141,0.000728,0.000910,0.000632,0.000745,0.000197,0.000718,0.000000,0.042336,80
oracle_mechanism_repair,payload_handover,payload_shift,combined_stress,0.912500,0.824976,0.056058,0.046127,0.032881,0.155105,0.026438,0.077579,0.003997,0.050796,0.000147,0.992033,0.062311,0.002020,0.001141,0.001134,0.000703,0.000861,0.000723,0.000780,0.000813,0.000993,0.000146,0.062177,80
oracle_mechanism_repair,payload_handover,payload_shift,hidden_mechanism,0.937500,0.846299,0.044778,0.029502,0.025880,0.151583,0.017645,0.062637,0.000223,0.039784,0.000000,1.066187,0.053379,0.002141,0.001007,0.001044,0.000654,0.000888,0.000663,0.000802,0.000165,0.000697,0.000000,0.053316,80
oracle_mechanism_repair,payload_handover,payload_shift,in_distribution,1.000000,0.859280,0.036676,0.022645,0.022259,0.149263,0.015225,0.056493,0.000016,0.036998,0.000000,1.153069,0.000000,0.002419,0.001043,0.001107,0.000555,0.000896,0.000673,0.000870,0.000032,0.000664,0.000000,0.001634,80
oracle_mechanism_repair,payload_handover,payload_shift,long_horizon,0.975000,0.853249,0.046186,0.040774,0.029033,0.151124,0.018110,0.063846,0.000667,0.040179,0.000000,1.092012,0.034428,0.002099,0.001084,0.000907,0.000681,0.000945,0.000629,0.000802,0.000319,0.000842,0.000000,0.034516,80
oracle_mechanism_repair,payload_handover,payload_shift,sparse_observation,0.937500,0.825721,0.050383,0.035480,0.029087,0.152990,0.025802,0.075700,0.001093,0.047454,0.000000,1.038008,0.053379,0.002007,0.001284,0.001123,0.000572,0.000968,0.000710,0.000819,0.000513,0.000944,0.000000,0.053901,80
oracle_mechanism_repair,peg_insert_with_lag,actuator_lag,combined_stress,0.887500,0.822414,0.055002,0.046586,0.031576,0.155855,0.026452,0.078041,0.003324,0.049999,0.000008,0.968251,0.069679,0.002080,0.001221,0.001113,0.000737,0.000800,0.000679,0.000985,0.000668,0.000989,0.000015,0.069956,80
oracle_mechanism_repair,peg_insert_with_lag,actuator_lag,hidden_mechanism,0.937500,0.844159,0.042859,0.029308,0.025092,0.153276,0.018095,0.063675,0.000133,0.040381,0.000000,1.067303,0.053379,0.002411,0.001267,0.001218,0.000745,0.001017,0.000613,0.000877,0.000138,0.000672,0.000000,0.053456,80
oracle_mechanism_repair,peg_insert_with_lag,actuator_lag,in_distribution,0.925000,0.857465,0.035375,0.022898,0.021836,0.151138,0.014759,0.057189,0.000000,0.037448,0.000000,1.078456,0.058082,0.002174,0.001036,0.001008,0.000619,0.000954,0.000628,0.000803,0.000000,0.000647,0.000000,0.058437,80
oracle_mechanism_repair,peg_insert_with_lag,actuator_lag,long_horizon,0.950000,0.848186,0.045403,0.041026,0.027177,0.152986,0.017911,0.063833,0.000379,0.039573,0.000019,1.067499,0.048061,0.002087,0.000939,0.001323,0.000618,0.000855,0.000575,0.000833,0.000260,0.000767,0.000038,0.048100,80
oracle_mechanism_repair,peg_insert_with_lag,actuator_lag,sparse_observation,0.900000,0.825646,0.049306,0.034086,0.029404,0.155660,0.025904,0.076536,0.001108,0.047500,0.000000,1.001194,0.066155,0.002085,0.000979,0.001068,0.000556,0.000937,0.000699,0.000867,0.000413,0.000868,0.000000,0.066111,80
oracle_mechanism_repair,peg_insert_with_lag,combined_hidden_mechanisms,combined_stress,0.950000,0.804520,0.070233,0.056385,0.033533,0.159943,0.029568,0.085994,0.004957,0.053988,0.000168,0.995412,0.048061,0.002078,0.001103,0.001170,0.000592,0.000743,0.000623,0.000873,0.000747,0.000970,0.000147,0.048303,80
oracle_mechanism_repair,peg_insert_with_lag,combined_hidden_mechanisms,hidden_mechanism,0.975000,0.813947,0.066811,0.043664,0.031707,0.159366,0.025188,0.078154,0.004150,0.049130,0.000011,1.043227,0.034428,0.002025,0.001015,0.001094,0.000670,0.000858,0.000682,0.000958,0.000667,0.000931,0.000021,0.034305,80
oracle_mechanism_repair,peg_insert_with_lag,combined_hidden_mechanisms,in_distribution,0.912500,0.823525,0.059267,0.036783,0.028442,0.158142,0.022155,0.070592,0.001177,0.043574,0.000000,1.005139,0.062311,0.002253,0.001057,0.001148,0.000567,0.000812,0.000634,0.000859,0.000500,0.000859,0.000000,0.062091,80
oracle_mechanism_repair,peg_insert_with_lag,combined_hidden_mechanisms,long_horizon,0.925000,0.817004,0.068436,0.054606,0.033112,0.158487,0.025694,0.078334,0.004471,0.049445,0.000068,0.982511,0.058082,0.002294,0.001055,0.001132,0.000617,0.000849,0.000634,0.000925,0.000785,0.001057,0.000087,0.057859,80
oracle_mechanism_repair,peg_insert_with_lag,combined_hidden_mechanisms,sparse_observation,0.962500,0.806068,0.068451,0.046475,0.033394,0.160253,0.028438,0.084338,0.005121,0.053490,0.000328,1.018696,0.041895,0.002086,0.001046,0.001064,0.000697,0.000898,0.000592,0.000765,0.000934,0.001087,0.000293,0.041975,80
oracle_mechanism_repair,peg_insert_with_lag,compliance_shift,combined_stress,0.900000,0.827362,0.050373,0.043636,0.030706,0.154397,0.024848,0.076921,0.001784,0.047921,0.000000,0.992420,0.066155,0.002013,0.001113,0.001129,0.000667,0.000746,0.000557,0.000928,0.000529,0.000839,0.000000,0.066066,80
oracle_mechanism_repair,peg_insert_with_lag,compliance_shift,hidden_mechanism,0.975000,0.848108,0.037212,0.028284,0.022195,0.152027,0.017159,0.062103,0.000022,0.039507,0.000000,1.116446,0.034428,0.002025,0.001083,0.001177,0.000673,0.000802,0.000728,0.000783,0.000034,0.000703,0.000000,0.034186,80
oracle_mechanism_repair,peg_insert_with_lag,compliance_shift,in_distribution,0.875000,0.858212,0.030326,0.020396,0.019117,0.150504,0.013855,0.055193,0.000000,0.036572,0.000000,1.039240,0.072929,0.002281,0.001088,0.001034,0.000620,0.000786,0.000643,0.000963,0.000000,0.000667,0.000000,0.073003,80
oracle_mechanism_repair,peg_insert_with_lag,compliance_shift,long_horizon,0.912500,0.850934,0.039876,0.037747,0.024927,0.151720,0.016884,0.061912,0.000052,0.038970,0.000000,1.042467,0.062311,0.002026,0.001149,0.001161,0.000583,0.000854,0.000691,0.000832,0.000075,0.000737,0.000000,0.062341,80
oracle_mechanism_repair,peg_insert_with_lag,compliance_shift,sparse_observation,0.925000,0.825234,0.043634,0.033146,0.026733,0.154795,0.023903,0.072971,0.000321,0.045978,0.000000,1.037367,0.058082,0.002398,0.001277,0.001193,0.000658,0.000883,0.000572,0.000777,0.000201,0.000727,0.000000,0.058351,80
oracle_mechanism_repair,peg_insert_with_lag,contact_mode_flip,combined_stress,0.912500,0.811075,0.063050,0.051655,0.032317,0.156781,0.027344,0.080890,0.003747,0.051805,0.000078,0.975660,0.062311,0.002503,0.001157,0.001072,0.000644,0.000915,0.000660,0.000907,0.000787,0.001062,0.000102,0.062032,80
oracle_mechanism_repair,peg_insert_with_lag,contact_mode_flip,hidden_mechanism,0.912500,0.834919,0.048987,0.033912,0.025027,0.154710,0.019637,0.066692,0.000161,0.042075,0.000000,1.028116,0.062311,0.002299,0.001084,0.001072,0.000657,0.000877,0.000736,0.001002,0.000164,0.000769,0.000000,0.061877,80
oracle_mechanism_repair,peg_insert_with_lag,contact_mode_flip,in_distribution,0.862500,0.846502,0.041692,0.026333,0.020954,0.152156,0.016347,0.059033,0.000000,0.038441,0.000000,1.003132,0.075940,0.002280,0.001187,0.001221,0.000678,0.000894,0.000584,0.000894,0.000000,0.000768,0.000000,0.076152,80
oracle_mechanism_repair,peg_insert_with_lag,contact_mode_flip,long_horizon,0.887500,0.838438,0.052060,0.046135,0.027135,0.153955,0.018731,0.066274,0.000364,0.041100,0.000000,0.990408,0.069679,0.002134,0.001228,0.001111,0.000732,0.000892,0.000614,0.000924,0.000191,0.000716,0.000000,0.069835,80
oracle_mechanism_repair,peg_insert_with_lag,contact_mode_flip,sparse_observation,0.925000,0.815470,0.054538,0.039989,0.028564,0.157111,0.026592,0.078948,0.000873,0.048125,0.000000,1.013060,0.058082,0.002125,0.001031,0.001070,0.000617,0.000922,0.000658,0.000862,0.000337,0.000717,0.000000,0.057987,80
oracle_mechanism_repair,peg_insert_with_lag,friction_shift,combined_stress,0.950000,0.827601,0.047393,0.041749,0.029697,0.154189,0.024912,0.075728,0.001504,0.047416,0.000000,1.048219,0.048061,0.002225,0.001092,0.001208,0.000564,0.000912,0.000602,0.000880,0.000475,0.000921,0.000000,0.048024,80
oracle_mechanism_repair,peg_insert_with_lag,friction_shift,hidden_mechanism,0.925000,0.852031,0.032323,0.025239,0.021044,0.151254,0.017499,0.060085,0.000000,0.039394,0.000000,1.076328,0.058082,0.002106,0.001054,0.001207,0.000608,0.000826,0.000585,0.000910,0.000000,0.000610,0.000000,0.058276,80
oracle_mechanism_repair,peg_insert_with_lag,friction_shift,in_distribution,0.950000,0.862238,0.025688,0.017279,0.017282,0.149338,0.013104,0.053251,0.000000,0.035955,0.000000,1.125377,0.048061,0.001925,0.000959,0.000976,0.000593,0.000935,0.000650,0.000916,0.000000,0.000667,0.000000,0.048376,80
oracle_mechanism_repair,peg_insert_with_lag,friction_shift,long_horizon,0.950000,0.854361,0.034960,0.034524,0.023008,0.150216,0.016730,0.060451,0.000027,0.038744,0.000000,1.091025,0.048061,0.002255,0.001011,0.001085,0.000638,0.000964,0.000600,0.000919,0.000032,0.000646,0.000000,0.048135,80
oracle_mechanism_repair,peg_insert_with_lag,friction_shift,sparse_observation,0.937500,0.828921,0.038292,0.029546,0.025099,0.152757,0.024409,0.071407,0.000130,0.045880,0.000000,1.061332,0.053379,0.002115,0.001130,0.001160,0.000708,0.000922,0.000732,0.000861,0.000202,0.000674,0.000000,0.053278,80
oracle_mechanism_repair,peg_insert_with_lag,nominal,combined_stress,0.900000,0.835958,0.035230,0.034492,0.025446,0.150735,0.022970,0.071169,0.000029,0.045028,0.000000,1.026315,0.066155,0.002232,0.001104,0.000966,0.000618,0.000876,0.000684,0.001016,0.000038,0.000628,0.000000,0.066410,80
oracle_mechanism_repair,peg_insert_with_lag,nominal,hidden_mechanism,0.925000,0.857895,0.020526,0.017950,0.017600,0.147909,0.014844,0.055328,0.000000,0.038616,0.000000,1.101865,0.058082,0.002138,0.001305,0.000889,0.000578,0.000838,0.000644,0.000822,0.000000,0.000661,0.000000,0.058151,80
oracle_mechanism_repair,peg_insert_with_lag,nominal,in_distribution,0.887500,0.869696,0.012843,0.011670,0.013890,0.146864,0.011590,0.048942,0.000000,0.035243,0.000000,1.087588,0.069679,0.002101,0.000989,0.000944,0.000541,0.000922,0.000650,0.001038,0.000000,0.000659,0.000000,0.069564,80
oracle_mechanism_repair,peg_insert_with_lag,nominal,long_horizon,0.937500,0.863487,0.022747,0.029366,0.019967,0.147047,0.014408,0.056727,0.000000,0.037593,0.000000,1.103048,0.053379,0.002354,0.001053,0.001079,0.000568,0.000947,0.000668,0.000872,0.000000,0.000545,0.000000,0.053293,80
oracle_mechanism_repair,peg_insert_with_lag,nominal,sparse_observation,0.912500,0.836216,0.026366,0.024804,0.020910,0.151285,0.021808,0.068627,0.000000,0.044139,0.000000,1.060367,0.062311,0.001891,0.001203,0.001089,0.000703,0.000812,0.000600,0.000806,0.000000,0.000721,0.000000,0.062333,80
oracle_mechanism_repair,peg_insert_with_lag,occlusion_persistence,combined_stress,0.875000,0.812582,0.056660,0.047080,0.031159,0.156343,0.028033,0.081190,0.002124,0.049791,0.000000,0.950074,0.072929,0.002307,0.001193,0.001141,0.000625,0.001074,0.000607,0.000916,0.000538,0.000746,0.000000,0.072926,80
oracle_mechanism_repair,peg_insert_with_lag,occlusion_persistence,hidden_mechanism,0.937500,0.819090,0.042249,0.032299,0.023040,0.154944,0.025035,0.075499,0.000018,0.046329,0.000000,1.052623,0.053379,0.002447,0.001156,0.001093,0.000511,0.000919,0.000589,0.000954,0.000036,0.000667,0.000000,0.053505,80
oracle_mechanism_repair,peg_insert_with_lag,occlusion_persistence,in_distribution,0.937500,0.829501,0.035950,0.024145,0.019082,0.153825,0.020939,0.069039,0.000000,0.042609,0.000000,1.076326,0.053379,0.002170,0.001134,0.001184,0.000656,0.000891,0.000605,0.000930,0.000000,0.000595,0.000000,0.053344,80
oracle_mechanism_repair,peg_insert_with_lag,occlusion_persistence,long_horizon,0.850000,0.822061,0.044661,0.042832,0.025588,0.154811,0.024802,0.076015,0.000060,0.045550,0.000000,0.953059,0.078740,0.001985,0.001064,0.001144,0.000680,0.000972,0.000700,0.000880,0.000063,0.000733,0.000000,0.078910,80
oracle_mechanism_repair,peg_insert_with_lag,occlusion_persistence,sparse_observation,0.875000,0.813255,0.047314,0.037000,0.026529,0.156291,0.027216,0.079624,0.000330,0.047941,0.000002,0.973543,0.072929,0.001970,0.001229,0.001037,0.000547,0.000918,0.000696,0.001031,0.000242,0.000822,0.000005,0.072861,80
oracle_mechanism_repair,peg_insert_with_lag,payload_shift,combined_stress,0.875000,0.821384,0.058597,0.047402,0.032502,0.155710,0.026520,0.079483,0.003376,0.050223,0.000000,0.950170,0.072929,0.002182,0.001175,0.001151,0.000570,0.000911,0.000684,0.000902,0.000679,0.000999,0.000000,0.072883,80
oracle_mechanism_repair,peg_insert_with_lag,payload_shift,hidden_mechanism,0.937500,0.843641,0.045122,0.030313,0.025977,0.153284,0.018055,0.064717,0.000174,0.040205,0.000000,1.063117,0.053379,0.002493,0.001148,0.001092,0.000600,0.000874,0.000644,0.000856,0.000125,0.000620,0.000000,0.053528,80
oracle_mechanism_repair,peg_insert_with_lag,payload_shift,in_distribution,0.837500,0.857712,0.037674,0.023939,0.022657,0.152400,0.014297,0.057518,0.000000,0.036686,0.000000,0.987056,0.081351,0.002390,0.001276,0.001038,0.000696,0.000903,0.000687,0.000919,0.000000,0.000739,0.000000,0.081946,80
oracle_mechanism_repair,peg_insert_with_lag,payload_shift,long_horizon,0.912500,0.848252,0.049087,0.041342,0.028287,0.152687,0.018184,0.064469,0.000540,0.040241,0.000000,1.024933,0.062311,0.002576,0.001041,0.001047,0.000633,0.000883,0.000688,0.000877,0.000262,0.000707,0.000000,0.062671,80
oracle_mechanism_repair,peg_insert_with_lag,payload_shift,sparse_observation,0.962500,0.821980,0.051268,0.036019,0.029456,0.156363,0.025712,0.076038,0.001778,0.047806,0.000000,1.058644,0.041895,0.001983,0.001196,0.001014,0.000608,0.000812,0.000658,0.000894,0.000562,0.000884,0.000000,0.042057,80
pets_latent_mpc,cluttered_navigation_grasp,actuator_lag,combined_stress,0.625000,0.495107,0.204519,0.191507,0.083335,0.243150,0.094427,0.115937,0.168266,0.194079,0.178923,0.113489,0.106757,0.002107,0.001105,0.001043,0.000643,0.001032,0.000788,0.000994,0.000685,0.001046,0.000944,0.107014,80
pets_latent_mpc,cluttered_navigation_grasp,actuator_lag,hidden_mechanism,0.612500,0.519332,0.182400,0.166627,0.074108,0.235682,0.082512,0.096061,0.150520,0.168989,0.159454,0.182676,0.107431,0.002113,0.000996,0.001025,0.000623,0.000877,0.000622,0.000896,0.000936,0.001191,0.001127,0.107251,80
pets_latent_mpc,cluttered_navigation_grasp,actuator_lag,in_distribution,0.600000,0.534041,0.169997,0.155600,0.069149,0.230954,0.076069,0.086896,0.142592,0.157438,0.150115,0.212200,0.108031,0.002547,0.001197,0.001168,0.000613,0.000903,0.000615,0.000970,0.000832,0.001115,0.001019,0.108494,80
pets_latent_mpc,cluttered_navigation_grasp,actuator_lag,long_horizon,0.650000,0.523715,0.186926,0.179375,0.077050,0.234646,0.083395,0.098007,0.155906,0.173763,0.165340,0.200468,0.105180,0.002177,0.001100,0.001016,0.000720,0.000936,0.000623,0.000925,0.000935,0.001137,0.001221,0.105317,80
pets_latent_mpc,cluttered_navigation_grasp,actuator_lag,sparse_observation,0.662500,0.498540,0.193206,0.178538,0.079332,0.242223,0.091314,0.111514,0.161411,0.186008,0.171727,0.184114,0.104273,0.002078,0.001047,0.001201,0.000635,0.000848,0.000676,0.000873,0.000810,0.000995,0.000984,0.104318,80
pets_latent_mpc,cluttered_navigation_grasp,combined_hidden_mechanisms,combined_stress,0.537500,0.438485,0.225824,0.209819,0.087731,0.253555,0.101707,0.127427,0.179121,0.207163,0.191197,-0.048060,0.109948,0.002236,0.001192,0.001121,0.000634,0.000833,0.000687,0.000871,0.000902,0.001160,0.001244,0.109785,80
pets_latent_mpc,cluttered_navigation_grasp,combined_hidden_mechanisms,hidden_mechanism,0.612500,0.447706,0.219062,0.192581,0.084543,0.250692,0.096015,0.117503,0.173049,0.198320,0.184263,0.062893,0.107431,0.002196,0.001110,0.000997,0.000670,0.000795,0.000668,0.000855,0.000797,0.001140,0.000964,0.107852,80
pets_latent_mpc,cluttered_navigation_grasp,combined_hidden_mechanisms,in_distribution,0.600000,0.460488,0.208943,0.181976,0.079963,0.247708,0.090377,0.109074,0.165366,0.186742,0.175855,0.087669,0.108031,0.002213,0.001105,0.001125,0.000575,0.000869,0.000760,0.000836,0.000800,0.001014,0.001060,0.108061,80
pets_latent_mpc,cluttered_navigation_grasp,combined_hidden_mechanisms,long_horizon,0.475000,0.452251,0.221752,0.204071,0.086913,0.250641,0.096983,0.119106,0.176692,0.201766,0.187772,-0.090147,0.110121,0.002175,0.001020,0.001100,0.000602,0.000887,0.000621,0.000855,0.000831,0.001204,0.000959,0.109827,80
pets_latent_mpc,cluttered_navigation_grasp,combined_hidden_mechanisms,sparse_observation,0.462500,0.439137,0.222181,0.200022,0.086789,0.253869,0.099800,0.124433,0.176790,0.204979,0.188113,-0.107830,0.109948,0.002167,0.001075,0.001068,0.000553,0.000845,0.000652,0.000805,0.000949,0.001145,0.001083,0.110218,80
pets_latent_mpc,cluttered_navigation_grasp,compliance_shift,combined_stress,0.537500,0.509635,0.198677,0.188137,0.082108,0.240331,0.093205,0.111712,0.164866,0.189989,0.175536,0.044746,0.109948,0.002172,0.001238,0.001045,0.000701,0.000941,0.000633,0.000806,0.000845,0.000990,0.001044,0.110254,80
pets_latent_mpc,cluttered_navigation_grasp,compliance_shift,hidden_mechanism,0.687500,0.534843,0.173101,0.162512,0.070168,0.232264,0.079845,0.092905,0.145019,0.161938,0.153545,0.285470,0.102212,0.002348,0.001090,0.001100,0.000707,0.000858,0.000685,0.000895,0.000927,0.001097,0.001087,0.102518,80
pets_latent_mpc,cluttered_navigation_grasp,compliance_shift,in_distribution,0.675000,0.547467,0.160668,0.149514,0.065285,0.229168,0.073730,0.082924,0.136792,0.150591,0.144694,0.315458,0.103285,0.001834,0.001020,0.001101,0.000527,0.000843,0.000624,0.000866,0.000888,0.001120,0.001082,0.103118,80
pets_latent_mpc,cluttered_navigation_grasp,compliance_shift,long_horizon,0.650000,0.537394,0.178685,0.174868,0.073253,0.231754,0.080780,0.094349,0.150049,0.167550,0.159068,0.226963,0.105180,0.002133,0.001167,0.001075,0.000631,0.000831,0.000670,0.000844,0.000878,0.001132,0.001074,0.105393,80
pets_latent_mpc,cluttered_navigation_grasp,compliance_shift,sparse_observation,0.600000,0.512465,0.185564,0.171977,0.075761,0.239931,0.089104,0.107124,0.155375,0.179434,0.165252,0.148868,0.108031,0.002071,0.001086,0.001087,0.000627,0.000790,0.000616,0.000864,0.000798,0.001103,0.000918,0.107846,80
pets_latent_mpc,cluttered_navigation_grasp,contact_mode_flip,combined_stress,0.662500,0.478534,0.212850,0.200740,0.085201,0.246091,0.097391,0.120591,0.172578,0.199066,0.184023,0.122354,0.104273,0.001963,0.001065,0.001065,0.000580,0.000831,0.000617,0.000817,0.000939,0.001120,0.001163,0.104064,80
pets_latent_mpc,cluttered_navigation_grasp,contact_mode_flip,hidden_mechanism,0.675000,0.505369,0.190923,0.174809,0.073821,0.239300,0.084408,0.099224,0.153287,0.172540,0.162986,0.221994,0.103285,0.001900,0.001209,0.001062,0.000673,0.000829,0.000665,0.000880,0.000909,0.001185,0.001192,0.103210,80
pets_latent_mpc,cluttered_navigation_grasp,contact_mode_flip,in_distribution,0.575000,0.518182,0.178139,0.163681,0.069466,0.234698,0.078383,0.090011,0.144719,0.160853,0.152947,0.163326,0.109011,0.002199,0.001259,0.001138,0.000707,0.000890,0.000631,0.000873,0.000909,0.001067,0.001160,0.108549,80
pets_latent_mpc,cluttered_navigation_grasp,contact_mode_flip,long_horizon,0.537500,0.507367,0.196703,0.187398,0.077000,0.238403,0.086524,0.101566,0.158900,0.178064,0.168278,0.061764,0.109948,0.002083,0.001118,0.001098,0.000732,0.000820,0.000615,0.000951,0.001003,0.001291,0.001127,0.109743,80
pets_latent_mpc,cluttered_navigation_grasp,contact_mode_flip,sparse_observation,0.575000,0.483362,0.202150,0.184933,0.079364,0.246171,0.093983,0.115610,0.163946,0.189889,0.175073,0.073135,0.109011,0.001907,0.001015,0.001170,0.000622,0.000977,0.000562,0.000881,0.000916,0.001082,0.001083,0.109355,80
pets_latent_mpc,cluttered_navigation_grasp,friction_shift,combined_stress,0.625000,0.523110,0.190304,0.182217,0.079791,0.238520,0.091136,0.109253,0.160347,0.184628,0.170764,0.156625,0.106757,0.002342,0.001152,0.000955,0.000705,0.000870,0.000625,0.000976,0.000949,0.001226,0.001079,0.106474,80
pets_latent_mpc,cluttered_navigation_grasp,friction_shift,hidden_mechanism,0.712500,0.547616,0.164912,0.156937,0.067468,0.230001,0.078140,0.089017,0.140912,0.157922,0.149101,0.334536,0.099805,0.002153,0.001144,0.001117,0.000641,0.000877,0.000671,0.000899,0.000812,0.001166,0.001057,0.099471,80
pets_latent_mpc,cluttered_navigation_grasp,friction_shift,in_distribution,0.650000,0.559643,0.153673,0.145160,0.062634,0.226304,0.071887,0.080147,0.132308,0.145596,0.139425,0.312493,0.105180,0.002357,0.001076,0.001044,0.000621,0.000778,0.000605,0.000776,0.000954,0.001088,0.001178,0.105080,80
pets_latent_mpc,cluttered_navigation_grasp,friction_shift,long_horizon,0.700000,0.549775,0.170786,0.169634,0.071277,0.229036,0.079263,0.091227,0.146532,0.163137,0.155301,0.299105,0.101054,0.001994,0.001043,0.001171,0.000700,0.000799,0.000713,0.000890,0.000923,0.001131,0.001124,0.100896,80
pets_latent_mpc,cluttered_navigation_grasp,friction_shift,sparse_observation,0.600000,0.526299,0.177287,0.168899,0.073228,0.237134,0.087078,0.103317,0.150633,0.173176,0.160414,0.171976,0.108031,0.002336,0.001120,0.001010,0.000689,0.000878,0.000672,0.000881,0.000854,0.001164,0.000996,0.107999,80
pets_latent_mpc,cluttered_navigation_grasp,nominal,combined_stress,0.600000,0.562210,0.171187,0.169541,0.073704,0.229769,0.085552,0.102039,0.148856,0.172286,0.158034,0.193223,0.108031,0.002275,0.001189,0.001112,0.000700,0.000799,0.000588,0.001015,0.000903,0.001120,0.001151,0.108212,80
pets_latent_mpc,cluttered_navigation_grasp,nominal,hidden_mechanism,0.812500,0.586406,0.147550,0.144023,0.061680,0.222855,0.072780,0.081021,0.128692,0.143072,0.136009,0.494305,0.086071,0.002213,0.001139,0.001046,0.000707,0.000836,0.000666,0.000774,0.000772,0.001029,0.000896,0.086329,80
pets_latent_mpc,cluttered_navigation_grasp,nominal,in_distribution,0.800000,0.598757,0.135855,0.131179,0.057173,0.218473,0.067108,0.071258,0.120744,0.132761,0.127259,0.522932,0.088207,0.002172,0.001111,0.001070,0.000684,0.000799,0.000646,0.001005,0.000794,0.000936,0.001044,0.088513,80
pets_latent_mpc,cluttered_navigation_grasp,nominal,long_horizon,0.675000,0.591291,0.154310,0.155866,0.065230,0.221552,0.073981,0.082307,0.134334,0.149445,0.142400,0.335158,0.103285,0.002103,0.001173,0.000993,0.000708,0.000876,0.000585,0.000882,0.000853,0.001106,0.001071,0.103051,80
pets_latent_mpc,cluttered_navigation_grasp,nominal,sparse_observation,0.750000,0.568012,0.158153,0.154706,0.067851,0.229114,0.082785,0.095527,0.139429,0.160569,0.148570,0.383931,0.095487,0.002286,0.001049,0.001121,0.000525,0.000929,0.000781,0.000848,0.000756,0.001025,0.000963,0.095242,80
pets_latent_mpc,cluttered_navigation_grasp,occlusion_persistence,combined_stress,0.512500,0.490133,0.205081,0.195112,0.082467,0.244495,0.096169,0.118612,0.169275,0.196145,0.179784,-0.005645,0.110224,0.002371,0.001049,0.001234,0.000619,0.000849,0.000620,0.001043,0.000918,0.001031,0.000898,0.109837,80
pets_latent_mpc,cluttered_navigation_grasp,occlusion_persistence,hidden_mechanism,0.675000,0.499009,0.185303,0.171581,0.072490,0.241500,0.090605,0.108987,0.151788,0.176286,0.162046,0.223918,0.103285,0.002181,0.001086,0.001086,0.000617,0.000835,0.000645,0.000941,0.000819,0.001146,0.000917,0.103221,80
pets_latent_mpc,cluttered_navigation_grasp,occlusion_persistence,in_distribution,0.600000,0.513611,0.172927,0.159706,0.067865,0.237100,0.084432,0.098400,0.142679,0.164181,0.151536,0.191988,0.108031,0.002294,0.001037,0.000967,0.000598,0.000898,0.000771,0.000835,0.000792,0.001106,0.001011,0.108024,80
pets_latent_mpc,cluttered_navigation_grasp,occlusion_persistence,long_horizon,0.637500,0.503539,0.190029,0.184564,0.075469,0.241162,0.091091,0.109984,0.157577,0.181220,0.167560,0.166291,0.106008,0.002354,0.001102,0.001131,0.000685,0.000968,0.000658,0.000892,0.000791,0.001030,0.000981,0.106070,80
pets_latent_mpc,cluttered_navigation_grasp,occlusion_persistence,sparse_observation,0.587500,0.494731,0.193378,0.179898,0.077447,0.243878,0.094189,0.114144,0.159229,0.186053,0.170254,0.107400,0.108557,0.002160,0.001076,0.000993,0.000780,0.000931,0.000689,0.000891,0.000843,0.001160,0.001070,0.108232,80
pets_latent_mpc,cluttered_navigation_grasp,payload_shift,combined_stress,0.650000,0.485168,0.207087,0.195376,0.083599,0.244901,0.096263,0.116454,0.169713,0.195259,0.181208,0.126906,0.105180,0.002298,0.001238,0.001236,0.000704,0.000914,0.000611,0.000881,0.000967,0.001234,0.001183,0.105157,80
pets_latent_mpc,cluttered_navigation_grasp,payload_shift,hidden_mechanism,0.662500,0.507972,0.185641,0.170557,0.074982,0.237880,0.083152,0.097356,0.154117,0.172889,0.162975,0.218283,0.104273,0.002298,0.000985,0.001056,0.000654,0.000875,0.000571,0.000938,0.000841,0.001123,0.000952,0.104092,80
pets_latent_mpc,cluttered_navigation_grasp,payload_shift,in_distribution,0.700000,0.522428,0.174709,0.158105,0.070409,0.233136,0.077187,0.088351,0.145751,0.160588,0.153946,0.297069,0.101054,0.002239,0.001058,0.000939,0.000669,0.000810,0.000688,0.000956,0.000996,0.001156,0.001223,0.101003,80
pets_latent_mpc,cluttered_navigation_grasp,payload_shift,long_horizon,0.462500,0.513399,0.192404,0.182724,0.078410,0.236317,0.084106,0.098790,0.159993,0.178179,0.169362,-0.003277,0.109948,0.001962,0.001114,0.001185,0.000640,0.000804,0.000636,0.000813,0.000929,0.001132,0.001069,0.110249,80
pets_latent_mpc,cluttered_navigation_grasp,payload_shift,sparse_observation,0.562500,0.488109,0.197659,0.179990,0.080503,0.243507,0.092528,0.111939,0.164389,0.189366,0.174964,0.071076,0.109394,0.002155,0.000995,0.000969,0.000745,0.000869,0.000663,0.000775,0.000840,0.001040,0.001009,0.109509,80
pets_latent_mpc,deformable_bin_pick,actuator_lag,combined_stress,0.637500,0.494048,0.202539,0.190758,0.083392,0.243649,0.094665,0.115456,0.167848,0.193308,0.179465,0.128059,0.106008,0.002208,0.001060,0.001132,0.000662,0.000827,0.000672,0.000884,0.000907,0.001173,0.001015,0.105698,80
pets_latent_mpc,deformable_bin_pick,actuator_lag,hidden_mechanism,0.662500,0.520990,0.180244,0.164862,0.073905,0.236034,0.082135,0.095572,0.151301,0.169584,0.160564,0.236510,0.104273,0.002228,0.001030,0.000965,0.000594,0.000804,0.000646,0.000864,0.000870,0.001080,0.001010,0.104064,80
pets_latent_mpc,deformable_bin_pick,actuator_lag,in_distribution,0.737500,0.533507,0.167830,0.153166,0.068620,0.230745,0.076280,0.085384,0.142338,0.157640,0.150811,0.354381,0.097026,0.002195,0.001097,0.001201,0.000668,0.000808,0.000709,0.000860,0.000737,0.001078,0.001187,0.097235,80
pets_latent_mpc,deformable_bin_pick,actuator_lag,long_horizon,0.650000,0.524459,0.186045,0.178135,0.076589,0.234414,0.083003,0.097084,0.155332,0.173739,0.164410,0.203816,0.105180,0.002008,0.001029,0.001166,0.000608,0.001055,0.000691,0.000875,0.000985,0.001090,0.001178,0.105318,80
pets_latent_mpc,deformable_bin_pick,actuator_lag,sparse_observation,0.600000,0.501865,0.190419,0.176264,0.078674,0.242007,0.091862,0.110311,0.160307,0.185411,0.170773,0.128490,0.108031,0.002050,0.001285,0.001148,0.000677,0.000908,0.000612,0.000839,0.000927,0.001105,0.001127,0.107971,80
pets_latent_mpc,deformable_bin_pick,combined_hidden_mechanisms,combined_stress,0.525000,0.439393,0.224102,0.209140,0.087666,0.254447,0.102050,0.126506,0.178358,0.206347,0.190651,-0.057850,0.110121,0.002321,0.001095,0.001058,0.000655,0.000877,0.000709,0.000894,0.000875,0.001087,0.001172,0.110171,80
pets_latent_mpc,deformable_bin_pick,combined_hidden_mechanisms,hidden_mechanism,0.450000,0.451171,0.217728,0.191280,0.084814,0.251379,0.096033,0.117226,0.172760,0.197606,0.183588,-0.096448,0.109706,0.001811,0.000983,0.001125,0.000688,0.000827,0.000746,0.000881,0.000887,0.001116,0.001074,0.109744,80
pets_latent_mpc,deformable_bin_pick,combined_hidden_mechanisms,in_distribution,0.612500,0.464067,0.205543,0.179602,0.079468,0.246301,0.089821,0.107865,0.164258,0.185576,0.174342,0.108561,0.107431,0.002016,0.001180,0.001096,0.000627,0.000735,0.000654,0.000939,0.000928,0.001077,0.001212,0.107221,80
pets_latent_mpc,deformable_bin_pick,combined_hidden_mechanisms,long_horizon,0.487500,0.453606,0.221414,0.203321,0.086161,0.250770,0.096665,0.118919,0.176750,0.201628,0.188354,-0.075369,0.110224,0.002245,0.000947,0.001083,0.000627,0.000861,0.000652,0.000800,0.000864,0.001054,0.001074,0.110390,80
pets_latent_mpc,deformable_bin_pick,combined_hidden_mechanisms,sparse_observation,0.462500,0.440638,0.221628,0.200096,0.086646,0.254736,0.100413,0.123779,0.176126,0.204540,0.188842,-0.106754,0.109948,0.002051,0.001131,0.001092,0.000631,0.000887,0.000756,0.000795,0.000897,0.000997,0.001176,0.110117,80
pets_latent_mpc,deformable_bin_pick,compliance_shift,combined_stress,0.612500,0.512162,0.195495,0.186455,0.081260,0.240490,0.092562,0.111036,0.163770,0.187785,0.173916,0.126871,0.107431,0.002395,0.001285,0.001155,0.000645,0.000876,0.000649,0.000969,0.000917,0.001141,0.001042,0.107244,80
pets_latent_mpc,deformable_bin_pick,compliance_shift,hidden_mechanism,0.687500,0.536652,0.171735,0.160279,0.069285,0.232691,0.079232,0.091787,0.144875,0.162079,0.153783,0.290529,0.102212,0.002212,0.001144,0.001118,0.000727,0.000794,0.000650,0.000896,0.000817,0.000949,0.001064,0.102356,80
pets_latent_mpc,deformable_bin_pick,compliance_shift,in_distribution,0.625000,0.549390,0.160017,0.148394,0.065200,0.228339,0.073205,0.081918,0.136094,0.149639,0.143351,0.268852,0.106757,0.002085,0.001040,0.000968,0.000563,0.000881,0.000703,0.000970,0.000792,0.000881,0.001024,0.106770,80
pets_latent_mpc,deformable_bin_pick,compliance_shift,long_horizon,0.650000,0.540150,0.177065,0.173877,0.072872,0.230864,0.080350,0.092757,0.149982,0.166979,0.158841,0.231424,0.105180,0.001751,0.001101,0.001172,0.000641,0.000894,0.000728,0.000830,0.000872,0.001115,0.001126,0.105198,80
pets_latent_mpc,deformable_bin_pick,compliance_shift,sparse_observation,0.662500,0.515469,0.180957,0.170050,0.074989,0.239256,0.089045,0.106197,0.153622,0.177479,0.163574,0.220483,0.104273,0.001834,0.001049,0.001014,0.000737,0.000859,0.000630,0.000943,0.000858,0.000981,0.001101,0.104030,80
pets_latent_mpc,deformable_bin_pick,contact_mode_flip,combined_stress,0.587500,0.482148,0.211760,0.198283,0.084157,0.246959,0.096710,0.119512,0.171979,0.198660,0.183383,0.053305,0.108557,0.002121,0.001024,0.001137,0.000642,0.000977,0.000604,0.000808,0.000873,0.001104,0.001027,0.108717,80
pets_latent_mpc,deformable_bin_pick,contact_mode_flip,hidden_mechanism,0.600000,0.506201,0.187990,0.172734,0.073773,0.239405,0.084837,0.097746,0.153599,0.173272,0.162440,0.151478,0.108031,0.001952,0.000921,0.001156,0.000642,0.000786,0.000574,0.000976,0.000879,0.001092,0.001062,0.108337,80
pets_latent_mpc,deformable_bin_pick,contact_mode_flip,in_distribution,0.637500,0.520030,0.176201,0.159827,0.068275,0.235710,0.078686,0.090010,0.143320,0.158979,0.151856,0.232922,0.106008,0.002461,0.001150,0.000933,0.000655,0.000839,0.000659,0.000863,0.000873,0.001208,0.000952,0.105762,80
pets_latent_mpc,deformable_bin_pick,contact_mode_flip,long_horizon,0.600000,0.511928,0.193550,0.185216,0.076946,0.237940,0.085244,0.099903,0.157907,0.177485,0.167607,0.132273,0.108031,0.002180,0.001114,0.001178,0.000599,0.000768,0.000697,0.000887,0.000943,0.001063,0.001179,0.108078,80
pets_latent_mpc,deformable_bin_pick,contact_mode_flip,sparse_observation,0.687500,0.485159,0.199780,0.183116,0.079417,0.245978,0.094125,0.114127,0.162301,0.188768,0.172758,0.191119,0.102212,0.002351,0.000942,0.001122,0.000686,0.000836,0.000576,0.000935,0.000777,0.000959,0.001037,0.102188,80
pets_latent_mpc,deformable_bin_pick,friction_shift,combined_stress,0.612500,0.523078,0.188732,0.181964,0.079199,0.237445,0.090513,0.108279,0.160145,0.184945,0.170546,0.147363,0.107431,0.002118,0.001314,0.000988,0.000676,0.000984,0.000664,0.000850,0.000930,0.001116,0.001125,0.107666,80
pets_latent_mpc,deformable_bin_pick,friction_shift,hidden_mechanism,0.662500,0.550113,0.163900,0.155909,0.067445,0.229564,0.078487,0.088430,0.140138,0.157472,0.148613,0.287698,0.104273,0.001863,0.001087,0.000956,0.000606,0.000839,0.000733,0.000973,0.000917,0.001053,0.001091,0.104156,80
pets_latent_mpc,deformable_bin_pick,friction_shift,in_distribution,0.725000,0.562129,0.151812,0.143256,0.062558,0.226186,0.070762,0.079037,0.131092,0.143690,0.138126,0.393259,0.098464,0.002273,0.001050,0.001085,0.000622,0.000952,0.000595,0.000841,0.000875,0.001156,0.000964,0.098391,80
pets_latent_mpc,deformable_bin_pick,friction_shift,long_horizon,0.662500,0.551095,0.169151,0.168124,0.070086,0.229752,0.078128,0.089830,0.145859,0.162057,0.154320,0.267096,0.104273,0.002334,0.001339,0.001063,0.000655,0.000890,0.000701,0.000770,0.000805,0.001079,0.001011,0.104768,80
pets_latent_mpc,deformable_bin_pick,friction_shift,sparse_observation,0.712500,0.527470,0.174873,0.166092,0.073177,0.236719,0.087633,0.103576,0.149228,0.172442,0.158445,0.290010,0.099805,0.002315,0.001136,0.001087,0.000667,0.000946,0.000624,0.000949,0.000929,0.001038,0.001128,0.099859,80
pets_latent_mpc,deformable_bin_pick,nominal,combined_stress,0.600000,0.564931,0.169444,0.167712,0.073193,0.230415,0.085397,0.100617,0.148594,0.170954,0.158228,0.198058,0.108031,0.002341,0.001097,0.001070,0.000659,0.000826,0.000728,0.000928,0.000890,0.001164,0.001176,0.108350,80
pets_latent_mpc,deformable_bin_pick,nominal,hidden_mechanism,0.775000,0.588603,0.145540,0.141805,0.061082,0.222271,0.072410,0.079584,0.128283,0.142870,0.135199,0.462683,0.092084,0.002055,0.001127,0.001028,0.000624,0.000900,0.000641,0.000797,0.000884,0.001078,0.001079,0.092428,80
pets_latent_mpc,deformable_bin_pick,nominal,in_distribution,0.862500,0.603170,0.133998,0.130848,0.057169,0.217719,0.066440,0.071522,0.119606,0.130755,0.125215,0.590165,0.075940,0.002295,0.000962,0.001026,0.000575,0.000913,0.000715,0.000890,0.000780,0.001059,0.001095,0.075992,80
pets_latent_mpc,deformable_bin_pick,nominal,long_horizon,0.725000,0.593271,0.151453,0.154865,0.064726,0.222084,0.073286,0.081021,0.133160,0.147655,0.140137,0.390991,0.098464,0.002034,0.001020,0.001101,0.000705,0.000795,0.000600,0.000768,0.000875,0.001041,0.001146,0.097975,80
pets_latent_mpc,deformable_bin_pick,nominal,sparse_observation,0.625000,0.566511,0.156600,0.152971,0.066670,0.228854,0.082688,0.094750,0.138775,0.160745,0.147504,0.263148,0.106757,0.002312,0.001053,0.001085,0.000692,0.001047,0.000667,0.000904,0.000774,0.001003,0.001036,0.106856,80
pets_latent_mpc,deformable_bin_pick,occlusion_persistence,combined_stress,0.487500,0.492635,0.203815,0.192278,0.082807,0.245079,0.095591,0.117374,0.167817,0.194624,0.179161,-0.025459,0.110224,0.002055,0.001187,0.000977,0.000643,0.000891,0.000628,0.000975,0.000770,0.000967,0.001095,0.110389,80
pets_latent_mpc,deformable_bin_pick,occlusion_persistence,hidden_mechanism,0.662500,0.500502,0.182001,0.169529,0.072925,0.241774,0.089553,0.107385,0.150936,0.174872,0.161306,0.217460,0.104273,0.002235,0.001040,0.001124,0.000579,0.000806,0.000655,0.000805,0.000863,0.001020,0.000958,0.104108,80
pets_latent_mpc,deformable_bin_pick,occlusion_persistence,in_distribution,0.712500,0.514896,0.169238,0.157495,0.067447,0.237496,0.084245,0.098703,0.142731,0.163424,0.151988,0.310370,0.099805,0.002436,0.001013,0.001236,0.000685,0.000853,0.000591,0.000879,0.000962,0.001152,0.001235,0.100043,80
pets_latent_mpc,deformable_bin_pick,occlusion_persistence,long_horizon,0.637500,0.506171,0.188115,0.183131,0.074987,0.241028,0.091222,0.109043,0.156413,0.180971,0.166727,0.171472,0.106008,0.002595,0.001112,0.001143,0.000628,0.000809,0.000695,0.000903,0.000981,0.001205,0.001205,0.105836,80
pets_latent_mpc,deformable_bin_pick,occlusion_persistence,sparse_observation,0.625000,0.495702,0.192046,0.178144,0.076658,0.244447,0.094325,0.113504,0.158518,0.184921,0.169344,0.148991,0.106757,0.002198,0.000977,0.000861,0.000630,0.001064,0.000617,0.001016,0.000829,0.001090,0.001030,0.106870,80
pets_latent_mpc,deformable_bin_pick,payload_shift,combined_stress,0.612500,0.485231,0.205484,0.193355,0.083692,0.244158,0.095387,0.116904,0.170539,0.196140,0.181906,0.092458,0.107431,0.002171,0.001011,0.001125,0.000602,0.000979,0.000707,0.000916,0.000839,0.001021,0.001097,0.107812,80
pets_latent_mpc,deformable_bin_pick,payload_shift,hidden_mechanism,0.675000,0.512683,0.183911,0.167829,0.074563,0.236815,0.082220,0.096401,0.153277,0.171291,0.162486,0.238096,0.103285,0.002107,0.000977,0.001209,0.000604,0.000886,0.000645,0.001002,0.000896,0.001210,0.001291,0.103388,80
pets_latent_mpc,deformable_bin_pick,payload_shift,in_distribution,0.750000,0.524836,0.172719,0.155914,0.069743,0.233127,0.076424,0.086871,0.144833,0.159602,0.152610,0.353426,0.095487,0.002246,0.000965,0.001086,0.000723,0.000890,0.000661,0.000861,0.000760,0.001104,0.001053,0.095401,80
pets_latent_mpc,deformable_bin_pick,payload_shift,long_horizon,0.537500,0.517086,0.191153,0.181822,0.077548,0.236535,0.084281,0.098183,0.159303,0.177559,0.168257,0.076139,0.109948,0.002199,0.000955,0.001239,0.000633,0.000772,0.000662,0.000879,0.000943,0.001228,0.001154,0.109818,80
pets_latent_mpc,deformable_bin_pick,payload_shift,sparse_observation,0.675000,0.489973,0.195684,0.178936,0.081084,0.243999,0.092160,0.111847,0.163152,0.187722,0.174171,0.187100,0.103285,0.002470,0.001071,0.001180,0.000610,0.000895,0.000634,0.000804,0.000846,0.001112,0.001026,0.103263,80
pets_latent_mpc,drawer_contact_repair,actuator_lag,combined_stress,0.550000,0.501514,0.197340,0.187378,0.082433,0.241543,0.093684,0.113499,0.165239,0.190966,0.175635,0.054747,0.109706,0.002074,0.001224,0.001120,0.000710,0.000844,0.000618,0.000916,0.000851,0.001002,0.001102,0.109722,80
pets_latent_mpc,drawer_contact_repair,actuator_lag,hidden_mechanism,0.662500,0.529009,0.174316,0.161243,0.073198,0.232891,0.080470,0.092911,0.147662,0.165669,0.156461,0.252958,0.104273,0.002208,0.001045,0.000951,0.000638,0.000740,0.000666,0.000758,0.000878,0.001152,0.001072,0.104280,80
pets_latent_mpc,drawer_contact_repair,actuator_lag,in_distribution,0.762500,0.542713,0.163998,0.151197,0.067261,0.229512,0.074669,0.083530,0.138919,0.152770,0.147033,0.392798,0.093841,0.002148,0.000953,0.001077,0.000692,0.000741,0.000626,0.000935,0.000976,0.001199,0.001062,0.093666,80
pets_latent_mpc,drawer_contact_repair,actuator_lag,long_horizon,0.700000,0.532600,0.180858,0.174325,0.075070,0.232698,0.082335,0.095579,0.153383,0.171124,0.162502,0.268346,0.101054,0.002246,0.001209,0.000972,0.000744,0.000926,0.000699,0.000865,0.000888,0.001039,0.001064,0.101153,80
pets_latent_mpc,drawer_contact_repair,actuator_lag,sparse_observation,0.725000,0.506897,0.187498,0.172573,0.077905,0.239516,0.090617,0.108139,0.158366,0.183815,0.168018,0.264669,0.098464,0.002143,0.001090,0.001106,0.000676,0.000940,0.000735,0.000992,0.000930,0.001135,0.001066,0.098498,80
pets_latent_mpc,drawer_contact_repair,combined_hidden_mechanisms,combined_stress,0.562500,0.441761,0.222551,0.208537,0.087267,0.253812,0.101101,0.124563,0.177563,0.205999,0.189433,-0.015629,0.109394,0.002054,0.001058,0.001213,0.000587,0.000830,0.000726,0.000908,0.000805,0.001082,0.001099,0.109629,80
pets_latent_mpc,drawer_contact_repair,combined_hidden_mechanisms,hidden_mechanism,0.612500,0.453966,0.213834,0.188953,0.083204,0.250007,0.094236,0.115323,0.170192,0.194643,0.181723,0.077497,0.107431,0.002355,0.001252,0.000980,0.000597,0.000874,0.000627,0.000885,0.000918,0.001137,0.001149,0.107521,80
pets_latent_mpc,drawer_contact_repair,combined_hidden_mechanisms,in_distribution,0.550000,0.468689,0.202965,0.176635,0.078549,0.245732,0.088793,0.106534,0.160727,0.181227,0.171026,0.056534,0.109706,0.002044,0.001191,0.001162,0.000670,0.000828,0.000767,0.000971,0.000870,0.001062,0.001058,0.110069,80
pets_latent_mpc,drawer_contact_repair,combined_hidden_mechanisms,long_horizon,0.512500,0.457625,0.216751,0.200170,0.085195,0.248783,0.095990,0.116703,0.173734,0.198090,0.184376,-0.037906,0.110224,0.002255,0.001099,0.000951,0.000592,0.000933,0.000620,0.000830,0.000910,0.001184,0.001204,0.110345,80
pets_latent_mpc,drawer_contact_repair,combined_hidden_mechanisms,sparse_observation,0.625000,0.445384,0.219403,0.195677,0.085582,0.252300,0.099429,0.123207,0.174925,0.202797,0.186521,0.066115,0.106757,0.002237,0.001124,0.000974,0.000704,0.000833,0.000679,0.000926,0.000989,0.001132,0.001318,0.106747,80
pets_latent_mpc,drawer_contact_repair,compliance_shift,combined_stress,0.650000,0.514165,0.191773,0.183174,0.080365,0.238830,0.091121,0.109139,0.161517,0.185908,0.171503,0.175073,0.105180,0.002212,0.001178,0.001204,0.000596,0.000741,0.000585,0.000880,0.000816,0.001151,0.001066,0.105494,80
pets_latent_mpc,drawer_contact_repair,compliance_shift,hidden_mechanism,0.600000,0.541851,0.167883,0.157423,0.068804,0.230671,0.078342,0.089090,0.141533,0.158440,0.149580,0.214838,0.108031,0.002218,0.001128,0.001245,0.000715,0.000923,0.000603,0.000718,0.001041,0.001241,0.001166,0.108198,80
pets_latent_mpc,drawer_contact_repair,compliance_shift,in_distribution,0.700000,0.556145,0.154366,0.144772,0.063962,0.226054,0.072192,0.079494,0.133386,0.146947,0.141258,0.358926,0.101054,0.002566,0.001172,0.001142,0.000606,0.000898,0.000550,0.000808,0.000939,0.001193,0.001178,0.100860,80
pets_latent_mpc,drawer_contact_repair,compliance_shift,long_horizon,0.625000,0.544339,0.172789,0.168065,0.072576,0.229781,0.078899,0.091365,0.147224,0.163622,0.155542,0.219779,0.106757,0.002237,0.001123,0.001039,0.000623,0.000870,0.000704,0.000899,0.000926,0.001157,0.001111,0.106906,80
pets_latent_mpc,drawer_contact_repair,compliance_shift,sparse_observation,0.637500,0.522327,0.178639,0.167230,0.073982,0.237665,0.087672,0.105028,0.153056,0.176413,0.162838,0.205019,0.106008,0.002233,0.001009,0.001070,0.000659,0.000893,0.000596,0.000942,0.000895,0.001045,0.000969,0.105653,80
pets_latent_mpc,drawer_contact_repair,contact_mode_flip,combined_stress,0.550000,0.488596,0.207643,0.194236,0.083633,0.245130,0.095544,0.117652,0.169615,0.195938,0.180912,0.028556,0.109706,0.002046,0.001031,0.001198,0.000691,0.000853,0.000639,0.000806,0.000809,0.001070,0.001043,0.109755,80
pets_latent_mpc,drawer_contact_repair,contact_mode_flip,hidden_mechanism,0.612500,0.513501,0.184078,0.168874,0.072477,0.237602,0.082764,0.097365,0.149937,0.169182,0.158936,0.178510,0.107431,0.002194,0.001180,0.000974,0.000657,0.001016,0.000699,0.001015,0.000897,0.001047,0.001356,0.107580,80
pets_latent_mpc,drawer_contact_repair,contact_mode_flip,in_distribution,0.662500,0.526868,0.172326,0.157152,0.067797,0.232859,0.077292,0.088205,0.141501,0.156674,0.149298,0.269533,0.104273,0.002148,0.000954,0.000931,0.000557,0.001014,0.000658,0.000858,0.000916,0.001125,0.001264,0.103802,80
pets_latent_mpc,drawer_contact_repair,contact_mode_flip,long_horizon,0.687500,0.515951,0.189134,0.181485,0.076013,0.236606,0.083635,0.098427,0.154748,0.173692,0.163463,0.232679,0.102212,0.002210,0.000962,0.001034,0.000625,0.000863,0.000718,0.000768,0.000871,0.001117,0.001116,0.102219,80
pets_latent_mpc,drawer_contact_repair,contact_mode_flip,sparse_observation,0.637500,0.489938,0.194315,0.179934,0.078558,0.244176,0.092514,0.112459,0.160811,0.186548,0.170939,0.153854,0.106008,0.002160,0.001043,0.001097,0.000710,0.000913,0.000681,0.000800,0.000763,0.001125,0.001080,0.106082,80
pets_latent_mpc,drawer_contact_repair,friction_shift,combined_stress,0.612500,0.530804,0.184874,0.178438,0.078031,0.235513,0.089798,0.106879,0.157295,0.181207,0.167668,0.160585,0.107431,0.001985,0.001087,0.000917,0.000649,0.000894,0.000686,0.000793,0.000911,0.001169,0.001117,0.107225,80
pets_latent_mpc,drawer_contact_repair,friction_shift,hidden_mechanism,0.775000,0.554734,0.159588,0.151542,0.066371,0.228871,0.075755,0.085826,0.137577,0.153943,0.145062,0.414113,0.092084,0.002153,0.001008,0.001088,0.000743,0.000773,0.000646,0.000837,0.000927,0.001028,0.001165,0.092206,80
pets_latent_mpc,drawer_contact_repair,friction_shift,in_distribution,0.700000,0.567462,0.147662,0.139483,0.061512,0.224279,0.070184,0.077305,0.128549,0.141056,0.135785,0.380789,0.101054,0.001977,0.000979,0.001242,0.000628,0.000888,0.000704,0.000911,0.000826,0.001084,0.001029,0.100859,80
pets_latent_mpc,drawer_contact_repair,friction_shift,long_horizon,0.712500,0.557507,0.164950,0.165254,0.069755,0.227674,0.077183,0.088329,0.142772,0.159302,0.151164,0.329137,0.099805,0.002005,0.001132,0.001132,0.000647,0.001060,0.000682,0.000796,0.000863,0.001053,0.001124,0.099528,80
pets_latent_mpc,drawer_contact_repair,friction_shift,sparse_observation,0.675000,0.533001,0.171403,0.161834,0.072143,0.234126,0.086357,0.101588,0.147204,0.170148,0.156752,0.265150,0.103285,0.002160,0.001108,0.001179,0.000646,0.000896,0.000612,0.000840,0.000895,0.001184,0.001156,0.103236,80
pets_latent_mpc,drawer_contact_repair,nominal,combined_stress,0.662500,0.569908,0.165210,0.165333,0.071978,0.228859,0.084158,0.098628,0.145794,0.168494,0.154598,0.272603,0.104273,0.002171,0.001214,0.000986,0.000719,0.000904,0.000608,0.000787,0.000942,0.001133,0.001244,0.104352,80
pets_latent_mpc,drawer_contact_repair,nominal,hidden_mechanism,0.750000,0.595983,0.141353,0.138410,0.060791,0.220552,0.071169,0.078625,0.126167,0.141187,0.133081,0.449731,0.095487,0.002182,0.001317,0.001060,0.000545,0.000856,0.000589,0.000953,0.001058,0.001176,0.001251,0.095615,80
pets_latent_mpc,drawer_contact_repair,nominal,in_distribution,0.737500,0.609713,0.129275,0.126580,0.056001,0.216323,0.064401,0.067848,0.117792,0.128532,0.123495,0.479707,0.097026,0.002166,0.001001,0.001096,0.000652,0.000772,0.000698,0.000902,0.000917,0.001128,0.001182,0.097210,80
pets_latent_mpc,drawer_contact_repair,nominal,long_horizon,0.712500,0.600055,0.147391,0.151946,0.063083,0.220490,0.071842,0.079572,0.131168,0.145690,0.138628,0.391360,0.099805,0.002390,0.001112,0.001104,0.000647,0.000952,0.000677,0.000818,0.000835,0.001223,0.001071,0.100356,80
pets_latent_mpc,drawer_contact_repair,nominal,sparse_observation,0.675000,0.572528,0.152089,0.148949,0.065967,0.226942,0.081095,0.093306,0.135757,0.157056,0.144118,0.326872,0.103285,0.002151,0.001083,0.001072,0.000600,0.000876,0.000662,0.000897,0.000813,0.001071,0.000998,0.103233,80
pets_latent_mpc,drawer_contact_repair,occlusion_persistence,combined_stress,0.587500,0.499203,0.199657,0.190046,0.081539,0.243171,0.095414,0.116723,0.164911,0.191987,0.175471,0.086329,0.108557,0.002324,0.000943,0.001076,0.000602,0.000917,0.000666,0.000810,0.000767,0.000964,0.000957,0.108799,80
pets_latent_mpc,drawer_contact_repair,occlusion_persistence,hidden_mechanism,0.662500,0.505485,0.178117,0.166729,0.071028,0.239091,0.088466,0.105205,0.148413,0.172059,0.157701,0.230345,0.104273,0.002223,0.001069,0.001083,0.000663,0.000819,0.000554,0.000896,0.000883,0.001029,0.001091,0.104467,80
pets_latent_mpc,drawer_contact_repair,occlusion_persistence,in_distribution,0.587500,0.519890,0.165648,0.153685,0.065724,0.235642,0.082393,0.096118,0.139825,0.160238,0.149297,0.199086,0.108557,0.002255,0.001226,0.001111,0.000699,0.000977,0.000669,0.000836,0.000830,0.001108,0.001108,0.108439,80
pets_latent_mpc,drawer_contact_repair,occlusion_persistence,long_horizon,0.662500,0.509766,0.183696,0.179570,0.074642,0.239300,0.089593,0.106952,0.153189,0.177096,0.163107,0.208779,0.104273,0.002415,0.001244,0.000991,0.000792,0.000925,0.000675,0.000899,0.000851,0.001083,0.000849,0.103903,80
pets_latent_mpc,drawer_contact_repair,occlusion_persistence,sparse_observation,0.650000,0.498601,0.186523,0.174200,0.075613,0.241776,0.092198,0.112150,0.156298,0.182425,0.166956,0.187872,0.105180,0.002188,0.001329,0.001072,0.000585,0.000840,0.000700,0.000960,0.000876,0.001155,0.001137,0.105242,80
pets_latent_mpc,drawer_contact_repair,payload_shift,combined_stress,0.712500,0.489630,0.200134,0.188808,0.082820,0.242859,0.094097,0.114404,0.167279,0.192777,0.177937,0.207010,0.099805,0.002139,0.001133,0.001093,0.000561,0.001080,0.000622,0.000847,0.000903,0.001123,0.001010,0.099688,80
pets_latent_mpc,drawer_contact_repair,payload_shift,hidden_mechanism,0.650000,0.515329,0.179573,0.163529,0.074357,0.236075,0.081946,0.094864,0.151010,0.169162,0.159604,0.223684,0.105180,0.002239,0.001222,0.001186,0.000558,0.000949,0.000629,0.000905,0.000887,0.001118,0.001203,0.105043,80
pets_latent_mpc,drawer_contact_repair,payload_shift,in_distribution,0.600000,0.529193,0.168031,0.152570,0.068979,0.231018,0.075696,0.084844,0.142285,0.157182,0.150007,0.215691,0.108031,0.002094,0.001080,0.001132,0.000541,0.000845,0.000657,0.000904,0.000852,0.001239,0.001092,0.108159,80
pets_latent_mpc,drawer_contact_repair,payload_shift,long_horizon,0.650000,0.519045,0.185560,0.177081,0.077454,0.234225,0.082625,0.097005,0.156879,0.174699,0.165619,0.201621,0.105180,0.002408,0.000981,0.001137,0.000795,0.000860,0.000684,0.000809,0.000835,0.001018,0.001145,0.105073,80
pets_latent_mpc,drawer_contact_repair,payload_shift,sparse_observation,0.637500,0.496476,0.192445,0.175450,0.078649,0.241259,0.090997,0.110046,0.160892,0.185238,0.171877,0.163323,0.106008,0.002334,0.001032,0.001161,0.000622,0.000847,0.000614,0.000966,0.000916,0.001190,0.001131,0.105868,80
pets_latent_mpc,occluded_push_recovery,actuator_lag,combined_stress,0.600000,0.494704,0.203854,0.191838,0.083333,0.242259,0.094086,0.115394,0.168358,0.193790,0.179206,0.089208,0.108031,0.001938,0.001076,0.001096,0.000642,0.000991,0.000622,0.000826,0.000889,0.001139,0.001179,0.107853,80
pets_latent_mpc,occluded_push_recovery,actuator_lag,hidden_mechanism,0.625000,0.520333,0.182471,0.166722,0.073477,0.234496,0.082183,0.093945,0.151207,0.169461,0.159988,0.196557,0.106757,0.002424,0.001087,0.001025,0.000585,0.000911,0.000622,0.000846,0.000932,0.001130,0.001124,0.106818,80
pets_latent_mpc,occluded_push_recovery,actuator_lag,in_distribution,0.587500,0.533596,0.169744,0.154497,0.068472,0.230857,0.076150,0.085712,0.142162,0.157072,0.149537,0.201851,0.108557,0.002484,0.000997,0.001166,0.000660,0.000865,0.000628,0.001020,0.000847,0.000997,0.001099,0.108572,80
pets_latent_mpc,occluded_push_recovery,actuator_lag,long_horizon,0.675000,0.526415,0.187532,0.180189,0.076569,0.234191,0.082821,0.096868,0.156014,0.174107,0.164985,0.226303,0.103285,0.001819,0.001170,0.001019,0.000651,0.000953,0.000720,0.000870,0.000849,0.001103,0.000973,0.103200,80
pets_latent_mpc,occluded_push_recovery,actuator_lag,sparse_observation,0.612500,0.499032,0.193821,0.179142,0.079173,0.241398,0.091444,0.111695,0.161475,0.185991,0.171672,0.133511,0.107431,0.002229,0.001090,0.000994,0.000569,0.000953,0.000636,0.000910,0.000969,0.001313,0.001161,0.107518,80
pets_latent_mpc,occluded_push_recovery,combined_hidden_mechanisms,combined_stress,0.587500,0.441435,0.225668,0.209353,0.087604,0.252787,0.101291,0.127039,0.178723,0.207106,0.190283,0.004371,0.108557,0.002086,0.001041,0.001173,0.000735,0.000851,0.000683,0.000856,0.000844,0.001138,0.001115,0.108804,80
pets_latent_mpc,occluded_push_recovery,combined_hidden_mechanisms,hidden_mechanism,0.475000,0.451483,0.218185,0.191648,0.084280,0.250246,0.094618,0.117445,0.171984,0.196908,0.182981,-0.069932,0.110121,0.002344,0.001102,0.001225,0.000649,0.000853,0.000627,0.000839,0.000961,0.001111,0.001129,0.110071,80
pets_latent_mpc,occluded_push_recovery,combined_hidden_mechanisms,in_distribution,0.650000,0.461217,0.208672,0.181914,0.079475,0.245936,0.090186,0.107918,0.164351,0.186013,0.174041,0.140244,0.105180,0.002359,0.001146,0.001100,0.000620,0.000784,0.000609,0.000915,0.000887,0.001040,0.001189,0.105190,80
pets_latent_mpc,occluded_push_recovery,combined_hidden_mechanisms,long_horizon,0.575000,0.454638,0.221380,0.203209,0.086052,0.249885,0.095792,0.119058,0.175743,0.200584,0.186240,0.014069,0.109011,0.002053,0.000906,0.001135,0.000612,0.000824,0.000612,0.000812,0.000889,0.001123,0.001176,0.108959,80
pets_latent_mpc,occluded_push_recovery,combined_hidden_mechanisms,sparse_observation,0.525000,0.440620,0.221891,0.198055,0.086072,0.252389,0.100113,0.124024,0.175038,0.202757,0.187139,-0.040795,0.110121,0.002284,0.001069,0.001032,0.000668,0.000754,0.000596,0.000905,0.000893,0.001207,0.001083,0.109952,80
pets_latent_mpc,occluded_push_recovery,compliance_shift,combined_stress,0.587500,0.508908,0.197898,0.187717,0.081789,0.240020,0.092871,0.111644,0.164142,0.189093,0.174766,0.096629,0.108557,0.002216,0.001229,0.001229,0.000625,0.000886,0.000690,0.000868,0.001011,0.001124,0.001185,0.108464,80
pets_latent_mpc,occluded_push_recovery,compliance_shift,hidden_mechanism,0.762500,0.532146,0.173250,0.161239,0.070242,0.231479,0.079220,0.091450,0.144464,0.161229,0.153081,0.361550,0.093841,0.002027,0.001138,0.001109,0.000704,0.000886,0.000614,0.000793,0.000784,0.000940,0.000891,0.093948,80
pets_latent_mpc,occluded_push_recovery,compliance_shift,in_distribution,0.762500,0.547576,0.161491,0.150937,0.065098,0.227158,0.073735,0.081364,0.136574,0.150806,0.144039,0.402376,0.093841,0.001975,0.001097,0.001168,0.000639,0.000797,0.000716,0.001006,0.000858,0.001094,0.001061,0.094065,80
pets_latent_mpc,occluded_push_recovery,compliance_shift,long_horizon,0.587500,0.537262,0.178598,0.174704,0.073853,0.230894,0.080489,0.093347,0.149684,0.166566,0.158687,0.164846,0.108557,0.002356,0.001122,0.001079,0.000591,0.000933,0.000678,0.000956,0.000943,0.001176,0.001150,0.108688,80
pets_latent_mpc,occluded_push_recovery,compliance_shift,sparse_observation,0.575000,0.515305,0.184769,0.173478,0.075566,0.237688,0.089504,0.106595,0.155381,0.179652,0.164877,0.125157,0.109011,0.002161,0.001030,0.001315,0.000585,0.000902,0.000688,0.000846,0.000980,0.001181,0.001203,0.109109,80
pets_latent_mpc,occluded_push_recovery,contact_mode_flip,combined_stress,0.487500,0.479955,0.213117,0.199699,0.084591,0.246058,0.096569,0.120121,0.171174,0.197664,0.182913,-0.049508,0.110224,0.002016,0.001152,0.001134,0.000643,0.000893,0.000604,0.000897,0.000822,0.000996,0.001045,0.110011,80
pets_latent_mpc,occluded_push_recovery,contact_mode_flip,hidden_mechanism,0.637500,0.505900,0.190145,0.174450,0.073563,0.238565,0.084678,0.099398,0.152335,0.171073,0.161456,0.186591,0.106008,0.002324,0.000968,0.001122,0.000583,0.000864,0.000590,0.001075,0.000935,0.001036,0.001221,0.105941,80
pets_latent_mpc,occluded_push_recovery,contact_mode_flip,in_distribution,0.725000,0.518308,0.179105,0.162379,0.069444,0.235617,0.078509,0.089840,0.144332,0.160165,0.153168,0.313456,0.098464,0.002060,0.001015,0.001024,0.000560,0.000872,0.000686,0.000850,0.000726,0.000939,0.000968,0.098821,80
pets_latent_mpc,occluded_push_recovery,contact_mode_flip,long_horizon,0.575000,0.510304,0.195929,0.187101,0.077447,0.237590,0.085915,0.100631,0.158582,0.177805,0.168399,0.101702,0.109011,0.002194,0.001071,0.001023,0.000688,0.000842,0.000672,0.000841,0.000986,0.001228,0.001083,0.108852,80
pets_latent_mpc,occluded_push_recovery,contact_mode_flip,sparse_observation,0.587500,0.484446,0.202306,0.184899,0.078795,0.245763,0.094138,0.113985,0.162617,0.188570,0.173235,0.087698,0.108557,0.002128,0.001124,0.001090,0.000607,0.000815,0.000638,0.000960,0.000803,0.000937,0.001060,0.108559,80
pets_latent_mpc,occluded_push_recovery,friction_shift,combined_stress,0.600000,0.524798,0.191227,0.183145,0.078871,0.236086,0.090528,0.108917,0.160269,0.184403,0.170498,0.132768,0.108031,0.002084,0.000917,0.001064,0.000618,0.000879,0.000787,0.000852,0.000803,0.000979,0.001043,0.108207,80
pets_latent_mpc,occluded_push_recovery,friction_shift,hidden_mechanism,0.712500,0.548999,0.166880,0.157255,0.067274,0.229335,0.077918,0.088812,0.139698,0.156718,0.148096,0.334288,0.099805,0.002308,0.001105,0.001247,0.000716,0.000885,0.000711,0.000894,0.000827,0.001084,0.000953,0.099675,80
pets_latent_mpc,occluded_push_recovery,friction_shift,in_distribution,0.725000,0.559768,0.154218,0.145162,0.062705,0.224973,0.072430,0.079574,0.131668,0.144781,0.138643,0.387586,0.098464,0.002070,0.001215,0.001122,0.000682,0.000875,0.000771,0.000882,0.000853,0.001069,0.001128,0.098180,80
pets_latent_mpc,occluded_push_recovery,friction_shift,long_horizon,0.637500,0.549144,0.171406,0.169918,0.070250,0.229049,0.078530,0.089498,0.145601,0.161879,0.153784,0.238012,0.106008,0.002094,0.001105,0.001034,0.000701,0.001037,0.000592,0.000790,0.000919,0.001060,0.001090,0.106047,80
pets_latent_mpc,occluded_push_recovery,friction_shift,sparse_observation,0.600000,0.526490,0.178425,0.167733,0.072844,0.236348,0.087605,0.103324,0.150985,0.174178,0.160621,0.172031,0.108031,0.002133,0.001238,0.001087,0.000663,0.000955,0.000674,0.000992,0.000844,0.001103,0.001138,0.107537,80
pets_latent_mpc,occluded_push_recovery,nominal,combined_stress,0.687500,0.564001,0.170976,0.170087,0.073520,0.230029,0.085669,0.101058,0.148988,0.171824,0.158667,0.281264,0.102212,0.002188,0.001230,0.001153,0.000705,0.000777,0.000679,0.000824,0.000880,0.001115,0.000987,0.102285,80
pets_latent_mpc,occluded_push_recovery,nominal,hidden_mechanism,0.687500,0.587756,0.147085,0.143240,0.062178,0.222685,0.072273,0.080647,0.128535,0.144055,0.136035,0.370779,0.102212,0.002111,0.001049,0.001133,0.000652,0.000876,0.000675,0.000722,0.000945,0.001118,0.001213,0.102131,80
pets_latent_mpc,occluded_push_recovery,nominal,in_distribution,0.725000,0.601332,0.135885,0.132852,0.056997,0.218359,0.066486,0.071240,0.120137,0.131486,0.126436,0.448421,0.098464,0.002069,0.001055,0.001034,0.000621,0.000890,0.000695,0.000931,0.000809,0.001029,0.001186,0.098504,80
pets_latent_mpc,occluded_push_recovery,nominal,long_horizon,0.750000,0.591128,0.153236,0.156939,0.065311,0.221204,0.073737,0.082062,0.134168,0.148907,0.141827,0.410559,0.095487,0.002080,0.001145,0.001130,0.000614,0.000885,0.000646,0.000837,0.000886,0.001143,0.001177,0.095501,80
pets_latent_mpc,occluded_push_recovery,nominal,sparse_observation,0.637500,0.566810,0.159013,0.153121,0.067090,0.228029,0.081738,0.095208,0.138879,0.159711,0.148169,0.273574,0.106008,0.002111,0.001074,0.000936,0.000707,0.000832,0.000641,0.000880,0.000778,0.001002,0.000975,0.106079,80
pets_latent_mpc,occluded_push_recovery,occlusion_persistence,combined_stress,0.612500,0.491896,0.205741,0.194651,0.082722,0.244613,0.095933,0.118032,0.167629,0.194437,0.178808,0.095700,0.107431,0.002289,0.000975,0.001055,0.000669,0.000888,0.000672,0.000871,0.000813,0.001003,0.001016,0.107483,80
pets_latent_mpc,occluded_push_recovery,occlusion_persistence,hidden_mechanism,0.600000,0.498856,0.184739,0.170983,0.072837,0.240919,0.089304,0.107691,0.151158,0.174808,0.161420,0.151026,0.108031,0.002470,0.000998,0.001140,0.000643,0.000715,0.000669,0.000787,0.000854,0.001117,0.001125,0.108098,80
pets_latent_mpc,occluded_push_recovery,occlusion_persistence,in_distribution,0.687500,0.515304,0.172669,0.159175,0.066807,0.236717,0.083560,0.098272,0.142326,0.163379,0.151103,0.282663,0.102212,0.002242,0.000990,0.001072,0.000645,0.000909,0.000679,0.000971,0.000786,0.000900,0.000918,0.102356,80
pets_latent_mpc,occluded_push_recovery,occlusion_persistence,long_horizon,0.637500,0.502625,0.189125,0.184480,0.075896,0.240298,0.090945,0.109323,0.157026,0.180733,0.167234,0.167251,0.106008,0.001978,0.001193,0.001109,0.000703,0.000821,0.000671,0.000824,0.000959,0.001255,0.001229,0.106168,80
pets_latent_mpc,occluded_push_recovery,occlusion_persistence,sparse_observation,0.625000,0.490476,0.192376,0.180288,0.076115,0.243841,0.093945,0.114395,0.158896,0.185573,0.170087,0.145775,0.106757,0.002397,0.001164,0.000932,0.000627,0.000851,0.000681,0.001061,0.000886,0.001146,0.001158,0.106891,80
pets_latent_mpc,occluded_push_recovery,payload_shift,combined_stress,0.662500,0.485185,0.208240,0.196333,0.083615,0.244510,0.095268,0.116027,0.170241,0.195922,0.181193,0.137988,0.104273,0.002390,0.001099,0.000950,0.000673,0.000830,0.000564,0.000851,0.000983,0.001199,0.001352,0.104409,80
pets_latent_mpc,occluded_push_recovery,payload_shift,hidden_mechanism,0.575000,0.510592,0.186075,0.170358,0.075326,0.236043,0.083392,0.097308,0.152368,0.171117,0.160831,0.132618,0.109011,0.002102,0.001182,0.001160,0.000635,0.000989,0.000652,0.001062,0.000830,0.000984,0.001028,0.108910,80
pets_latent_mpc,occluded_push_recovery,payload_shift,in_distribution,0.575000,0.524686,0.176192,0.158813,0.069961,0.231952,0.076718,0.087625,0.144772,0.159804,0.152661,0.172770,0.109011,0.002262,0.000992,0.001131,0.000682,0.000803,0.000707,0.000960,0.000830,0.001137,0.000990,0.109050,80
pets_latent_mpc,occluded_push_recovery,payload_shift,long_horizon,0.575000,0.513457,0.192710,0.181717,0.078900,0.234875,0.083937,0.098630,0.159309,0.177858,0.168416,0.110226,0.109011,0.002125,0.001012,0.001090,0.000681,0.000789,0.000683,0.000794,0.000880,0.001046,0.001124,0.108537,80
pets_latent_mpc,occluded_push_recovery,payload_shift,sparse_observation,0.612500,0.487012,0.197677,0.181395,0.079993,0.242679,0.092105,0.111714,0.163287,0.188049,0.174178,0.121354,0.107431,0.002252,0.001083,0.001160,0.000598,0.000847,0.000671,0.000741,0.000847,0.001021,0.001095,0.107767,80
pets_latent_mpc,payload_handover,actuator_lag,combined_stress,0.562500,0.499120,0.200414,0.189877,0.083137,0.242050,0.094140,0.113871,0.166898,0.192643,0.177586,0.059383,0.109394,0.002155,0.001045,0.001025,0.000613,0.000928,0.000660,0.001000,0.000920,0.001143,0.001093,0.109271,80
pets_latent_mpc,payload_handover,actuator_lag,hidden_mechanism,0.675000,0.522295,0.178699,0.164602,0.073690,0.234433,0.081797,0.093666,0.149204,0.166760,0.157928,0.253689,0.103285,0.002156,0.001157,0.001031,0.000695,0.000884,0.000630,0.000817,0.000792,0.001076,0.000956,0.103192,80
pets_latent_mpc,payload_handover,actuator_lag,in_distribution,0.575000,0.536893,0.167097,0.151846,0.068450,0.229739,0.075450,0.084747,0.139652,0.154387,0.147564,0.197511,0.109011,0.002370,0.001141,0.001084,0.000611,0.000812,0.000600,0.000870,0.000977,0.001104,0.001056,0.109020,80
pets_latent_mpc,payload_handover,actuator_lag,long_horizon,0.687500,0.528040,0.184044,0.176955,0.076283,0.233767,0.083185,0.095950,0.154275,0.172335,0.163025,0.246614,0.102212,0.002659,0.001278,0.001055,0.000644,0.000839,0.000731,0.000960,0.000919,0.001115,0.001109,0.102481,80
pets_latent_mpc,payload_handover,actuator_lag,sparse_observation,0.712500,0.501047,0.190342,0.174417,0.078636,0.240202,0.091292,0.110108,0.159924,0.184574,0.170117,0.243398,0.099805,0.002151,0.001138,0.001153,0.000666,0.000749,0.000660,0.000891,0.000799,0.001010,0.001047,0.099993,80
pets_latent_mpc,payload_handover,combined_hidden_mechanisms,combined_stress,0.462500,0.442838,0.222489,0.208938,0.087312,0.253086,0.101418,0.125400,0.178446,0.206808,0.190361,-0.116250,0.109948,0.002268,0.001140,0.001082,0.000540,0.000958,0.000638,0.000858,0.000782,0.000980,0.001005,0.110244,80
pets_latent_mpc,payload_handover,combined_hidden_mechanisms,hidden_mechanism,0.637500,0.451071,0.215803,0.190011,0.084441,0.250479,0.095127,0.116615,0.171632,0.196510,0.182712,0.095774,0.106008,0.002224,0.001205,0.001077,0.000584,0.000930,0.000638,0.000837,0.000900,0.001205,0.001085,0.105973,80
pets_latent_mpc,payload_handover,combined_hidden_mechanisms,in_distribution,0.587500,0.463829,0.204458,0.179364,0.078759,0.247008,0.088829,0.107549,0.163002,0.184276,0.173528,0.086598,0.108557,0.001798,0.001025,0.000967,0.000586,0.000929,0.000703,0.000918,0.000935,0.001068,0.000979,0.108687,80
pets_latent_mpc,payload_handover,combined_hidden_mechanisms,long_horizon,0.575000,0.453837,0.220784,0.203542,0.086069,0.250260,0.095912,0.117748,0.175478,0.200205,0.186578,0.014322,0.109011,0.002221,0.001047,0.001153,0.000686,0.001033,0.000586,0.000959,0.000811,0.001112,0.001071,0.109078,80
pets_latent_mpc,payload_handover,combined_hidden_mechanisms,sparse_observation,0.600000,0.442470,0.221317,0.198607,0.086335,0.253312,0.099027,0.124302,0.175917,0.203565,0.187517,0.034348,0.108031,0.002264,0.001064,0.000991,0.000486,0.000697,0.000665,0.000929,0.000990,0.001145,0.001286,0.108531,80
pets_latent_mpc,payload_handover,compliance_shift,combined_stress,0.675000,0.512355,0.195201,0.184347,0.080834,0.239583,0.092555,0.111419,0.163419,0.187929,0.173863,0.192223,0.103285,0.002044,0.001134,0.001225,0.000644,0.000839,0.000644,0.000973,0.000832,0.001231,0.001050,0.102978,80
pets_latent_mpc,payload_handover,compliance_shift,hidden_mechanism,0.687500,0.537893,0.170394,0.158634,0.069705,0.230812,0.079111,0.090679,0.143307,0.160475,0.151771,0.294881,0.102212,0.001986,0.001068,0.001101,0.000634,0.000961,0.000534,0.000928,0.000898,0.001094,0.001090,0.102321,80
pets_latent_mpc,payload_handover,compliance_shift,in_distribution,0.775000,0.552267,0.156681,0.146595,0.064283,0.227840,0.072804,0.079658,0.134447,0.147993,0.141816,0.427139,0.092084,0.002182,0.001193,0.001052,0.000719,0.000881,0.000621,0.000970,0.000870,0.001110,0.001137,0.091958,80
pets_latent_mpc,payload_handover,compliance_shift,long_horizon,0.637500,0.541297,0.175076,0.171895,0.072318,0.230533,0.080021,0.092077,0.147927,0.164661,0.156888,0.225000,0.106008,0.001863,0.001230,0.001060,0.000637,0.000830,0.000611,0.000775,0.000905,0.001135,0.001130,0.106161,80
pets_latent_mpc,payload_handover,compliance_shift,sparse_observation,0.625000,0.516374,0.180770,0.169230,0.074581,0.237933,0.088902,0.105734,0.153022,0.176662,0.162760,0.185481,0.106757,0.002455,0.001181,0.001070,0.000617,0.000988,0.000589,0.000930,0.001045,0.001250,0.001222,0.106723,80
pets_latent_mpc,payload_handover,contact_mode_flip,combined_stress,0.600000,0.482947,0.209500,0.197727,0.084867,0.246327,0.096722,0.118394,0.170274,0.196991,0.181437,0.069343,0.108031,0.002067,0.001151,0.000957,0.000703,0.000833,0.000623,0.000874,0.000904,0.001087,0.001204,0.107840,80
pets_latent_mpc,payload_handover,contact_mode_flip,hidden_mechanism,0.637500,0.511485,0.186837,0.172331,0.072797,0.238302,0.083966,0.098836,0.152127,0.171118,0.161008,0.194700,0.106008,0.002434,0.001044,0.001105,0.000741,0.000844,0.000576,0.000767,0.000845,0.001104,0.001091,0.105907,80
pets_latent_mpc,payload_handover,contact_mode_flip,in_distribution,0.625000,0.522824,0.175305,0.159178,0.068380,0.234485,0.078189,0.089038,0.142936,0.159049,0.150614,0.223668,0.106757,0.002079,0.001022,0.001066,0.000598,0.000824,0.000638,0.000867,0.000929,0.001188,0.001043,0.106638,80
pets_latent_mpc,payload_handover,contact_mode_flip,long_horizon,0.637500,0.512648,0.191676,0.184654,0.076160,0.237355,0.084542,0.099711,0.156852,0.174971,0.165860,0.174273,0.106008,0.002299,0.001188,0.001049,0.000665,0.000942,0.000747,0.000792,0.000954,0.001141,0.001075,0.105995,80
pets_latent_mpc,payload_handover,contact_mode_flip,sparse_observation,0.612500,0.490441,0.197817,0.183241,0.078727,0.244244,0.093764,0.114082,0.161496,0.187040,0.172002,0.121588,0.107431,0.002299,0.001043,0.001162,0.000721,0.000803,0.000669,0.000889,0.000913,0.001096,0.001097,0.107209,80
pets_latent_mpc,payload_handover,friction_shift,combined_stress,0.687500,0.525531,0.186957,0.179728,0.078511,0.237268,0.090234,0.107785,0.158947,0.182944,0.168960,0.228365,0.102212,0.001947,0.000981,0.000977,0.000713,0.000881,0.000664,0.000821,0.000913,0.001176,0.001108,0.102396,80
pets_latent_mpc,payload_handover,friction_shift,hidden_mechanism,0.625000,0.551675,0.162704,0.153942,0.067547,0.228745,0.077520,0.087699,0.138803,0.155342,0.146947,0.255025,0.106757,0.002268,0.001208,0.001028,0.000555,0.000888,0.000636,0.000920,0.000877,0.001046,0.001098,0.106948,80
pets_latent_mpc,payload_handover,friction_shift,in_distribution,0.687500,0.563672,0.150162,0.141824,0.062260,0.224809,0.070488,0.078431,0.130495,0.143184,0.137864,0.360295,0.102212,0.002034,0.001108,0.001106,0.000594,0.000902,0.000659,0.000868,0.000909,0.000999,0.001218,0.102352,80
pets_latent_mpc,payload_handover,friction_shift,long_horizon,0.787500,0.555464,0.167505,0.165850,0.070163,0.228817,0.078024,0.088796,0.143987,0.160758,0.151823,0.398531,0.090208,0.002414,0.000972,0.001115,0.000632,0.000923,0.000580,0.000895,0.000863,0.001020,0.001080,0.090251,80
pets_latent_mpc,payload_handover,friction_shift,sparse_observation,0.600000,0.529826,0.173907,0.164400,0.072949,0.236140,0.086339,0.103210,0.149125,0.172398,0.159993,0.181771,0.108031,0.002384,0.001128,0.001074,0.000673,0.000833,0.000570,0.000813,0.001011,0.001407,0.001214,0.107660,80
pets_latent_mpc,payload_handover,nominal,combined_stress,0.650000,0.567453,0.168247,0.167350,0.073352,0.228908,0.084657,0.099379,0.147493,0.170163,0.155980,0.251936,0.105180,0.002017,0.001288,0.001110,0.000550,0.000812,0.000733,0.000967,0.000849,0.001138,0.001075,0.105286,80
pets_latent_mpc,payload_handover,nominal,hidden_mechanism,0.650000,0.591602,0.144251,0.140858,0.061351,0.221835,0.071391,0.079869,0.126855,0.141074,0.134321,0.341883,0.105180,0.002278,0.000991,0.001224,0.000604,0.000972,0.000577,0.000955,0.000787,0.001056,0.001040,0.105409,80
pets_latent_mpc,payload_handover,nominal,in_distribution,0.712500,0.605668,0.131369,0.129024,0.056401,0.217397,0.065768,0.069756,0.118854,0.130544,0.124692,0.446956,0.099805,0.002147,0.001113,0.001000,0.000661,0.000762,0.000653,0.000799,0.000867,0.001066,0.001146,0.099855,80
pets_latent_mpc,payload_handover,nominal,long_horizon,0.662500,0.595258,0.149336,0.154190,0.064902,0.220656,0.073213,0.080698,0.132996,0.148145,0.140588,0.332095,0.104273,0.002139,0.000922,0.001065,0.000636,0.000834,0.000673,0.000886,0.000824,0.001199,0.000955,0.104272,80
pets_latent_mpc,payload_handover,nominal,sparse_observation,0.662500,0.569415,0.155147,0.152516,0.066994,0.228682,0.081517,0.095464,0.137592,0.159056,0.145956,0.304285,0.104273,0.001901,0.001073,0.001074,0.000629,0.000906,0.000555,0.000892,0.000970,0.001107,0.001213,0.104482,80
pets_latent_mpc,payload_handover,occlusion_persistence,combined_stress,0.425000,0.495036,0.202086,0.191328,0.082083,0.243837,0.096001,0.116547,0.166471,0.193798,0.177713,-0.082872,0.109011,0.001922,0.001142,0.001026,0.000685,0.000832,0.000612,0.000853,0.000966,0.001167,0.001232,0.109292,80
pets_latent_mpc,payload_handover,occlusion_persistence,hidden_mechanism,0.612500,0.504885,0.180714,0.168180,0.071589,0.241248,0.089312,0.107192,0.150104,0.174284,0.160086,0.173447,0.107431,0.002353,0.001083,0.001023,0.000633,0.000795,0.000649,0.000856,0.000911,0.001115,0.001085,0.107321,80
pets_latent_mpc,payload_handover,occlusion_persistence,in_distribution,0.662500,0.515953,0.168082,0.156123,0.066741,0.236540,0.083538,0.097664,0.141698,0.162306,0.151136,0.265143,0.104273,0.002296,0.001137,0.001130,0.000695,0.000865,0.000738,0.000864,0.000885,0.001120,0.001179,0.104312,80
pets_latent_mpc,payload_handover,occlusion_persistence,long_horizon,0.587500,0.507950,0.187076,0.181655,0.075831,0.240016,0.090739,0.108248,0.155549,0.179596,0.165450,0.124575,0.108557,0.002013,0.001242,0.001106,0.000688,0.000905,0.000670,0.000907,0.000802,0.001112,0.000936,0.108199,80
pets_latent_mpc,payload_handover,occlusion_persistence,sparse_observation,0.650000,0.497609,0.189762,0.176646,0.075642,0.242970,0.092860,0.113333,0.157189,0.183594,0.167587,0.181095,0.105180,0.002416,0.001202,0.001192,0.000710,0.000846,0.000675,0.000934,0.000868,0.001081,0.001092,0.104847,80
pets_latent_mpc,payload_handover,payload_shift,combined_stress,0.562500,0.488628,0.202791,0.192002,0.084364,0.243973,0.094443,0.115979,0.169554,0.194932,0.180544,0.047820,0.109394,0.002099,0.001196,0.001120,0.000693,0.000836,0.000535,0.000847,0.000915,0.001122,0.001221,0.109298,80
pets_latent_mpc,payload_handover,payload_shift,hidden_mechanism,0.562500,0.514485,0.181494,0.168133,0.075300,0.235919,0.082776,0.094812,0.152156,0.170473,0.161477,0.128425,0.109394,0.002461,0.001063,0.001110,0.000617,0.000946,0.000631,0.000888,0.000971,0.001145,0.001106,0.109537,80
pets_latent_mpc,payload_handover,payload_shift,in_distribution,0.675000,0.524896,0.171054,0.155820,0.069706,0.231942,0.076030,0.086826,0.143300,0.157928,0.151476,0.281647,0.103285,0.002098,0.001180,0.001144,0.000599,0.000907,0.000738,0.000890,0.000829,0.001135,0.000957,0.103369,80
pets_latent_mpc,payload_handover,payload_shift,long_horizon,0.612500,0.515239,0.189125,0.179624,0.078047,0.234597,0.082977,0.098236,0.157612,0.176183,0.166328,0.155925,0.107431,0.002071,0.001127,0.001221,0.000642,0.000938,0.000688,0.000759,0.000958,0.001168,0.001192,0.107324,80
pets_latent_mpc,payload_handover,payload_shift,sparse_observation,0.650000,0.492971,0.193623,0.178884,0.079839,0.242770,0.091555,0.111352,0.162379,0.186629,0.172548,0.167653,0.105180,0.002291,0.000867,0.001060,0.000726,0.000966,0.000585,0.000956,0.000833,0.000994,0.001088,0.105092,80
pets_latent_mpc,peg_insert_with_lag,actuator_lag,combined_stress,0.512500,0.494055,0.204343,0.191652,0.083851,0.243483,0.095097,0.116158,0.168748,0.194632,0.179673,-0.000677,0.110224,0.002336,0.001005,0.001186,0.000590,0.000949,0.000656,0.000860,0.000837,0.001065,0.000993,0.110131,80
pets_latent_mpc,peg_insert_with_lag,actuator_lag,hidden_mechanism,0.700000,0.520571,0.181185,0.166883,0.073799,0.236250,0.081766,0.095862,0.151451,0.169667,0.160228,0.271517,0.101054,0.001979,0.001005,0.001055,0.000621,0.000720,0.000704,0.000865,0.000934,0.001156,0.001031,0.101100,80
pets_latent_mpc,peg_insert_with_lag,actuator_lag,in_distribution,0.562500,0.531990,0.169678,0.154961,0.069169,0.232714,0.076008,0.086150,0.141776,0.157106,0.149543,0.174951,0.109394,0.002123,0.001008,0.001007,0.000672,0.000868,0.000607,0.000953,0.000804,0.000964,0.001061,0.109476,80
pets_latent_mpc,peg_insert_with_lag,actuator_lag,long_horizon,0.650000,0.522748,0.187105,0.179990,0.077015,0.235200,0.083559,0.097778,0.157408,0.175643,0.166224,0.198361,0.105180,0.002371,0.001016,0.001125,0.000650,0.000907,0.000554,0.000897,0.000820,0.001007,0.001015,0.105085,80
pets_latent_mpc,peg_insert_with_lag,actuator_lag,sparse_observation,0.675000,0.498747,0.192133,0.177976,0.079011,0.243105,0.092019,0.110578,0.161046,0.185277,0.171524,0.198221,0.103285,0.002176,0.001112,0.001086,0.000748,0.000834,0.000655,0.000799,0.001003,0.001266,0.001202,0.103794,80
pets_latent_mpc,peg_insert_with_lag,combined_hidden_mechanisms,combined_stress,0.487500,0.438015,0.225589,0.210776,0.086602,0.254792,0.102318,0.127139,0.179375,0.208438,0.191060,-0.098371,0.110224,0.002341,0.001068,0.001193,0.000699,0.000855,0.000610,0.000907,0.000816,0.001029,0.001069,0.110268,80
pets_latent_mpc,peg_insert_with_lag,combined_hidden_mechanisms,hidden_mechanism,0.575000,0.447577,0.218007,0.193505,0.084409,0.253026,0.096100,0.118664,0.173554,0.198546,0.184597,0.024437,0.109011,0.001822,0.001082,0.001019,0.000651,0.000900,0.000667,0.000898,0.000976,0.001195,0.001159,0.109007,80
pets_latent_mpc,peg_insert_with_lag,combined_hidden_mechanisms,in_distribution,0.550000,0.460915,0.208196,0.180210,0.079284,0.249945,0.090590,0.108882,0.164830,0.186776,0.174622,0.040189,0.109706,0.002182,0.001102,0.001006,0.000662,0.000699,0.000713,0.000856,0.000860,0.001096,0.001063,0.110060,80
pets_latent_mpc,peg_insert_with_lag,combined_hidden_mechanisms,long_horizon,0.562500,0.452306,0.222225,0.205748,0.086439,0.252009,0.096311,0.119083,0.177583,0.203053,0.188514,-0.004487,0.109394,0.002330,0.001046,0.001130,0.000578,0.000870,0.000576,0.000802,0.000734,0.001016,0.000958,0.109391,80
pets_latent_mpc,peg_insert_with_lag,combined_hidden_mechanisms,sparse_observation,0.362500,0.438417,0.223152,0.198891,0.086870,0.255680,0.100501,0.124548,0.177241,0.205622,0.189029,-0.209405,0.106008,0.002191,0.001104,0.001001,0.000618,0.000816,0.000687,0.000887,0.000784,0.001043,0.001167,0.105845,80
pets_latent_mpc,peg_insert_with_lag,compliance_shift,combined_stress,0.587500,0.509917,0.197546,0.187371,0.081837,0.241924,0.092755,0.112627,0.164081,0.188813,0.174418,0.096849,0.108557,0.002216,0.001063,0.001042,0.000716,0.000895,0.000605,0.000876,0.000829,0.000941,0.001087,0.108324,80
pets_latent_mpc,peg_insert_with_lag,compliance_shift,hidden_mechanism,0.675000,0.534203,0.172390,0.161609,0.070181,0.233581,0.079922,0.091913,0.145337,0.162109,0.153756,0.273655,0.103285,0.001795,0.001197,0.001051,0.000648,0.000938,0.000658,0.000869,0.000897,0.001164,0.001197,0.103221,80
pets_latent_mpc,peg_insert_with_lag,compliance_shift,in_distribution,0.687500,0.546942,0.160612,0.149034,0.064965,0.230176,0.074104,0.082345,0.135552,0.149972,0.143132,0.328947,0.102212,0.002282,0.001199,0.001086,0.000650,0.000816,0.000643,0.000840,0.000962,0.001117,0.001158,0.102381,80
pets_latent_mpc,peg_insert_with_lag,compliance_shift,long_horizon,0.675000,0.536597,0.178352,0.175087,0.073804,0.232604,0.081125,0.094287,0.150193,0.167439,0.159040,0.250727,0.103285,0.002381,0.001197,0.001147,0.000677,0.000822,0.000737,0.000848,0.001077,0.001224,0.001343,0.103709,80
pets_latent_mpc,peg_insert_with_lag,compliance_shift,sparse_observation,0.575000,0.513129,0.185134,0.173543,0.075875,0.240680,0.088907,0.107851,0.154943,0.178522,0.164493,0.123161,0.109011,0.001984,0.001112,0.001221,0.000584,0.000808,0.000662,0.000829,0.000810,0.001076,0.001026,0.109266,80
pets_latent_mpc,peg_insert_with_lag,contact_mode_flip,combined_stress,0.512500,0.479601,0.213782,0.199269,0.084684,0.248850,0.097557,0.119764,0.172267,0.199785,0.183385,-0.027003,0.110224,0.002241,0.001052,0.001235,0.000683,0.000856,0.000661,0.000804,0.000873,0.001131,0.001306,0.109874,80
pets_latent_mpc,peg_insert_with_lag,contact_mode_flip,hidden_mechanism,0.575000,0.505375,0.190311,0.174083,0.073931,0.240748,0.084747,0.100224,0.153369,0.172513,0.162132,0.122141,0.109011,0.002318,0.001044,0.001207,0.000668,0.000912,0.000666,0.000833,0.000964,0.001135,0.001212,0.109068,80
pets_latent_mpc,peg_insert_with_lag,contact_mode_flip,in_distribution,0.687500,0.517915,0.177642,0.161374,0.069383,0.237200,0.078406,0.090198,0.144206,0.160141,0.152407,0.277606,0.102212,0.002360,0.001099,0.001070,0.000590,0.000824,0.000646,0.000955,0.000867,0.001024,0.001116,0.102433,80
pets_latent_mpc,peg_insert_with_lag,contact_mode_flip,long_horizon,0.687500,0.508028,0.194414,0.186697,0.077389,0.239600,0.086293,0.101623,0.157970,0.177353,0.167789,0.214582,0.102212,0.002155,0.001155,0.001148,0.000676,0.000978,0.000612,0.000860,0.000857,0.001125,0.001173,0.101839,80
pets_latent_mpc,peg_insert_with_lag,contact_mode_flip,sparse_observation,0.587500,0.484650,0.201672,0.184108,0.079265,0.247357,0.094216,0.116459,0.163186,0.189002,0.173966,0.087096,0.108557,0.001741,0.000981,0.000909,0.000710,0.000833,0.000656,0.000811,0.000842,0.001002,0.001091,0.108554,80
pets_latent_mpc,peg_insert_with_lag,friction_shift,combined_stress,0.612500,0.523142,0.190017,0.182866,0.079569,0.239590,0.091616,0.109207,0.160053,0.184154,0.170686,0.143744,0.107431,0.002008,0.000862,0.001187,0.000580,0.000882,0.000753,0.000879,0.000814,0.001051,0.001042,0.107734,80
pets_latent_mpc,peg_insert_with_lag,friction_shift,hidden_mechanism,0.675000,0.546453,0.165110,0.157477,0.068372,0.231223,0.077710,0.089152,0.140172,0.157073,0.148414,0.295399,0.103285,0.002077,0.001109,0.000807,0.000674,0.000849,0.000604,0.000799,0.000822,0.001211,0.001012,0.103279,80
pets_latent_mpc,peg_insert_with_lag,friction_shift,in_distribution,0.737500,0.558404,0.153749,0.144717,0.062929,0.227439,0.071649,0.079996,0.132540,0.146240,0.139744,0.399206,0.097026,0.002164,0.001126,0.001020,0.000563,0.000855,0.000653,0.000837,0.000946,0.001200,0.001083,0.097188,80
pets_latent_mpc,peg_insert_with_lag,friction_shift,long_horizon,0.737500,0.550655,0.171163,0.169415,0.071071,0.230438,0.078768,0.091115,0.146000,0.162604,0.154367,0.337155,0.097026,0.002207,0.001047,0.001109,0.000745,0.000862,0.000706,0.000864,0.000757,0.001121,0.000978,0.097062,80
pets_latent_mpc,peg_insert_with_lag,friction_shift,sparse_observation,0.562500,0.525150,0.176420,0.168109,0.072999,0.237990,0.087256,0.105120,0.150531,0.173933,0.159764,0.135093,0.109394,0.002396,0.001282,0.001053,0.000573,0.000812,0.000758,0.000961,0.000814,0.001008,0.000999,0.109178,80
pets_latent_mpc,peg_insert_with_lag,nominal,combined_stress,0.800000,0.560757,0.170310,0.168980,0.073321,0.232306,0.086240,0.101635,0.148675,0.172041,0.158361,0.393441,0.088207,0.002054,0.001248,0.001164,0.000682,0.000830,0.000631,0.000841,0.000817,0.001055,0.001088,0.088270,80
pets_latent_mpc,peg_insert_with_lag,nominal,hidden_mechanism,0.675000,0.590455,0.147319,0.142563,0.061777,0.224119,0.073340,0.080517,0.129443,0.145366,0.136410,0.358370,0.103285,0.002168,0.001080,0.001317,0.000561,0.000887,0.000604,0.000936,0.000830,0.000958,0.000953,0.103195,80
pets_latent_mpc,peg_insert_with_lag,nominal,in_distribution,0.675000,0.602004,0.135759,0.131225,0.057091,0.220400,0.067749,0.070614,0.120508,0.132468,0.127045,0.398530,0.103285,0.002380,0.001212,0.001173,0.000607,0.000872,0.000673,0.000808,0.000984,0.001116,0.001148,0.103600,80
pets_latent_mpc,peg_insert_with_lag,nominal,long_horizon,0.600000,0.589705,0.152425,0.155663,0.065623,0.223000,0.073728,0.082918,0.135467,0.150211,0.143721,0.259952,0.108031,0.002270,0.001020,0.001093,0.000613,0.000898,0.000727,0.000969,0.000795,0.001062,0.001137,0.108305,80
pets_latent_mpc,peg_insert_with_lag,nominal,sparse_observation,0.687500,0.566330,0.158154,0.154082,0.067953,0.230302,0.082095,0.096115,0.138989,0.160541,0.148018,0.321417,0.102212,0.002003,0.001043,0.001187,0.000533,0.000961,0.000713,0.000781,0.001096,0.001191,0.001324,0.102375,80
pets_latent_mpc,peg_insert_with_lag,occlusion_persistence,combined_stress,0.612500,0.489863,0.204174,0.194291,0.082725,0.246886,0.096400,0.118807,0.168160,0.195448,0.179821,0.095299,0.107431,0.001966,0.001110,0.001180,0.000710,0.001026,0.000679,0.000831,0.000907,0.001240,0.001028,0.107302,80
pets_latent_mpc,peg_insert_with_lag,occlusion_persistence,hidden_mechanism,0.512500,0.498585,0.184341,0.172909,0.072627,0.243752,0.089997,0.108812,0.151236,0.175403,0.161193,0.061021,0.110224,0.002132,0.000951,0.001060,0.000625,0.000755,0.000617,0.000737,0.000904,0.001103,0.001203,0.110257,80
pets_latent_mpc,peg_insert_with_lag,occlusion_persistence,in_distribution,0.625000,0.512243,0.171795,0.159490,0.067834,0.239884,0.084182,0.098716,0.142671,0.163672,0.152145,0.217007,0.106757,0.002208,0.001183,0.001113,0.000623,0.001004,0.000571,0.000787,0.000814,0.000978,0.001073,0.106571,80
pets_latent_mpc,peg_insert_with_lag,occlusion_persistence,long_horizon,0.525000,0.503093,0.190307,0.183364,0.075720,0.241757,0.090987,0.110669,0.157876,0.182201,0.167822,0.053604,0.110121,0.002154,0.001055,0.001265,0.000676,0.000892,0.000714,0.000755,0.000860,0.001037,0.001172,0.110618,80
pets_latent_mpc,peg_insert_with_lag,occlusion_persistence,sparse_observation,0.575000,0.491448,0.192012,0.180422,0.077013,0.245027,0.094526,0.114897,0.159537,0.185862,0.170112,0.094214,0.109011,0.001825,0.001034,0.001147,0.000767,0.001003,0.000675,0.000842,0.000952,0.001202,0.001238,0.108753,80
pets_latent_mpc,peg_insert_with_lag,payload_shift,combined_stress,0.550000,0.485274,0.206474,0.195875,0.085043,0.246273,0.095616,0.117327,0.170926,0.196398,0.181346,0.024586,0.109706,0.002334,0.001193,0.001061,0.000675,0.000846,0.000718,0.000807,0.000974,0.001158,0.001096,0.109596,80
pets_latent_mpc,peg_insert_with_lag,payload_shift,hidden_mechanism,0.512500,0.511024,0.185483,0.170941,0.075205,0.238512,0.083566,0.097734,0.153768,0.172151,0.162877,0.068667,0.110224,0.002292,0.001107,0.001232,0.000804,0.000887,0.000682,0.001022,0.000961,0.001195,0.001287,0.110486,80
pets_latent_mpc,peg_insert_with_lag,payload_shift,in_distribution,0.637500,0.525559,0.173697,0.158244,0.070612,0.235416,0.077119,0.087875,0.145392,0.160429,0.153143,0.235921,0.106008,0.002033,0.001213,0.001153,0.000680,0.000958,0.000541,0.000889,0.000830,0.001035,0.001073,0.105870,80
pets_latent_mpc,peg_insert_with_lag,payload_shift,long_horizon,0.525000,0.511179,0.191576,0.182276,0.078381,0.237290,0.084434,0.099015,0.159147,0.177241,0.168211,0.059637,0.110121,0.002288,0.000998,0.001147,0.000689,0.000853,0.000642,0.000831,0.000987,0.001085,0.001226,0.110430,80
pets_latent_mpc,peg_insert_with_lag,payload_shift,sparse_observation,0.637500,0.487553,0.197154,0.180213,0.080284,0.245720,0.092844,0.112284,0.164031,0.188997,0.174539,0.145733,0.106008,0.002264,0.000973,0.001185,0.000608,0.000852,0.000771,0.000856,0.000840,0.001158,0.001083,0.106085,80
proposed_failed_rollout_audit_v4_1,cluttered_navigation_grasp,actuator_lag,combined_stress,0.700000,0.617099,0.148023,0.135570,0.067481,0.234382,0.064856,0.127741,0.108355,0.139240,0.109515,0.396801,0.101054,0.002219,0.001200,0.001122,0.000650,0.000841,0.000763,0.000840,0.000808,0.001020,0.001083,0.100678,80
proposed_failed_rollout_audit_v4_1,cluttered_navigation_grasp,actuator_lag,hidden_mechanism,0.725000,0.641472,0.130810,0.112643,0.058781,0.228373,0.054961,0.107373,0.093789,0.118505,0.093587,0.493484,0.098464,0.001984,0.001101,0.001078,0.000611,0.000917,0.000637,0.000907,0.000872,0.001034,0.001041,0.098718,80
proposed_failed_rollout_audit_v4_1,cluttered_navigation_grasp,actuator_lag,in_distribution,0.750000,0.655314,0.119871,0.102686,0.054471,0.224139,0.050158,0.098439,0.086998,0.107554,0.085993,0.555543,0.095487,0.002331,0.001195,0.001027,0.000618,0.000907,0.000603,0.000854,0.000868,0.001032,0.001109,0.095570,80
proposed_failed_rollout_audit_v4_1,cluttered_navigation_grasp,actuator_lag,long_horizon,0.787500,0.644881,0.134155,0.124496,0.061482,0.226974,0.055985,0.109379,0.098976,0.123322,0.098627,0.538130,0.090208,0.002119,0.001126,0.001205,0.000569,0.000903,0.000673,0.000843,0.000897,0.001153,0.001003,0.090526,80
proposed_failed_rollout_audit_v4_1,cluttered_navigation_grasp,actuator_lag,sparse_observation,0.700000,0.619553,0.140289,0.121150,0.063748,0.233876,0.063168,0.122953,0.102572,0.132528,0.103728,0.425639,0.101054,0.002439,0.001044,0.001131,0.000637,0.000824,0.000616,0.000798,0.000871,0.001250,0.001099,0.101470,80
proposed_failed_rollout_audit_v4_1,cluttered_navigation_grasp,combined_hidden_mechanisms,combined_stress,0.600000,0.578384,0.166436,0.150274,0.070775,0.242776,0.070720,0.139599,0.115226,0.148334,0.117497,0.239316,0.108031,0.001840,0.001064,0.001101,0.000574,0.000867,0.000750,0.000876,0.000887,0.001094,0.001202,0.108090,80
proposed_failed_rollout_audit_v4_1,cluttered_navigation_grasp,combined_hidden_mechanisms,hidden_mechanism,0.600000,0.588555,0.161732,0.133828,0.068063,0.240306,0.065577,0.130630,0.110270,0.140509,0.111976,0.271261,0.108031,0.002287,0.000986,0.001114,0.000626,0.000868,0.000571,0.000905,0.000986,0.001176,0.001136,0.108194,80
proposed_failed_rollout_audit_v4_1,cluttered_navigation_grasp,combined_hidden_mechanisms,in_distribution,0.625000,0.599851,0.153173,0.124527,0.063854,0.237408,0.060991,0.121083,0.104194,0.131106,0.104804,0.328794,0.106757,0.002350,0.001033,0.001056,0.000583,0.000880,0.000543,0.000755,0.000934,0.001095,0.001100,0.106867,80
proposed_failed_rollout_audit_v4_1,cluttered_navigation_grasp,combined_hidden_mechanisms,long_horizon,0.725000,0.589211,0.164810,0.145199,0.069394,0.240007,0.065797,0.132506,0.113119,0.143288,0.114487,0.381158,0.098464,0.002423,0.001090,0.000953,0.000700,0.000857,0.000704,0.000935,0.000941,0.001017,0.001239,0.098552,80
proposed_failed_rollout_audit_v4_1,cluttered_navigation_grasp,combined_hidden_mechanisms,sparse_observation,0.675000,0.577166,0.164449,0.139581,0.070188,0.242494,0.069050,0.138372,0.114643,0.148015,0.116532,0.326291,0.103285,0.002081,0.001079,0.001053,0.000683,0.000861,0.000683,0.000886,0.000925,0.001121,0.001091,0.103537,80
proposed_failed_rollout_audit_v4_1,cluttered_navigation_grasp,compliance_shift,combined_stress,0.737500,0.628125,0.143269,0.131638,0.066269,0.232294,0.063754,0.125888,0.104964,0.135841,0.106189,0.450525,0.097026,0.002307,0.001106,0.001170,0.000670,0.000888,0.000690,0.000786,0.000865,0.001173,0.001028,0.096652,80
proposed_failed_rollout_audit_v4_1,cluttered_navigation_grasp,compliance_shift,hidden_mechanism,0.675000,0.650070,0.123735,0.108920,0.055963,0.226379,0.053410,0.103521,0.089390,0.112844,0.089232,0.463800,0.103285,0.001960,0.001135,0.001065,0.000648,0.001053,0.000576,0.000706,0.000900,0.001140,0.001156,0.103197,80
proposed_failed_rollout_audit_v4_1,cluttered_navigation_grasp,compliance_shift,in_distribution,0.837500,0.662640,0.112284,0.098850,0.050878,0.222447,0.048433,0.094163,0.081330,0.101318,0.080206,0.665200,0.081351,0.001700,0.001037,0.001182,0.000656,0.000943,0.000666,0.000866,0.000922,0.001188,0.001333,0.081315,80
proposed_failed_rollout_audit_v4_1,cluttered_navigation_grasp,compliance_shift,long_horizon,0.662500,0.653825,0.128405,0.120783,0.059121,0.225124,0.053912,0.106813,0.093352,0.116312,0.093223,0.432622,0.104273,0.002231,0.001154,0.001056,0.000648,0.000875,0.000619,0.001017,0.000924,0.001176,0.001189,0.104465,80
proposed_failed_rollout_audit_v4_1,cluttered_navigation_grasp,compliance_shift,sparse_observation,0.687500,0.628195,0.132025,0.117738,0.060759,0.231433,0.062290,0.120451,0.097323,0.127675,0.097546,0.434547,0.102212,0.001989,0.001196,0.001047,0.000658,0.000727,0.000727,0.000884,0.000931,0.001045,0.001088,0.102271,80
proposed_failed_rollout_audit_v4_1,cluttered_navigation_grasp,contact_mode_flip,combined_stress,0.712500,0.606309,0.158459,0.143363,0.069397,0.236896,0.067420,0.133106,0.110869,0.143524,0.112557,0.383119,0.099805,0.001847,0.001067,0.001119,0.000639,0.000967,0.000652,0.000801,0.000869,0.001227,0.001029,0.099934,80
proposed_failed_rollout_audit_v4_1,cluttered_navigation_grasp,contact_mode_flip,hidden_mechanism,0.787500,0.627568,0.137993,0.119070,0.058684,0.230998,0.057093,0.112049,0.094680,0.119988,0.094975,0.536293,0.090208,0.002312,0.001085,0.001259,0.000658,0.001013,0.000695,0.000931,0.000802,0.001062,0.001051,0.090477,80
proposed_failed_rollout_audit_v4_1,cluttered_navigation_grasp,contact_mode_flip,in_distribution,0.725000,0.640938,0.127671,0.108458,0.054631,0.228321,0.052464,0.101534,0.088246,0.110493,0.087537,0.509891,0.098464,0.002204,0.001011,0.001155,0.000623,0.000809,0.000661,0.000818,0.000891,0.001090,0.001191,0.098491,80
proposed_failed_rollout_audit_v4_1,cluttered_navigation_grasp,contact_mode_flip,long_horizon,0.725000,0.632726,0.142624,0.131427,0.061521,0.230315,0.057095,0.113172,0.100111,0.124815,0.100050,0.455172,0.098464,0.002365,0.001203,0.001073,0.000691,0.000820,0.000587,0.000840,0.000830,0.001214,0.000957,0.098737,80
proposed_failed_rollout_audit_v4_1,cluttered_navigation_grasp,contact_mode_flip,sparse_observation,0.762500,0.606874,0.147191,0.128800,0.064016,0.236435,0.065659,0.127752,0.103172,0.135113,0.104454,0.467774,0.093841,0.002495,0.001183,0.001091,0.000690,0.000892,0.000580,0.000838,0.000789,0.000926,0.000983,0.094017,80
proposed_failed_rollout_audit_v4_1,cluttered_navigation_grasp,friction_shift,combined_stress,0.737500,0.633802,0.136563,0.127693,0.063750,0.230494,0.062729,0.122635,0.101564,0.131765,0.101769,0.468267,0.097026,0.002198,0.001116,0.001162,0.000702,0.000714,0.000569,0.000898,0.000934,0.001172,0.001124,0.097262,80
proposed_failed_rollout_audit_v4_1,cluttered_navigation_grasp,friction_shift,hidden_mechanism,0.687500,0.657211,0.115998,0.103906,0.053362,0.223682,0.052579,0.101667,0.086132,0.109391,0.085075,0.496201,0.102212,0.002238,0.001074,0.001059,0.000650,0.000871,0.000649,0.000978,0.000860,0.001117,0.001145,0.102498,80
proposed_failed_rollout_audit_v4_1,cluttered_navigation_grasp,friction_shift,in_distribution,0.650000,0.669266,0.106092,0.092794,0.048807,0.219873,0.047515,0.090416,0.079257,0.099419,0.078355,0.495891,0.105180,0.002106,0.001222,0.001214,0.000660,0.000869,0.000539,0.000847,0.000855,0.000966,0.001029,0.105364,80
proposed_failed_rollout_audit_v4_1,cluttered_navigation_grasp,friction_shift,long_horizon,0.812500,0.662764,0.120238,0.116525,0.056274,0.223197,0.052738,0.102461,0.090325,0.113069,0.089763,0.603505,0.086071,0.002048,0.001014,0.001009,0.000661,0.000867,0.000698,0.000914,0.001034,0.001269,0.001207,0.086135,80
proposed_failed_rollout_audit_v4_1,cluttered_navigation_grasp,friction_shift,sparse_observation,0.762500,0.638037,0.125584,0.112893,0.058203,0.228344,0.059625,0.116392,0.093807,0.123532,0.094267,0.530709,0.093841,0.002003,0.001099,0.001198,0.000610,0.000768,0.000646,0.000848,0.000815,0.000951,0.001066,0.093624,80
proposed_failed_rollout_audit_v4_1,cluttered_navigation_grasp,nominal,combined_stress,0.700000,0.662796,0.121229,0.115945,0.058321,0.223938,0.058817,0.112520,0.093252,0.122018,0.093679,0.481018,0.101054,0.002157,0.001048,0.001002,0.000641,0.001026,0.000652,0.000866,0.000828,0.001013,0.001009,0.101085,80
proposed_failed_rollout_audit_v4_1,cluttered_navigation_grasp,nominal,hidden_mechanism,0.737500,0.686774,0.098743,0.093312,0.048446,0.217604,0.049357,0.091806,0.076543,0.098942,0.074974,0.597226,0.097026,0.002573,0.001024,0.001148,0.000677,0.000802,0.000591,0.000769,0.000873,0.001093,0.001000,0.097174,80
proposed_failed_rollout_audit_v4_1,cluttered_navigation_grasp,nominal,in_distribution,0.837500,0.699538,0.089242,0.083107,0.043756,0.214796,0.043869,0.082279,0.070114,0.088394,0.068234,0.733016,0.081351,0.001828,0.001075,0.001112,0.000620,0.000911,0.000644,0.000924,0.000934,0.001076,0.001302,0.081596,80
proposed_failed_rollout_audit_v4_1,cluttered_navigation_grasp,nominal,long_horizon,0.762500,0.687776,0.105185,0.105807,0.050963,0.216754,0.048963,0.093964,0.081548,0.103382,0.080256,0.601083,0.093841,0.002341,0.001080,0.001061,0.000736,0.000875,0.000613,0.000972,0.000816,0.001074,0.001061,0.093896,80
proposed_failed_rollout_audit_v4_1,cluttered_navigation_grasp,nominal,sparse_observation,0.775000,0.663923,0.109343,0.103803,0.052903,0.222984,0.057311,0.106593,0.084298,0.113321,0.084119,0.590511,0.092084,0.002160,0.001253,0.001221,0.000649,0.000873,0.000582,0.000857,0.000885,0.001010,0.001110,0.092265,80
proposed_failed_rollout_audit_v4_1,cluttered_navigation_grasp,occlusion_persistence,combined_stress,0.650000,0.611335,0.150201,0.136951,0.066620,0.236149,0.067059,0.131684,0.106568,0.139490,0.108345,0.341299,0.105180,0.002617,0.001145,0.000972,0.000607,0.000765,0.000622,0.000870,0.000920,0.001067,0.001164,0.105122,80
proposed_failed_rollout_audit_v4_1,cluttered_navigation_grasp,occlusion_persistence,hidden_mechanism,0.750000,0.618493,0.132191,0.116783,0.057651,0.233405,0.062816,0.120504,0.093639,0.124829,0.094792,0.499076,0.095487,0.002377,0.001090,0.001038,0.000668,0.000838,0.000724,0.000739,0.000786,0.000941,0.001034,0.095723,80
proposed_failed_rollout_audit_v4_1,cluttered_navigation_grasp,occlusion_persistence,in_distribution,0.787500,0.630323,0.120709,0.106596,0.052642,0.229723,0.058303,0.110654,0.086847,0.114323,0.086408,0.574225,0.090208,0.002393,0.000996,0.001147,0.000717,0.000862,0.000669,0.000852,0.000783,0.001079,0.000939,0.089910,80
proposed_failed_rollout_audit_v4_1,cluttered_navigation_grasp,occlusion_persistence,long_horizon,0.625000,0.621056,0.135946,0.128059,0.059769,0.233133,0.062575,0.122431,0.097400,0.127635,0.098310,0.357892,0.106757,0.001921,0.000981,0.001085,0.000675,0.000987,0.000677,0.000866,0.000954,0.001236,0.001188,0.106799,80
proposed_failed_rollout_audit_v4_1,cluttered_navigation_grasp,occlusion_persistence,sparse_observation,0.650000,0.610360,0.139008,0.123797,0.061570,0.235947,0.065146,0.127256,0.099766,0.131673,0.100986,0.373160,0.105180,0.002110,0.000985,0.001024,0.000645,0.000870,0.000682,0.000959,0.000928,0.001059,0.001069,0.105289,80
proposed_failed_rollout_audit_v4_1,cluttered_navigation_grasp,payload_shift,combined_stress,0.687500,0.608471,0.151650,0.138101,0.067753,0.235970,0.066074,0.130012,0.108893,0.139408,0.110818,0.373838,0.102212,0.002500,0.001160,0.001032,0.000684,0.000799,0.000739,0.000967,0.000884,0.001127,0.001094,0.102082,80
proposed_failed_rollout_audit_v4_1,cluttered_navigation_grasp,payload_shift,hidden_mechanism,0.775000,0.633950,0.134470,0.115751,0.060549,0.229467,0.055711,0.109024,0.096742,0.120596,0.096372,0.530326,0.092084,0.002365,0.001039,0.001115,0.000557,0.000893,0.000674,0.001003,0.000864,0.001127,0.001165,0.091920,80
proposed_failed_rollout_audit_v4_1,cluttered_navigation_grasp,payload_shift,in_distribution,0.662500,0.648841,0.123389,0.104219,0.055468,0.225775,0.050638,0.100161,0.089325,0.110271,0.088762,0.457779,0.104273,0.002149,0.001134,0.000989,0.000727,0.000897,0.000648,0.000760,0.000935,0.001177,0.001160,0.104581,80
proposed_failed_rollout_audit_v4_1,cluttered_navigation_grasp,payload_shift,long_horizon,0.737500,0.639658,0.138596,0.126676,0.063006,0.229247,0.056213,0.111375,0.100618,0.125279,0.100347,0.476712,0.097026,0.002155,0.001133,0.001157,0.000707,0.000909,0.000676,0.000916,0.000977,0.001256,0.001262,0.097075,80
proposed_failed_rollout_audit_v4_1,cluttered_navigation_grasp,payload_shift,sparse_observation,0.737500,0.612662,0.143524,0.123934,0.064599,0.234602,0.063687,0.124473,0.103805,0.134243,0.104511,0.453164,0.097026,0.002507,0.000981,0.001089,0.000668,0.000820,0.000707,0.000993,0.000948,0.001137,0.001155,0.097277,80
proposed_failed_rollout_audit_v4_1,deformable_bin_pick,actuator_lag,combined_stress,0.725000,0.618126,0.146748,0.133848,0.067825,0.234731,0.065619,0.127734,0.107614,0.138875,0.109043,0.424264,0.098464,0.002463,0.001101,0.000936,0.000656,0.000886,0.000672,0.000850,0.000955,0.001167,0.001198,0.098181,80
proposed_failed_rollout_audit_v4_1,deformable_bin_pick,actuator_lag,hidden_mechanism,0.725000,0.643173,0.128437,0.111802,0.059191,0.228257,0.055245,0.107342,0.094069,0.118313,0.093655,0.496179,0.098464,0.002336,0.001043,0.001112,0.000753,0.000843,0.000623,0.000763,0.000900,0.001136,0.001113,0.098584,80
proposed_failed_rollout_audit_v4_1,deformable_bin_pick,actuator_lag,in_distribution,0.700000,0.654300,0.118829,0.100322,0.053600,0.224339,0.050393,0.097612,0.086466,0.107402,0.085719,0.509234,0.101054,0.002486,0.001202,0.000924,0.000661,0.000787,0.000646,0.000829,0.000908,0.001077,0.001224,0.101537,80
proposed_failed_rollout_audit_v4_1,deformable_bin_pick,actuator_lag,long_horizon,0.725000,0.648021,0.132509,0.123374,0.061818,0.227458,0.055283,0.108373,0.098410,0.123108,0.098207,0.479530,0.098464,0.002243,0.001186,0.001067,0.000685,0.000994,0.000680,0.000887,0.000885,0.001101,0.001229,0.098532,80
proposed_failed_rollout_audit_v4_1,deformable_bin_pick,actuator_lag,sparse_observation,0.675000,0.620485,0.138499,0.120338,0.062977,0.233323,0.062944,0.122488,0.101351,0.131556,0.102570,0.405207,0.103285,0.002528,0.001139,0.001251,0.000639,0.000946,0.000600,0.000824,0.000851,0.001213,0.001049,0.103631,80
proposed_failed_rollout_audit_v4_1,deformable_bin_pick,combined_hidden_mechanisms,combined_stress,0.787500,0.579919,0.166922,0.149339,0.070807,0.243190,0.070025,0.139488,0.114862,0.148466,0.116390,0.428093,0.090208,0.002082,0.001039,0.001248,0.000687,0.000841,0.000734,0.000904,0.000824,0.001030,0.001031,0.090030,80
proposed_failed_rollout_audit_v4_1,deformable_bin_pick,combined_hidden_mechanisms,hidden_mechanism,0.637500,0.587847,0.161482,0.134450,0.068159,0.241148,0.065668,0.129342,0.110041,0.140260,0.111354,0.308267,0.106008,0.002107,0.001109,0.001038,0.000647,0.000913,0.000653,0.000805,0.000816,0.001005,0.001120,0.105873,80
proposed_failed_rollout_audit_v4_1,deformable_bin_pick,combined_hidden_mechanisms,in_distribution,0.712500,0.600385,0.152378,0.122119,0.063749,0.237800,0.060517,0.119855,0.103963,0.131182,0.104179,0.419727,0.099805,0.002330,0.000984,0.000981,0.000693,0.000883,0.000725,0.000865,0.000903,0.001195,0.001161,0.099861,80
proposed_failed_rollout_audit_v4_1,deformable_bin_pick,combined_hidden_mechanisms,long_horizon,0.712500,0.592125,0.163452,0.144943,0.069606,0.239837,0.065630,0.131388,0.112881,0.142962,0.114372,0.371392,0.099805,0.002467,0.001000,0.001154,0.000535,0.000789,0.000586,0.000832,0.000879,0.001067,0.001159,0.100023,80
proposed_failed_rollout_audit_v4_1,deformable_bin_pick,combined_hidden_mechanisms,sparse_observation,0.587500,0.579389,0.164923,0.139058,0.069477,0.242601,0.069406,0.138177,0.113259,0.146244,0.115004,0.240966,0.108557,0.002097,0.001002,0.000944,0.000697,0.000975,0.000672,0.000925,0.000834,0.001087,0.001088,0.108882,80
proposed_failed_rollout_audit_v4_1,deformable_bin_pick,compliance_shift,combined_stress,0.800000,0.628111,0.141431,0.130259,0.065092,0.230888,0.064026,0.123741,0.104920,0.135184,0.105928,0.517754,0.088207,0.002096,0.001101,0.001040,0.000619,0.000845,0.000743,0.000841,0.000889,0.000932,0.001173,0.088373,80
proposed_failed_rollout_audit_v4_1,deformable_bin_pick,compliance_shift,hidden_mechanism,0.675000,0.651905,0.120566,0.108344,0.054799,0.225227,0.053110,0.102602,0.089080,0.113035,0.087911,0.469901,0.103285,0.002409,0.001154,0.001061,0.000726,0.000963,0.000564,0.000898,0.000914,0.001075,0.001088,0.103281,80
proposed_failed_rollout_audit_v4_1,deformable_bin_pick,compliance_shift,in_distribution,0.762500,0.666827,0.110578,0.095860,0.051368,0.221594,0.048422,0.093238,0.081639,0.102486,0.080841,0.595259,0.093841,0.002544,0.001220,0.001121,0.000650,0.000977,0.000698,0.001065,0.000730,0.000977,0.000887,0.094031,80
proposed_failed_rollout_audit_v4_1,deformable_bin_pick,compliance_shift,long_horizon,0.675000,0.655947,0.125277,0.119567,0.058402,0.224707,0.053936,0.105124,0.093508,0.116634,0.093776,0.450775,0.103285,0.002213,0.000973,0.001205,0.000694,0.000902,0.000728,0.000801,0.000811,0.001102,0.001103,0.103318,80
proposed_failed_rollout_audit_v4_1,deformable_bin_pick,compliance_shift,sparse_observation,0.625000,0.630967,0.130006,0.115950,0.060129,0.230571,0.061040,0.118380,0.096425,0.126664,0.097321,0.378826,0.106757,0.002273,0.001140,0.001184,0.000571,0.000863,0.000591,0.000869,0.000744,0.001013,0.001091,0.106645,80
proposed_failed_rollout_audit_v4_1,deformable_bin_pick,contact_mode_flip,combined_stress,0.737500,0.605487,0.156048,0.140502,0.067595,0.236950,0.066957,0.133298,0.110215,0.142298,0.112019,0.414797,0.097026,0.002235,0.001111,0.001043,0.000664,0.000924,0.000625,0.000825,0.000895,0.001126,0.001092,0.097234,80
proposed_failed_rollout_audit_v4_1,deformable_bin_pick,contact_mode_flip,hidden_mechanism,0.712500,0.630654,0.135528,0.118894,0.058964,0.230416,0.056366,0.111429,0.094607,0.119628,0.095088,0.465191,0.099805,0.002186,0.001046,0.001095,0.000680,0.000832,0.000638,0.000888,0.000779,0.000987,0.000998,0.099445,80
proposed_failed_rollout_audit_v4_1,deformable_bin_pick,contact_mode_flip,in_distribution,0.737500,0.643631,0.125484,0.107303,0.053877,0.228134,0.051823,0.101301,0.088323,0.110647,0.087876,0.527411,0.097026,0.002109,0.001021,0.001232,0.000707,0.000712,0.000663,0.000908,0.000847,0.001067,0.001138,0.096966,80
proposed_failed_rollout_audit_v4_1,deformable_bin_pick,contact_mode_flip,long_horizon,0.712500,0.632743,0.140895,0.130230,0.061565,0.229556,0.057067,0.112897,0.098867,0.123501,0.098748,0.446249,0.099805,0.002264,0.001109,0.001171,0.000648,0.000947,0.000649,0.000830,0.000924,0.001171,0.001201,0.099689,80
proposed_failed_rollout_audit_v4_1,deformable_bin_pick,contact_mode_flip,sparse_observation,0.700000,0.609851,0.144847,0.127298,0.063569,0.236821,0.064897,0.126523,0.102734,0.134463,0.103948,0.410905,0.101054,0.002529,0.000920,0.000987,0.000716,0.000955,0.000679,0.000937,0.000871,0.001193,0.001106,0.101219,80
proposed_failed_rollout_audit_v4_1,deformable_bin_pick,friction_shift,combined_stress,0.700000,0.635930,0.134827,0.125209,0.063567,0.229709,0.062852,0.121514,0.102025,0.131686,0.102885,0.435315,0.101054,0.002139,0.001168,0.000967,0.000692,0.001058,0.000707,0.000856,0.000827,0.001062,0.001021,0.101097,80
proposed_failed_rollout_audit_v4_1,deformable_bin_pick,friction_shift,hidden_mechanism,0.775000,0.660182,0.113905,0.103216,0.053464,0.223348,0.052198,0.099708,0.084861,0.107678,0.084005,0.588579,0.092084,0.002439,0.001252,0.000860,0.000597,0.000808,0.000607,0.000962,0.000958,0.001231,0.001171,0.092298,80
proposed_failed_rollout_audit_v4_1,deformable_bin_pick,friction_shift,in_distribution,0.812500,0.673833,0.103875,0.092541,0.048161,0.220149,0.047412,0.089683,0.078150,0.098347,0.076616,0.663688,0.086071,0.002285,0.001031,0.001084,0.000632,0.000825,0.000636,0.000961,0.000919,0.001159,0.001177,0.086032,80
proposed_failed_rollout_audit_v4_1,deformable_bin_pick,friction_shift,long_horizon,0.787500,0.664312,0.118645,0.115268,0.055406,0.222026,0.052250,0.101554,0.089329,0.111741,0.088026,0.583823,0.090208,0.001887,0.000970,0.000941,0.000714,0.000833,0.000606,0.000838,0.000905,0.001067,0.001017,0.090840,80
proposed_failed_rollout_audit_v4_1,deformable_bin_pick,friction_shift,sparse_observation,0.725000,0.639660,0.123178,0.113254,0.057632,0.228509,0.060939,0.115942,0.093018,0.122026,0.093610,0.496129,0.098464,0.002059,0.001006,0.000939,0.000673,0.000848,0.000689,0.000910,0.000890,0.001078,0.001118,0.098671,80
proposed_failed_rollout_audit_v4_1,deformable_bin_pick,nominal,combined_stress,0.637500,0.664268,0.119307,0.115106,0.058645,0.224071,0.059524,0.111697,0.092378,0.121885,0.092917,0.421402,0.106008,0.002269,0.001186,0.001187,0.000712,0.000869,0.000653,0.000824,0.000806,0.001058,0.000985,0.105705,80
proposed_failed_rollout_audit_v4_1,deformable_bin_pick,nominal,hidden_mechanism,0.812500,0.686170,0.099027,0.091889,0.047849,0.217094,0.048475,0.091482,0.076609,0.098343,0.074908,0.674147,0.086071,0.002253,0.001135,0.001110,0.000646,0.000895,0.000707,0.000870,0.000930,0.001066,0.001238,0.086063,80
proposed_failed_rollout_audit_v4_1,deformable_bin_pick,nominal,in_distribution,0.762500,0.698268,0.086220,0.081641,0.043310,0.213875,0.044540,0.081203,0.070445,0.088921,0.068682,0.661893,0.093841,0.002303,0.000992,0.001005,0.000655,0.000862,0.000633,0.000863,0.000902,0.001114,0.001072,0.093697,80
proposed_failed_rollout_audit_v4_1,deformable_bin_pick,nominal,long_horizon,0.825000,0.691721,0.103156,0.105406,0.050676,0.216893,0.048596,0.092651,0.081486,0.102312,0.080740,0.667864,0.083789,0.002231,0.001043,0.001078,0.000777,0.000915,0.000591,0.000947,0.000986,0.001276,0.001126,0.083968,80
proposed_failed_rollout_audit_v4_1,deformable_bin_pick,nominal,sparse_observation,0.712500,0.666096,0.107855,0.101253,0.052857,0.222475,0.056841,0.106084,0.083989,0.111796,0.083595,0.532862,0.099805,0.002360,0.001203,0.001159,0.000680,0.001009,0.000597,0.000853,0.000841,0.001086,0.001185,0.099703,80
proposed_failed_rollout_audit_v4_1,deformable_bin_pick,occlusion_persistence,combined_stress,0.762500,0.613298,0.148367,0.135375,0.066887,0.234882,0.066890,0.131304,0.107332,0.140153,0.108703,0.457162,0.093841,0.001766,0.001030,0.000993,0.000631,0.000982,0.000687,0.000907,0.000970,0.001189,0.001191,0.093779,80
proposed_failed_rollout_audit_v4_1,deformable_bin_pick,occlusion_persistence,hidden_mechanism,0.750000,0.621049,0.129480,0.115377,0.057003,0.233371,0.061983,0.120222,0.093449,0.123698,0.094455,0.504854,0.095487,0.002407,0.001132,0.001152,0.000645,0.000957,0.000680,0.000857,0.000825,0.001167,0.001198,0.095780,80
proposed_failed_rollout_audit_v4_1,deformable_bin_pick,occlusion_persistence,in_distribution,0.700000,0.631103,0.119933,0.105108,0.052664,0.229730,0.057418,0.110234,0.086259,0.112939,0.086285,0.489778,0.101054,0.002186,0.001103,0.001183,0.000645,0.000839,0.000660,0.000907,0.000876,0.001137,0.001155,0.101196,80
proposed_failed_rollout_audit_v4_1,deformable_bin_pick,occlusion_persistence,long_horizon,0.712500,0.623916,0.134886,0.126543,0.059983,0.232465,0.062720,0.121327,0.097805,0.127833,0.098617,0.448382,0.099805,0.002224,0.000992,0.000944,0.000685,0.000763,0.000624,0.000962,0.000915,0.001140,0.001188,0.099738,80
proposed_failed_rollout_audit_v4_1,deformable_bin_pick,occlusion_persistence,sparse_observation,0.700000,0.612109,0.137488,0.123271,0.060354,0.234724,0.065372,0.125342,0.099540,0.131514,0.100872,0.427613,0.101054,0.002074,0.001126,0.000991,0.000677,0.000781,0.000532,0.000928,0.000965,0.001149,0.001145,0.101165,80
proposed_failed_rollout_audit_v4_1,deformable_bin_pick,payload_shift,combined_stress,0.712500,0.610130,0.151269,0.136895,0.067910,0.235543,0.065172,0.129191,0.108863,0.140346,0.109470,0.401326,0.099805,0.002338,0.001310,0.001110,0.000680,0.000896,0.000608,0.000917,0.000982,0.001106,0.001240,0.099999,80
proposed_failed_rollout_audit_v4_1,deformable_bin_pick,payload_shift,hidden_mechanism,0.750000,0.636925,0.132382,0.113707,0.060003,0.229871,0.055601,0.108954,0.097246,0.121283,0.097178,0.510054,0.095487,0.002718,0.001084,0.001232,0.000742,0.000956,0.000542,0.000972,0.000917,0.001137,0.001167,0.095884,80
proposed_failed_rollout_audit_v4_1,deformable_bin_pick,payload_shift,in_distribution,0.762500,0.648973,0.122336,0.101984,0.054914,0.225675,0.049995,0.098757,0.088378,0.109373,0.086658,0.562380,0.093841,0.002180,0.001143,0.001018,0.000637,0.000851,0.000639,0.000891,0.000836,0.001026,0.001159,0.093752,80
proposed_failed_rollout_audit_v4_1,deformable_bin_pick,payload_shift,long_horizon,0.687500,0.640635,0.136850,0.125304,0.062215,0.228700,0.055826,0.110722,0.100741,0.125031,0.100756,0.430976,0.102212,0.002262,0.001113,0.000897,0.000675,0.000829,0.000630,0.000933,0.000869,0.001036,0.001171,0.102310,80
proposed_failed_rollout_audit_v4_1,deformable_bin_pick,payload_shift,sparse_observation,0.687500,0.615022,0.141737,0.123488,0.064707,0.234301,0.063141,0.123986,0.104092,0.134063,0.105052,0.406144,0.102212,0.002040,0.001155,0.001110,0.000611,0.000639,0.000739,0.000846,0.000867,0.001039,0.001023,0.102150,80
proposed_failed_rollout_audit_v4_1,drawer_contact_repair,actuator_lag,combined_stress,0.812500,0.625890,0.143265,0.130852,0.067080,0.232916,0.064830,0.125909,0.105570,0.136718,0.107106,0.523371,0.086071,0.002410,0.001152,0.000935,0.000579,0.000797,0.000646,0.000759,0.000847,0.001009,0.001041,0.086115,80
proposed_failed_rollout_audit_v4_1,drawer_contact_repair,actuator_lag,hidden_mechanism,0.775000,0.649651,0.123695,0.108561,0.057791,0.225794,0.054183,0.104784,0.091420,0.115902,0.091492,0.560262,0.092084,0.001918,0.001003,0.001007,0.000620,0.000893,0.000696,0.000859,0.000825,0.001127,0.000984,0.092088,80
proposed_failed_rollout_audit_v4_1,drawer_contact_repair,actuator_lag,in_distribution,0.787500,0.660983,0.114130,0.097487,0.053441,0.222648,0.049802,0.095147,0.084819,0.105610,0.084125,0.608081,0.090208,0.002360,0.000999,0.001222,0.000678,0.000789,0.000560,0.000907,0.000855,0.001130,0.001193,0.090194,80
proposed_failed_rollout_audit_v4_1,drawer_contact_repair,actuator_lag,long_horizon,0.825000,0.650402,0.129591,0.119658,0.060558,0.225657,0.054514,0.106610,0.096341,0.120426,0.096153,0.589878,0.083789,0.002278,0.000942,0.001155,0.000704,0.000860,0.000624,0.000840,0.001006,0.001309,0.001187,0.083763,80
proposed_failed_rollout_audit_v4_1,drawer_contact_repair,actuator_lag,sparse_observation,0.700000,0.628360,0.133955,0.116947,0.063405,0.232786,0.062625,0.120968,0.099917,0.130569,0.100737,0.440817,0.101054,0.002104,0.001069,0.001059,0.000605,0.001012,0.000680,0.000817,0.000891,0.001175,0.001134,0.101172,80
proposed_failed_rollout_audit_v4_1,drawer_contact_repair,combined_hidden_mechanisms,combined_stress,0.750000,0.582660,0.165168,0.149167,0.070310,0.241670,0.070495,0.138337,0.115297,0.148499,0.117510,0.393948,0.095487,0.002096,0.001067,0.001041,0.000622,0.000965,0.000657,0.000790,0.000735,0.000943,0.001032,0.095573,80
proposed_failed_rollout_audit_v4_1,drawer_contact_repair,combined_hidden_mechanisms,hidden_mechanism,0.637500,0.593076,0.157842,0.130196,0.067664,0.239251,0.064449,0.127885,0.108064,0.138247,0.108930,0.320014,0.106008,0.002551,0.001055,0.001120,0.000705,0.000902,0.000704,0.000861,0.000933,0.001080,0.001095,0.106215,80
proposed_failed_rollout_audit_v4_1,drawer_contact_repair,combined_hidden_mechanisms,in_distribution,0.762500,0.604202,0.149579,0.119929,0.063017,0.235599,0.060881,0.118181,0.101956,0.128905,0.102799,0.478160,0.093841,0.002157,0.001165,0.000955,0.000630,0.000805,0.000639,0.000870,0.000949,0.001129,0.001196,0.093786,80
proposed_failed_rollout_audit_v4_1,drawer_contact_repair,combined_hidden_mechanisms,long_horizon,0.575000,0.597495,0.159809,0.142390,0.069471,0.238747,0.064804,0.129465,0.110648,0.140237,0.111189,0.243790,0.109011,0.002161,0.001148,0.001066,0.000606,0.000898,0.000698,0.000840,0.000858,0.001183,0.001137,0.108738,80
proposed_failed_rollout_audit_v4_1,drawer_contact_repair,combined_hidden_mechanisms,sparse_observation,0.625000,0.583187,0.162215,0.137067,0.069151,0.241955,0.069497,0.135230,0.112303,0.145838,0.114222,0.285489,0.106757,0.002209,0.001075,0.001094,0.000647,0.000676,0.000649,0.000955,0.000852,0.001006,0.001080,0.106856,80
proposed_failed_rollout_audit_v4_1,drawer_contact_repair,compliance_shift,combined_stress,0.737500,0.634002,0.137822,0.127126,0.065838,0.230269,0.063287,0.121962,0.103466,0.134102,0.103886,0.464111,0.097026,0.002298,0.001307,0.001051,0.000637,0.000839,0.000604,0.000805,0.000967,0.001068,0.001168,0.096911,80
proposed_failed_rollout_audit_v4_1,drawer_contact_repair,compliance_shift,hidden_mechanism,0.787500,0.659078,0.117424,0.103651,0.055006,0.224044,0.052837,0.100844,0.087184,0.110541,0.085954,0.593241,0.090208,0.002389,0.001264,0.001206,0.000605,0.000754,0.000638,0.000957,0.000998,0.001227,0.001119,0.090533,80
proposed_failed_rollout_audit_v4_1,drawer_contact_repair,compliance_shift,in_distribution,0.837500,0.668323,0.107272,0.092415,0.050506,0.220845,0.047212,0.090257,0.080369,0.100613,0.078371,0.679690,0.081351,0.002344,0.001014,0.001013,0.000660,0.000873,0.000630,0.000909,0.000906,0.001156,0.001157,0.081455,80
proposed_failed_rollout_audit_v4_1,drawer_contact_repair,compliance_shift,long_horizon,0.662500,0.662514,0.121900,0.116252,0.057794,0.223033,0.053378,0.103354,0.091284,0.114452,0.090804,0.449420,0.104273,0.002471,0.001174,0.000987,0.000654,0.000912,0.000607,0.000855,0.001085,0.001432,0.001178,0.104152,80
proposed_failed_rollout_audit_v4_1,drawer_contact_repair,compliance_shift,sparse_observation,0.737500,0.636492,0.126752,0.114128,0.059086,0.229191,0.060517,0.117005,0.095121,0.124843,0.095898,0.500521,0.097026,0.002342,0.001090,0.001029,0.000660,0.001029,0.000602,0.000842,0.000752,0.001082,0.001073,0.096779,80
proposed_failed_rollout_audit_v4_1,drawer_contact_repair,contact_mode_flip,combined_stress,0.662500,0.610016,0.152190,0.138519,0.067335,0.235613,0.066293,0.130173,0.107340,0.139940,0.108864,0.349930,0.104273,0.002293,0.001154,0.001093,0.000740,0.000861,0.000641,0.000879,0.000853,0.001060,0.001102,0.104042,80
proposed_failed_rollout_audit_v4_1,drawer_contact_repair,contact_mode_flip,hidden_mechanism,0.687500,0.636740,0.132483,0.113983,0.058941,0.229289,0.055791,0.108652,0.093332,0.118560,0.093217,0.450937,0.102212,0.002388,0.001167,0.001010,0.000563,0.000875,0.000711,0.000909,0.000912,0.001088,0.001168,0.102500,80
proposed_failed_rollout_audit_v4_1,drawer_contact_repair,contact_mode_flip,in_distribution,0.737500,0.648587,0.121057,0.103612,0.053259,0.225520,0.051304,0.099989,0.086228,0.108143,0.084938,0.539365,0.097026,0.002157,0.001104,0.001078,0.000781,0.000820,0.000663,0.000903,0.000868,0.001177,0.001238,0.096799,80
proposed_failed_rollout_audit_v4_1,drawer_contact_repair,contact_mode_flip,long_horizon,0.737500,0.639002,0.136823,0.126155,0.061056,0.228467,0.056612,0.111828,0.097378,0.121713,0.097214,0.482575,0.097026,0.002281,0.001199,0.001118,0.000593,0.000896,0.000694,0.000834,0.000884,0.001041,0.001136,0.097165,80
proposed_failed_rollout_audit_v4_1,drawer_contact_repair,contact_mode_flip,sparse_observation,0.725000,0.615660,0.142002,0.123237,0.063066,0.234571,0.063862,0.124357,0.100531,0.131646,0.101228,0.447270,0.098464,0.002242,0.001167,0.001092,0.000612,0.000901,0.000662,0.000849,0.000969,0.001135,0.001170,0.098421,80
proposed_failed_rollout_audit_v4_1,drawer_contact_repair,friction_shift,combined_stress,0.750000,0.644997,0.130832,0.122551,0.063382,0.228707,0.061331,0.119693,0.099253,0.129188,0.099274,0.497602,0.095487,0.002373,0.001067,0.001092,0.000576,0.000971,0.000636,0.001022,0.000904,0.001198,0.001021,0.095433,80
proposed_failed_rollout_audit_v4_1,drawer_contact_repair,friction_shift,hidden_mechanism,0.762500,0.663446,0.111710,0.098925,0.052602,0.221909,0.051117,0.097785,0.083352,0.106635,0.082404,0.585827,0.093841,0.002182,0.001038,0.001172,0.000701,0.000859,0.000768,0.000831,0.000933,0.001168,0.001116,0.094012,80
proposed_failed_rollout_audit_v4_1,drawer_contact_repair,friction_shift,in_distribution,0.775000,0.676677,0.100164,0.089084,0.048302,0.218413,0.047362,0.087698,0.076308,0.095731,0.074851,0.635241,0.092084,0.002097,0.001093,0.001138,0.000643,0.000917,0.000657,0.000834,0.000914,0.001172,0.001116,0.092076,80
proposed_failed_rollout_audit_v4_1,drawer_contact_repair,friction_shift,long_horizon,0.837500,0.669436,0.114560,0.110635,0.055330,0.220253,0.052384,0.099969,0.088195,0.111104,0.087557,0.644520,0.081351,0.002162,0.001024,0.001318,0.000635,0.000864,0.000646,0.000851,0.000890,0.001217,0.001130,0.081342,80
proposed_failed_rollout_audit_v4_1,drawer_contact_repair,friction_shift,sparse_observation,0.800000,0.645218,0.119004,0.109512,0.057397,0.226883,0.059009,0.113622,0.091425,0.120798,0.091499,0.583038,0.088207,0.001910,0.001148,0.001071,0.000724,0.000889,0.000682,0.000884,0.000824,0.001142,0.000976,0.088136,80
proposed_failed_rollout_audit_v4_1,drawer_contact_repair,nominal,combined_stress,0.750000,0.668961,0.115446,0.111375,0.058000,0.221704,0.059086,0.110612,0.089795,0.118947,0.090377,0.545456,0.095487,0.001887,0.001053,0.001126,0.000758,0.000869,0.000721,0.000833,0.000976,0.001241,0.001264,0.095782,80
proposed_failed_rollout_audit_v4_1,drawer_contact_repair,nominal,hidden_mechanism,0.787500,0.691881,0.094908,0.089496,0.047673,0.215535,0.047386,0.088568,0.074720,0.096444,0.072842,0.659777,0.090208,0.002255,0.000935,0.001074,0.000694,0.000831,0.000601,0.000908,0.000955,0.001178,0.001238,0.090235,80
proposed_failed_rollout_audit_v4_1,drawer_contact_repair,nominal,in_distribution,0.850000,0.705948,0.085341,0.079117,0.043202,0.212562,0.042875,0.078918,0.067474,0.085953,0.065186,0.758548,0.078740,0.002403,0.001150,0.001082,0.000701,0.000936,0.000727,0.000775,0.000786,0.000972,0.001061,0.078776,80
proposed_failed_rollout_audit_v4_1,drawer_contact_repair,nominal,long_horizon,0.850000,0.696181,0.098313,0.100344,0.050751,0.214471,0.047659,0.091099,0.079781,0.101506,0.078362,0.705341,0.078740,0.002309,0.001067,0.000928,0.000694,0.000931,0.000619,0.000815,0.000918,0.001213,0.001064,0.078921,80
proposed_failed_rollout_audit_v4_1,drawer_contact_repair,nominal,sparse_observation,0.825000,0.671145,0.103410,0.098196,0.051693,0.220949,0.055582,0.104469,0.082400,0.110226,0.082585,0.657252,0.083789,0.002052,0.001020,0.001195,0.000618,0.000787,0.000668,0.000878,0.000885,0.001081,0.001172,0.083865,80
proposed_failed_rollout_audit_v4_1,drawer_contact_repair,occlusion_persistence,combined_stress,0.750000,0.619478,0.144942,0.132399,0.065577,0.234298,0.066074,0.127867,0.105311,0.137542,0.106358,0.456207,0.095487,0.002276,0.001189,0.001076,0.000583,0.000842,0.000655,0.000869,0.000862,0.000957,0.001005,0.095528,80
proposed_failed_rollout_audit_v4_1,drawer_contact_repair,occlusion_persistence,hidden_mechanism,0.700000,0.624626,0.125619,0.112851,0.055940,0.231253,0.061583,0.118501,0.091971,0.121495,0.092832,0.464850,0.101054,0.002260,0.001146,0.001133,0.000578,0.000810,0.000607,0.000872,0.000840,0.001138,0.001036,0.100908,80
proposed_failed_rollout_audit_v4_1,drawer_contact_repair,occlusion_persistence,in_distribution,0.737500,0.638228,0.115147,0.101168,0.051748,0.228201,0.056107,0.108389,0.084984,0.111785,0.084460,0.540490,0.097026,0.002056,0.001118,0.001107,0.000703,0.000788,0.000720,0.000868,0.000890,0.001076,0.001068,0.097062,80
proposed_failed_rollout_audit_v4_1,drawer_contact_repair,occlusion_persistence,long_horizon,0.675000,0.630123,0.130602,0.124114,0.059517,0.230808,0.061698,0.120102,0.096327,0.125917,0.096983,0.421557,0.103285,0.002341,0.001000,0.001228,0.000709,0.000896,0.000638,0.000786,0.000799,0.001094,0.000994,0.103421,80
proposed_failed_rollout_audit_v4_1,drawer_contact_repair,occlusion_persistence,sparse_observation,0.725000,0.617352,0.133025,0.119625,0.060708,0.233024,0.064314,0.123740,0.096597,0.128279,0.097582,0.464260,0.098464,0.002272,0.001062,0.001121,0.000689,0.000802,0.000605,0.000964,0.000953,0.001312,0.001149,0.098272,80
proposed_failed_rollout_audit_v4_1,drawer_contact_repair,payload_shift,combined_stress,0.712500,0.618747,0.146236,0.133702,0.067203,0.234017,0.064639,0.127269,0.107824,0.138696,0.108658,0.413914,0.099805,0.002307,0.001122,0.001176,0.000619,0.000894,0.000639,0.000790,0.000867,0.001063,0.001068,0.099527,80
proposed_failed_rollout_audit_v4_1,drawer_contact_repair,payload_shift,hidden_mechanism,0.700000,0.641039,0.129422,0.111641,0.059819,0.228109,0.054531,0.106972,0.094731,0.118783,0.094669,0.469094,0.101054,0.002411,0.001242,0.001138,0.000627,0.000834,0.000688,0.000870,0.000884,0.001098,0.001192,0.100908,80
proposed_failed_rollout_audit_v4_1,drawer_contact_repair,payload_shift,in_distribution,0.675000,0.653549,0.119065,0.099958,0.054424,0.224130,0.050343,0.096725,0.087346,0.107583,0.086635,0.482883,0.103285,0.002120,0.001299,0.001255,0.000610,0.000814,0.000608,0.000862,0.001005,0.001224,0.001297,0.103129,80
proposed_failed_rollout_audit_v4_1,drawer_contact_repair,payload_shift,long_horizon,0.612500,0.645320,0.132363,0.123422,0.062240,0.227035,0.055101,0.107789,0.099144,0.123275,0.098425,0.365638,0.107431,0.002535,0.001088,0.000914,0.000621,0.000714,0.000620,0.000922,0.000821,0.001016,0.000984,0.107106,80
proposed_failed_rollout_audit_v4_1,drawer_contact_repair,payload_shift,sparse_observation,0.650000,0.621392,0.137722,0.118950,0.064490,0.232216,0.062589,0.122396,0.102135,0.132144,0.102858,0.380766,0.105180,0.001854,0.001118,0.001078,0.000738,0.000873,0.000592,0.000908,0.000709,0.000952,0.000982,0.105421,80
proposed_failed_rollout_audit_v4_1,occluded_push_recovery,actuator_lag,combined_stress,0.662500,0.616892,0.149805,0.134534,0.067804,0.233343,0.065149,0.128114,0.107634,0.138977,0.108767,0.358600,0.104273,0.001937,0.001054,0.001143,0.000719,0.000919,0.000668,0.000811,0.000820,0.001196,0.001101,0.104106,80
proposed_failed_rollout_audit_v4_1,occluded_push_recovery,actuator_lag,hidden_mechanism,0.750000,0.640512,0.130508,0.112781,0.058531,0.226887,0.055163,0.106720,0.093878,0.117993,0.093320,0.519001,0.095487,0.002083,0.001268,0.001271,0.000696,0.000865,0.000691,0.000882,0.000817,0.001008,0.000989,0.095442,80
proposed_failed_rollout_audit_v4_1,occluded_push_recovery,actuator_lag,in_distribution,0.750000,0.653331,0.120636,0.102073,0.054371,0.223551,0.050510,0.097139,0.087118,0.107860,0.086212,0.554917,0.095487,0.002542,0.001091,0.000968,0.000609,0.000890,0.000587,0.000827,0.000828,0.001211,0.000987,0.095549,80
proposed_failed_rollout_audit_v4_1,occluded_push_recovery,actuator_lag,long_horizon,0.712500,0.646804,0.134693,0.126104,0.061219,0.226222,0.055478,0.109917,0.097180,0.121729,0.096590,0.463852,0.099805,0.002004,0.001088,0.001397,0.000753,0.000893,0.000666,0.000863,0.000752,0.001061,0.001015,0.099832,80
proposed_failed_rollout_audit_v4_1,occluded_push_recovery,actuator_lag,sparse_observation,0.725000,0.620121,0.139647,0.122618,0.063801,0.231600,0.063326,0.123574,0.101023,0.131297,0.101646,0.451688,0.098464,0.002023,0.001087,0.001074,0.000717,0.000860,0.000601,0.000831,0.000813,0.001064,0.001027,0.098504,80
proposed_failed_rollout_audit_v4_1,occluded_push_recovery,combined_hidden_mechanisms,combined_stress,0.712500,0.579049,0.167128,0.148344,0.070700,0.241040,0.070039,0.139565,0.115348,0.148789,0.117594,0.353808,0.099805,0.002307,0.000955,0.001017,0.000580,0.000897,0.000655,0.000827,0.000801,0.001035,0.001018,0.099676,80
proposed_failed_rollout_audit_v4_1,occluded_push_recovery,combined_hidden_mechanisms,hidden_mechanism,0.762500,0.588365,0.161273,0.132637,0.068500,0.238678,0.065171,0.129185,0.110059,0.140075,0.110997,0.435721,0.093841,0.002238,0.001092,0.001011,0.000675,0.000855,0.000702,0.000797,0.000825,0.001125,0.001026,0.093657,80
proposed_failed_rollout_audit_v4_1,occluded_push_recovery,combined_hidden_mechanisms,in_distribution,0.712500,0.599849,0.152791,0.123979,0.063787,0.237465,0.061190,0.120231,0.103963,0.130782,0.105179,0.417335,0.099805,0.002111,0.001118,0.001193,0.000608,0.000842,0.000612,0.000835,0.000960,0.001161,0.001189,0.099831,80
proposed_failed_rollout_audit_v4_1,occluded_push_recovery,combined_hidden_mechanisms,long_horizon,0.675000,0.592755,0.164248,0.144478,0.069348,0.238902,0.065542,0.130975,0.112461,0.142370,0.113873,0.334687,0.103285,0.002096,0.000994,0.000996,0.000628,0.000986,0.000647,0.000966,0.000797,0.000965,0.001000,0.103284,80
proposed_failed_rollout_audit_v4_1,occluded_push_recovery,combined_hidden_mechanisms,sparse_observation,0.600000,0.579772,0.164496,0.139307,0.069494,0.240483,0.069350,0.136607,0.113438,0.146488,0.115556,0.254642,0.108031,0.002308,0.001133,0.000971,0.000657,0.000794,0.000683,0.000869,0.000724,0.000993,0.000919,0.107978,80
proposed_failed_rollout_audit_v4_1,occluded_push_recovery,compliance_shift,combined_stress,0.650000,0.625994,0.143116,0.132183,0.066081,0.230181,0.063374,0.124415,0.105357,0.135219,0.106866,0.363095,0.105180,0.002529,0.001073,0.001180,0.000684,0.000823,0.000607,0.000941,0.000979,0.001192,0.001236,0.105406,80
proposed_failed_rollout_audit_v4_1,occluded_push_recovery,compliance_shift,hidden_mechanism,0.750000,0.651717,0.122750,0.109148,0.055564,0.225145,0.053630,0.104253,0.088797,0.112897,0.087892,0.540992,0.095487,0.002262,0.001035,0.001122,0.000671,0.000807,0.000621,0.000820,0.000898,0.001171,0.001090,0.095661,80
proposed_failed_rollout_audit_v4_1,occluded_push_recovery,compliance_shift,in_distribution,0.762500,0.664044,0.112134,0.097671,0.051028,0.221003,0.048230,0.092731,0.081783,0.102012,0.080414,0.592117,0.093841,0.002246,0.001146,0.001049,0.000644,0.000895,0.000631,0.001015,0.000920,0.001140,0.001257,0.093599,80
proposed_failed_rollout_audit_v4_1,occluded_push_recovery,compliance_shift,long_horizon,0.775000,0.652924,0.127727,0.121944,0.058178,0.223642,0.054072,0.105144,0.093688,0.117073,0.093010,0.546001,0.092084,0.002118,0.000948,0.001015,0.000551,0.000834,0.000626,0.000953,0.000828,0.001059,0.001085,0.092014,80
proposed_failed_rollout_audit_v4_1,occluded_push_recovery,compliance_shift,sparse_observation,0.700000,0.629598,0.132367,0.118610,0.060422,0.230259,0.061074,0.118623,0.096924,0.126898,0.097266,0.448513,0.101054,0.002356,0.001047,0.000986,0.000648,0.000853,0.000694,0.000856,0.000815,0.000974,0.000988,0.100919,80
proposed_failed_rollout_audit_v4_1,occluded_push_recovery,contact_mode_flip,combined_stress,0.737500,0.606538,0.157760,0.143078,0.068906,0.236837,0.066608,0.132451,0.109696,0.142126,0.111686,0.410916,0.097026,0.002342,0.001072,0.001045,0.000684,0.000897,0.000606,0.000937,0.000993,0.001102,0.001282,0.096961,80
proposed_failed_rollout_audit_v4_1,occluded_push_recovery,contact_mode_flip,hidden_mechanism,0.787500,0.629581,0.137602,0.118556,0.058647,0.229377,0.057433,0.111498,0.095137,0.120459,0.094780,0.537896,0.090208,0.002179,0.000942,0.001078,0.000731,0.000891,0.000698,0.000797,0.000883,0.001090,0.000936,0.090232,80
proposed_failed_rollout_audit_v4_1,occluded_push_recovery,contact_mode_flip,in_distribution,0.700000,0.640879,0.127108,0.108243,0.053682,0.226936,0.051991,0.101582,0.087351,0.109052,0.086503,0.487787,0.101054,0.002115,0.001038,0.001153,0.000647,0.000758,0.000760,0.000902,0.000857,0.001113,0.001010,0.100952,80
proposed_failed_rollout_audit_v4_1,occluded_push_recovery,contact_mode_flip,long_horizon,0.687500,0.633982,0.141790,0.131574,0.061283,0.230515,0.057369,0.113671,0.098571,0.123912,0.098982,0.419679,0.102212,0.002083,0.001062,0.001024,0.000686,0.001041,0.000598,0.000866,0.000787,0.000949,0.001029,0.102492,80
proposed_failed_rollout_audit_v4_1,occluded_push_recovery,contact_mode_flip,sparse_observation,0.787500,0.609843,0.148231,0.127968,0.063573,0.235534,0.065018,0.126973,0.103057,0.134871,0.104228,0.494787,0.090208,0.001838,0.001008,0.001042,0.000628,0.000849,0.000721,0.000817,0.000955,0.001285,0.001220,0.090127,80
proposed_failed_rollout_audit_v4_1,occluded_push_recovery,friction_shift,combined_stress,0.712500,0.635814,0.137436,0.127893,0.063859,0.229456,0.062300,0.122076,0.101256,0.131801,0.101924,0.443730,0.099805,0.002057,0.001107,0.000977,0.000742,0.000964,0.000713,0.000942,0.000927,0.001225,0.001216,0.099846,80
proposed_failed_rollout_audit_v4_1,occluded_push_recovery,friction_shift,hidden_mechanism,0.800000,0.659457,0.116504,0.104296,0.053552,0.222474,0.051662,0.099893,0.084703,0.107657,0.083468,0.610623,0.088207,0.001932,0.001176,0.001074,0.000676,0.000968,0.000622,0.000978,0.000809,0.001032,0.001053,0.088259,80
proposed_failed_rollout_audit_v4_1,occluded_push_recovery,friction_shift,in_distribution,0.812500,0.671774,0.105674,0.094988,0.049231,0.219133,0.047634,0.090190,0.077916,0.098376,0.076784,0.658533,0.086071,0.002067,0.001206,0.000949,0.000626,0.000873,0.000577,0.000932,0.000811,0.001010,0.001124,0.085831,80
proposed_failed_rollout_audit_v4_1,occluded_push_recovery,friction_shift,long_horizon,0.825000,0.661343,0.121384,0.116468,0.056098,0.221996,0.052546,0.101436,0.090135,0.113152,0.090014,0.615488,0.083789,0.002379,0.001024,0.001105,0.000707,0.000786,0.000609,0.000960,0.000793,0.001139,0.000939,0.083533,80
proposed_failed_rollout_audit_v4_1,occluded_push_recovery,friction_shift,sparse_observation,0.737500,0.636310,0.125496,0.114170,0.058107,0.227365,0.060767,0.115157,0.092623,0.121762,0.093170,0.504991,0.097026,0.002288,0.001031,0.000985,0.000629,0.000799,0.000577,0.000950,0.000873,0.001045,0.000972,0.096930,80
proposed_failed_rollout_audit_v4_1,occluded_push_recovery,nominal,combined_stress,0.812500,0.662663,0.121610,0.116034,0.058908,0.223577,0.059234,0.112362,0.093000,0.122218,0.093448,0.592512,0.086071,0.002011,0.001107,0.001219,0.000626,0.000847,0.000719,0.000918,0.000798,0.000988,0.001103,0.085787,80
proposed_failed_rollout_audit_v4_1,occluded_push_recovery,nominal,hidden_mechanism,0.800000,0.687092,0.099708,0.093125,0.047935,0.215882,0.048640,0.091172,0.076425,0.098112,0.075487,0.660735,0.088207,0.002012,0.001026,0.001123,0.000654,0.000878,0.000736,0.000895,0.000792,0.001088,0.000997,0.088354,80
proposed_failed_rollout_audit_v4_1,occluded_push_recovery,nominal,in_distribution,0.800000,0.698568,0.089779,0.083234,0.043775,0.213061,0.043846,0.082123,0.070126,0.088708,0.068109,0.695131,0.088207,0.002122,0.001033,0.001219,0.000646,0.000813,0.000738,0.000960,0.000851,0.001103,0.000997,0.088391,80
proposed_failed_rollout_audit_v4_1,occluded_push_recovery,nominal,long_horizon,0.800000,0.689683,0.103698,0.105182,0.050863,0.216671,0.049509,0.093717,0.080321,0.101644,0.079640,0.641757,0.088207,0.001888,0.001041,0.001138,0.000724,0.000836,0.000632,0.000821,0.000962,0.001190,0.001179,0.088226,80
proposed_failed_rollout_audit_v4_1,occluded_push_recovery,nominal,sparse_observation,0.737500,0.665849,0.109253,0.102076,0.052918,0.221122,0.057242,0.106446,0.083904,0.112010,0.083840,0.555958,0.097026,0.002172,0.001019,0.001106,0.000601,0.000855,0.000591,0.000814,0.000824,0.001143,0.001109,0.096950,80
proposed_failed_rollout_audit_v4_1,occluded_push_recovery,occlusion_persistence,combined_stress,0.750000,0.614522,0.149732,0.137794,0.067160,0.234298,0.066814,0.131002,0.107237,0.140112,0.108552,0.441986,0.095487,0.002246,0.000912,0.001061,0.000788,0.000847,0.000616,0.000832,0.000744,0.001044,0.000892,0.095446,80
proposed_failed_rollout_audit_v4_1,occluded_push_recovery,occlusion_persistence,hidden_mechanism,0.725000,0.617824,0.132374,0.117282,0.057205,0.232163,0.062417,0.120457,0.093362,0.123453,0.094482,0.474535,0.098464,0.002350,0.001211,0.001031,0.000564,0.000937,0.000653,0.000974,0.000812,0.000987,0.001141,0.098593,80
proposed_failed_rollout_audit_v4_1,occluded_push_recovery,occlusion_persistence,in_distribution,0.737500,0.630854,0.122247,0.107201,0.053019,0.228541,0.057168,0.109836,0.086670,0.113895,0.086575,0.523368,0.097026,0.002185,0.001076,0.001175,0.000564,0.000818,0.000656,0.000875,0.000768,0.001066,0.000958,0.096912,80
proposed_failed_rollout_audit_v4_1,occluded_push_recovery,occlusion_persistence,long_horizon,0.650000,0.619949,0.135984,0.128645,0.059699,0.231912,0.062663,0.123019,0.097396,0.126814,0.097550,0.382301,0.105180,0.002091,0.001113,0.001162,0.000705,0.000846,0.000611,0.000912,0.000849,0.001084,0.001018,0.105224,80
proposed_failed_rollout_audit_v4_1,occluded_push_recovery,occlusion_persistence,sparse_observation,0.675000,0.610906,0.139517,0.122779,0.060765,0.234075,0.065774,0.125621,0.098892,0.131142,0.100078,0.400626,0.103285,0.002086,0.001095,0.001001,0.000659,0.000755,0.000613,0.000955,0.000866,0.001132,0.001138,0.103315,80
proposed_failed_rollout_audit_v4_1,occluded_push_recovery,payload_shift,combined_stress,0.625000,0.609225,0.152460,0.138248,0.068159,0.235396,0.065653,0.128916,0.109288,0.140876,0.110996,0.310674,0.106757,0.002515,0.001024,0.001138,0.000651,0.000925,0.000640,0.000798,0.000787,0.000991,0.001116,0.106867,80
proposed_failed_rollout_audit_v4_1,occluded_push_recovery,payload_shift,hidden_mechanism,0.775000,0.636723,0.135091,0.115224,0.059659,0.228696,0.055449,0.108800,0.096580,0.120760,0.096275,0.532563,0.092084,0.002056,0.001181,0.001060,0.000691,0.000958,0.000784,0.000730,0.000863,0.001163,0.001128,0.092186,80
proposed_failed_rollout_audit_v4_1,occluded_push_recovery,payload_shift,in_distribution,0.800000,0.647397,0.124909,0.104266,0.056033,0.224271,0.050127,0.098526,0.089392,0.110079,0.088792,0.593771,0.088207,0.002293,0.001138,0.001084,0.000737,0.000865,0.000613,0.001008,0.000783,0.000963,0.001021,0.088890,80
proposed_failed_rollout_audit_v4_1,occluded_push_recovery,payload_shift,long_horizon,0.687500,0.640092,0.138785,0.128140,0.062774,0.227357,0.055723,0.110551,0.100655,0.124227,0.100702,0.426760,0.102212,0.002124,0.001010,0.001158,0.000638,0.000838,0.000671,0.000854,0.000825,0.001050,0.001033,0.102357,80
proposed_failed_rollout_audit_v4_1,occluded_push_recovery,payload_shift,sparse_observation,0.762500,0.612734,0.143521,0.123970,0.064700,0.233266,0.063511,0.123770,0.103896,0.134085,0.104983,0.478636,0.093841,0.002272,0.001199,0.001160,0.000660,0.000877,0.000772,0.000874,0.000939,0.001168,0.001247,0.094029,80
proposed_failed_rollout_audit_v4_1,payload_handover,actuator_lag,combined_stress,0.712500,0.619029,0.145028,0.132520,0.067039,0.233090,0.064593,0.126433,0.106761,0.137946,0.108384,0.417366,0.099805,0.002225,0.001004,0.000947,0.000601,0.000769,0.000555,0.000790,0.000842,0.001150,0.000998,0.099804,80
proposed_failed_rollout_audit_v4_1,payload_handover,actuator_lag,hidden_mechanism,0.675000,0.646987,0.126409,0.110234,0.058129,0.226658,0.055020,0.106259,0.092691,0.116561,0.092117,0.453379,0.103285,0.002276,0.001113,0.001259,0.000726,0.000811,0.000692,0.000880,0.000835,0.001081,0.001081,0.103644,80
proposed_failed_rollout_audit_v4_1,payload_handover,actuator_lag,in_distribution,0.750000,0.656980,0.117005,0.099656,0.054142,0.223907,0.049552,0.096914,0.085631,0.106230,0.084012,0.563030,0.095487,0.001959,0.001142,0.001011,0.000610,0.000884,0.000645,0.000850,0.000894,0.001114,0.001170,0.095449,80
proposed_failed_rollout_audit_v4_1,payload_handover,actuator_lag,long_horizon,0.812500,0.647733,0.131560,0.122400,0.060872,0.225693,0.055614,0.108031,0.096941,0.120882,0.096573,0.570919,0.086071,0.002182,0.001093,0.001090,0.000566,0.000942,0.000581,0.000851,0.000781,0.000918,0.001008,0.086156,80
proposed_failed_rollout_audit_v4_1,payload_handover,actuator_lag,sparse_observation,0.687500,0.623779,0.136807,0.119256,0.063679,0.232327,0.062979,0.121566,0.101039,0.131436,0.101714,0.421154,0.102212,0.002527,0.001071,0.000984,0.000604,0.000813,0.000710,0.000933,0.000968,0.001166,0.001193,0.102226,80
proposed_failed_rollout_audit_v4_1,payload_handover,combined_hidden_mechanisms,combined_stress,0.587500,0.581617,0.166049,0.149766,0.070212,0.241764,0.070149,0.139494,0.115035,0.148545,0.117582,0.230013,0.108557,0.002189,0.001275,0.001325,0.000686,0.000819,0.000689,0.000852,0.000839,0.001125,0.000960,0.108826,80
proposed_failed_rollout_audit_v4_1,payload_handover,combined_hidden_mechanisms,hidden_mechanism,0.737500,0.590514,0.161256,0.132622,0.067785,0.240128,0.064946,0.129064,0.108843,0.139468,0.110406,0.412718,0.097026,0.001978,0.001034,0.001140,0.000686,0.000894,0.000625,0.001012,0.000829,0.001025,0.001031,0.096932,80
proposed_failed_rollout_audit_v4_1,payload_handover,combined_hidden_mechanisms,in_distribution,0.712500,0.601854,0.149965,0.120434,0.063355,0.237486,0.059930,0.119299,0.102709,0.129720,0.103116,0.425499,0.099805,0.001960,0.001179,0.001239,0.000626,0.000889,0.000713,0.000893,0.000904,0.000988,0.001058,0.099822,80
proposed_failed_rollout_audit_v4_1,payload_handover,combined_hidden_mechanisms,long_horizon,0.675000,0.592955,0.163463,0.144826,0.069288,0.239760,0.065476,0.131451,0.112646,0.142475,0.114136,0.334833,0.103285,0.002130,0.000882,0.001060,0.000623,0.000848,0.000734,0.000944,0.000839,0.001130,0.001154,0.103245,80
proposed_failed_rollout_audit_v4_1,payload_handover,combined_hidden_mechanisms,sparse_observation,0.650000,0.579246,0.164970,0.139138,0.069501,0.241754,0.068862,0.136451,0.112686,0.145570,0.114174,0.304546,0.105180,0.002199,0.001059,0.001133,0.000557,0.000930,0.000731,0.000894,0.000882,0.001168,0.001145,0.105534,80
proposed_failed_rollout_audit_v4_1,payload_handover,compliance_shift,combined_stress,0.750000,0.632929,0.140206,0.128748,0.065904,0.231340,0.063166,0.123099,0.103749,0.134750,0.105062,0.472052,0.095487,0.001955,0.001089,0.000927,0.000670,0.000830,0.000664,0.000867,0.000935,0.001102,0.001096,0.095612,80
proposed_failed_rollout_audit_v4_1,payload_handover,compliance_shift,hidden_mechanism,0.762500,0.655195,0.119859,0.105951,0.054967,0.223906,0.052174,0.101510,0.087910,0.111118,0.086451,0.562729,0.093841,0.002354,0.001145,0.000958,0.000551,0.000848,0.000673,0.000911,0.000797,0.000938,0.001074,0.094035,80
proposed_failed_rollout_audit_v4_1,payload_handover,compliance_shift,in_distribution,0.825000,0.666391,0.108544,0.094878,0.050185,0.220967,0.048240,0.092577,0.081545,0.101492,0.080100,0.661969,0.083789,0.002357,0.001069,0.001233,0.000584,0.000900,0.000628,0.000883,0.000885,0.001218,0.001159,0.083363,80
proposed_failed_rollout_audit_v4_1,payload_handover,compliance_shift,long_horizon,0.737500,0.657725,0.123045,0.117800,0.058293,0.224320,0.053351,0.103574,0.091987,0.115151,0.091640,0.519141,0.097026,0.002146,0.001072,0.000944,0.000592,0.000862,0.000599,0.000851,0.000882,0.001069,0.001098,0.097045,80
proposed_failed_rollout_audit_v4_1,payload_handover,compliance_shift,sparse_observation,0.762500,0.635394,0.127891,0.114892,0.059950,0.229534,0.061686,0.117641,0.096280,0.125759,0.097288,0.520993,0.093841,0.002368,0.001014,0.001071,0.000584,0.000900,0.000679,0.000900,0.000852,0.001071,0.001102,0.093879,80
proposed_failed_rollout_audit_v4_1,payload_handover,contact_mode_flip,combined_stress,0.625000,0.610076,0.155500,0.139995,0.068532,0.236096,0.066905,0.131276,0.109218,0.141731,0.110616,0.305098,0.106757,0.002202,0.001226,0.001024,0.000598,0.000888,0.000651,0.000883,0.000823,0.001033,0.001170,0.106544,80
proposed_failed_rollout_audit_v4_1,payload_handover,contact_mode_flip,hidden_mechanism,0.750000,0.632777,0.134786,0.117651,0.058949,0.229460,0.056373,0.110807,0.093950,0.119095,0.093982,0.505909,0.095487,0.002225,0.001142,0.000977,0.000695,0.000787,0.000581,0.000999,0.000922,0.001223,0.000969,0.095604,80
proposed_failed_rollout_audit_v4_1,payload_handover,contact_mode_flip,in_distribution,0.625000,0.645397,0.124433,0.106131,0.053383,0.226650,0.051561,0.100943,0.085977,0.107955,0.085204,0.420071,0.106757,0.002033,0.000907,0.001140,0.000599,0.000949,0.000580,0.000906,0.000939,0.001147,0.001019,0.106638,80
proposed_failed_rollout_audit_v4_1,payload_handover,contact_mode_flip,long_horizon,0.750000,0.636314,0.139525,0.128428,0.061653,0.229547,0.056192,0.112090,0.097802,0.122468,0.098074,0.488855,0.095487,0.002137,0.001036,0.001155,0.000673,0.000815,0.000672,0.000834,0.000788,0.001011,0.001055,0.095518,80
proposed_failed_rollout_audit_v4_1,payload_handover,contact_mode_flip,sparse_observation,0.762500,0.611553,0.144127,0.125325,0.062916,0.234755,0.064361,0.125785,0.101879,0.132748,0.102495,0.478474,0.093841,0.002260,0.001127,0.001024,0.000630,0.000839,0.000624,0.000910,0.000870,0.001006,0.001145,0.093770,80
proposed_failed_rollout_audit_v4_1,payload_handover,friction_shift,combined_stress,0.775000,0.638838,0.134230,0.125108,0.062962,0.229478,0.062507,0.119698,0.100705,0.130623,0.101593,0.514031,0.092084,0.002154,0.000998,0.001138,0.000727,0.000846,0.000620,0.000774,0.001046,0.001142,0.001078,0.091581,80
proposed_failed_rollout_audit_v4_1,payload_handover,friction_shift,hidden_mechanism,0.775000,0.663824,0.113477,0.101087,0.052587,0.222399,0.051539,0.098568,0.084096,0.107568,0.083249,0.594151,0.092084,0.002418,0.000985,0.001276,0.000593,0.000875,0.000639,0.000847,0.000858,0.001093,0.001103,0.092127,80
proposed_failed_rollout_audit_v4_1,payload_handover,friction_shift,in_distribution,0.800000,0.675082,0.103097,0.091665,0.048385,0.219630,0.046536,0.089313,0.076776,0.096134,0.074759,0.654358,0.088207,0.002016,0.001005,0.001069,0.000641,0.000817,0.000660,0.000878,0.000923,0.001192,0.001054,0.088471,80
proposed_failed_rollout_audit_v4_1,payload_handover,friction_shift,long_horizon,0.762500,0.666214,0.117923,0.113861,0.056028,0.222439,0.052218,0.100656,0.088659,0.111087,0.087894,0.561081,0.093841,0.001847,0.001178,0.001060,0.000699,0.000823,0.000634,0.000906,0.000835,0.000959,0.001100,0.093928,80
proposed_failed_rollout_audit_v4_1,payload_handover,friction_shift,sparse_observation,0.712500,0.642520,0.123106,0.111999,0.057335,0.227970,0.059638,0.115004,0.093237,0.122126,0.094079,0.486870,0.099805,0.002179,0.001216,0.001130,0.000792,0.000879,0.000670,0.000831,0.000857,0.001084,0.000935,0.099880,80
proposed_failed_rollout_audit_v4_1,payload_handover,nominal,combined_stress,0.800000,0.666621,0.117211,0.114365,0.057934,0.222777,0.058126,0.112141,0.092837,0.121381,0.092731,0.588717,0.088207,0.002393,0.001046,0.001065,0.000684,0.000856,0.000615,0.000965,0.000918,0.001141,0.001124,0.088485,80
proposed_failed_rollout_audit_v4_1,payload_handover,nominal,hidden_mechanism,0.775000,0.690433,0.095836,0.091332,0.047874,0.216610,0.048280,0.089946,0.075739,0.097562,0.074495,0.642555,0.092084,0.002433,0.001134,0.001074,0.000667,0.000899,0.000650,0.000973,0.000879,0.001114,0.001169,0.092196,80
proposed_failed_rollout_audit_v4_1,payload_handover,nominal,in_distribution,0.762500,0.700726,0.086310,0.079842,0.043168,0.212824,0.043234,0.080884,0.069193,0.088143,0.067301,0.666084,0.093841,0.002086,0.001108,0.001135,0.000578,0.000852,0.000668,0.000792,0.000922,0.001184,0.001237,0.093747,80
proposed_failed_rollout_audit_v4_1,payload_handover,nominal,long_horizon,0.787500,0.692491,0.101281,0.102833,0.050722,0.215170,0.048732,0.092384,0.079330,0.101062,0.077941,0.636186,0.090208,0.002042,0.001054,0.001102,0.000575,0.000786,0.000745,0.000787,0.000933,0.001208,0.001014,0.090098,80
proposed_failed_rollout_audit_v4_1,payload_handover,nominal,sparse_observation,0.750000,0.668581,0.106557,0.100581,0.052328,0.221445,0.056583,0.105823,0.084351,0.112388,0.084101,0.573751,0.095487,0.002033,0.001087,0.001104,0.000585,0.000794,0.000645,0.000808,0.000829,0.001067,0.001190,0.095854,80
proposed_failed_rollout_audit_v4_1,payload_handover,occlusion_persistence,combined_stress,0.700000,0.613919,0.146975,0.134082,0.066767,0.234959,0.066522,0.129056,0.106637,0.139053,0.108708,0.398358,0.101054,0.002200,0.001215,0.001116,0.000698,0.000740,0.000643,0.000834,0.000934,0.001131,0.001164,0.100953,80
proposed_failed_rollout_audit_v4_1,payload_handover,occlusion_persistence,hidden_mechanism,0.775000,0.620764,0.128650,0.113518,0.057137,0.232299,0.061945,0.118795,0.091992,0.122906,0.092186,0.533391,0.092084,0.002540,0.001197,0.001128,0.000676,0.000828,0.000694,0.000825,0.000873,0.001198,0.001117,0.092088,80
proposed_failed_rollout_audit_v4_1,payload_handover,occlusion_persistence,in_distribution,0.700000,0.634647,0.118326,0.103964,0.052232,0.228849,0.056897,0.109193,0.085716,0.112493,0.085633,0.494910,0.101054,0.002046,0.001082,0.001004,0.000712,0.000877,0.000646,0.000861,0.000940,0.001203,0.001125,0.100776,80
proposed_failed_rollout_audit_v4_1,payload_handover,occlusion_persistence,long_horizon,0.775000,0.625195,0.133531,0.126008,0.059691,0.231302,0.062247,0.120858,0.096096,0.126123,0.096491,0.515079,0.092084,0.002019,0.001062,0.001324,0.000662,0.000850,0.000641,0.000903,0.000867,0.001072,0.000999,0.091901,80
proposed_failed_rollout_audit_v4_1,payload_handover,occlusion_persistence,sparse_observation,0.675000,0.616309,0.135616,0.120755,0.061214,0.234125,0.065052,0.124972,0.099006,0.131296,0.100780,0.407591,0.103285,0.001943,0.001199,0.001079,0.000670,0.000925,0.000662,0.001044,0.000978,0.001245,0.001189,0.103061,80
proposed_failed_rollout_audit_v4_1,payload_handover,payload_shift,combined_stress,0.762500,0.615606,0.147815,0.136033,0.067093,0.235248,0.065428,0.128121,0.108749,0.140120,0.110003,0.458134,0.093841,0.002063,0.000938,0.001251,0.000642,0.000797,0.000683,0.000892,0.000849,0.000996,0.001148,0.094344,80
proposed_failed_rollout_audit_v4_1,payload_handover,payload_shift,hidden_mechanism,0.762500,0.639210,0.130445,0.112522,0.059068,0.226988,0.054639,0.107853,0.095071,0.119290,0.094614,0.530015,0.093841,0.002237,0.001067,0.001041,0.000688,0.000926,0.000689,0.000832,0.000913,0.000965,0.001305,0.093888,80
proposed_failed_rollout_audit_v4_1,payload_handover,payload_shift,in_distribution,0.775000,0.651693,0.121177,0.102183,0.054163,0.225532,0.050285,0.097156,0.087774,0.108889,0.086692,0.578099,0.092084,0.002364,0.001192,0.001110,0.000571,0.001005,0.000605,0.000717,0.000638,0.000873,0.000900,0.091926,80
proposed_failed_rollout_audit_v4_1,payload_handover,payload_shift,long_horizon,0.725000,0.644282,0.135147,0.124871,0.062971,0.226687,0.055803,0.110413,0.098904,0.123192,0.098554,0.472681,0.098464,0.002295,0.000989,0.000986,0.000655,0.000933,0.000714,0.000877,0.000749,0.000989,0.000971,0.098410,80
proposed_failed_rollout_audit_v4_1,payload_handover,payload_shift,sparse_observation,0.750000,0.616918,0.139517,0.121868,0.063801,0.233683,0.062830,0.124753,0.103167,0.133596,0.104264,0.474338,0.095487,0.002308,0.001165,0.001058,0.000511,0.000907,0.000623,0.000810,0.000933,0.001195,0.001097,0.095764,80
proposed_failed_rollout_audit_v4_1,peg_insert_with_lag,actuator_lag,combined_stress,0.737500,0.617528,0.147516,0.135642,0.067128,0.235095,0.065304,0.127980,0.108153,0.139687,0.109471,0.434853,0.097026,0.001992,0.001310,0.000979,0.000731,0.000831,0.000597,0.000909,0.000833,0.001182,0.001056,0.097102,80
proposed_failed_rollout_audit_v4_1,peg_insert_with_lag,actuator_lag,hidden_mechanism,0.762500,0.641262,0.129893,0.112300,0.058605,0.229721,0.055052,0.108100,0.094326,0.118514,0.093138,0.531266,0.093841,0.002523,0.001093,0.001162,0.000628,0.000898,0.000621,0.000848,0.000811,0.001064,0.001044,0.094194,80
proposed_failed_rollout_audit_v4_1,peg_insert_with_lag,actuator_lag,in_distribution,0.712500,0.654136,0.120367,0.102317,0.054523,0.225504,0.050093,0.098661,0.087361,0.108579,0.086022,0.516768,0.099805,0.002399,0.001159,0.001232,0.000603,0.000858,0.000607,0.000699,0.000814,0.001049,0.001153,0.099662,80
proposed_failed_rollout_audit_v4_1,peg_insert_with_lag,actuator_lag,long_horizon,0.650000,0.645546,0.134621,0.124296,0.061489,0.228644,0.055620,0.110125,0.098221,0.122119,0.097821,0.400606,0.105180,0.002165,0.001144,0.001171,0.000579,0.000855,0.000652,0.000787,0.000887,0.001112,0.001071,0.105328,80
proposed_failed_rollout_audit_v4_1,peg_insert_with_lag,actuator_lag,sparse_observation,0.700000,0.620350,0.139186,0.122430,0.063429,0.234775,0.063449,0.123701,0.102266,0.132145,0.103062,0.425886,0.101054,0.002319,0.000942,0.001044,0.000628,0.000890,0.000679,0.000867,0.000802,0.001116,0.001019,0.101010,80
proposed_failed_rollout_audit_v4_1,peg_insert_with_lag,combined_hidden_mechanisms,combined_stress,0.637500,0.577879,0.167284,0.151565,0.070671,0.244239,0.070492,0.139826,0.115351,0.148628,0.117390,0.274525,0.106008,0.002130,0.000972,0.001314,0.000629,0.000942,0.000642,0.000948,0.000818,0.001121,0.000927,0.106375,80
proposed_failed_rollout_audit_v4_1,peg_insert_with_lag,combined_hidden_mechanisms,hidden_mechanism,0.650000,0.586388,0.161944,0.133966,0.068823,0.242276,0.065620,0.130481,0.110818,0.141472,0.112242,0.318488,0.105180,0.002135,0.001200,0.001147,0.000667,0.000810,0.000608,0.000761,0.000898,0.001186,0.001070,0.105107,80
proposed_failed_rollout_audit_v4_1,peg_insert_with_lag,combined_hidden_mechanisms,in_distribution,0.612500,0.598882,0.153646,0.124557,0.063987,0.238706,0.060805,0.121386,0.103503,0.131220,0.103578,0.315459,0.107431,0.002191,0.001122,0.001092,0.000667,0.000793,0.000609,0.000945,0.000929,0.001161,0.001206,0.107204,80
proposed_failed_rollout_audit_v4_1,peg_insert_with_lag,combined_hidden_mechanisms,long_horizon,0.650000,0.591051,0.164808,0.146015,0.070047,0.241615,0.065694,0.132567,0.113332,0.143436,0.114640,0.304888,0.105180,0.002139,0.001086,0.001180,0.000561,0.000753,0.000763,0.000871,0.000855,0.001065,0.001079,0.105055,80
proposed_failed_rollout_audit_v4_1,peg_insert_with_lag,combined_hidden_mechanisms,sparse_observation,0.637500,0.578057,0.164518,0.139104,0.069963,0.244947,0.069621,0.137611,0.114577,0.147957,0.116395,0.288790,0.106008,0.002276,0.001093,0.001057,0.000622,0.000950,0.000691,0.000825,0.000899,0.001195,0.001108,0.105713,80
proposed_failed_rollout_audit_v4_1,peg_insert_with_lag,compliance_shift,combined_stress,0.762500,0.626402,0.142960,0.131182,0.066065,0.234120,0.064140,0.124872,0.105764,0.136814,0.106621,0.474729,0.093841,0.002399,0.001057,0.001110,0.000628,0.000895,0.000696,0.000877,0.000877,0.001018,0.001089,0.093969,80
proposed_failed_rollout_audit_v4_1,peg_insert_with_lag,compliance_shift,hidden_mechanism,0.775000,0.651090,0.121633,0.108059,0.055915,0.226723,0.053553,0.104006,0.089502,0.113381,0.088765,0.566453,0.092084,0.002195,0.000974,0.001028,0.000624,0.000692,0.000682,0.000853,0.000844,0.001126,0.001002,0.092065,80
proposed_failed_rollout_audit_v4_1,peg_insert_with_lag,compliance_shift,in_distribution,0.750000,0.661849,0.111836,0.098290,0.051605,0.222959,0.049023,0.093988,0.082141,0.102666,0.080871,0.576559,0.095487,0.002343,0.001090,0.000938,0.000713,0.000831,0.000662,0.000821,0.000929,0.001094,0.001067,0.095425,80
proposed_failed_rollout_audit_v4_1,peg_insert_with_lag,compliance_shift,long_horizon,0.675000,0.654082,0.125717,0.120270,0.058311,0.226482,0.053817,0.105463,0.094020,0.117218,0.093777,0.448420,0.103285,0.002165,0.001034,0.001019,0.000624,0.000955,0.000658,0.000806,0.000937,0.001054,0.001241,0.103356,80
proposed_failed_rollout_audit_v4_1,peg_insert_with_lag,compliance_shift,sparse_observation,0.737500,0.630151,0.133164,0.117719,0.060858,0.232696,0.061249,0.119500,0.097135,0.126823,0.097738,0.484569,0.097026,0.001953,0.001123,0.001064,0.000724,0.000938,0.000613,0.000964,0.000832,0.001160,0.001146,0.096877,80
proposed_failed_rollout_audit_v4_1,peg_insert_with_lag,contact_mode_flip,combined_stress,0.637500,0.606236,0.157655,0.141490,0.069785,0.238643,0.067107,0.132392,0.110278,0.142769,0.112159,0.310055,0.106008,0.001980,0.001267,0.001218,0.000720,0.000817,0.000621,0.000980,0.000880,0.001159,0.001160,0.106146,80
proposed_failed_rollout_audit_v4_1,peg_insert_with_lag,contact_mode_flip,hidden_mechanism,0.750000,0.626697,0.137277,0.118796,0.058827,0.232309,0.057426,0.111599,0.094814,0.120088,0.095122,0.498650,0.095487,0.002088,0.001088,0.001065,0.000657,0.000984,0.000692,0.000941,0.000910,0.001098,0.001261,0.095291,80
proposed_failed_rollout_audit_v4_1,peg_insert_with_lag,contact_mode_flip,in_distribution,0.725000,0.641452,0.127168,0.108654,0.054036,0.230093,0.051975,0.101851,0.088771,0.110818,0.088216,0.510334,0.098464,0.002164,0.000959,0.001191,0.000648,0.000898,0.000651,0.000943,0.000826,0.000998,0.001025,0.098462,80
proposed_failed_rollout_audit_v4_1,peg_insert_with_lag,contact_mode_flip,long_horizon,0.687500,0.632093,0.141701,0.131764,0.061754,0.231185,0.056779,0.114192,0.099779,0.125235,0.099568,0.417716,0.102212,0.002324,0.001029,0.000984,0.000740,0.000762,0.000612,0.000853,0.000796,0.001007,0.000961,0.102334,80
proposed_failed_rollout_audit_v4_1,peg_insert_with_lag,contact_mode_flip,sparse_observation,0.662500,0.607329,0.147031,0.128202,0.063081,0.237610,0.065136,0.127509,0.103453,0.134982,0.103928,0.369323,0.104273,0.002249,0.001238,0.001038,0.000704,0.000868,0.000633,0.000912,0.000853,0.001085,0.001126,0.104204,80
proposed_failed_rollout_audit_v4_1,peg_insert_with_lag,friction_shift,combined_stress,0.825000,0.634244,0.137726,0.127711,0.064047,0.231539,0.062853,0.121723,0.102178,0.132703,0.103378,0.553930,0.083789,0.002065,0.000992,0.001120,0.000589,0.000822,0.000584,0.000855,0.000964,0.001131,0.001111,0.083582,80
proposed_failed_rollout_audit_v4_1,peg_insert_with_lag,friction_shift,hidden_mechanism,0.812500,0.659673,0.115511,0.104074,0.052934,0.225472,0.052390,0.099673,0.086618,0.109857,0.086043,0.622458,0.086071,0.002445,0.001099,0.001110,0.000610,0.000655,0.000675,0.000807,0.000961,0.000969,0.001190,0.085737,80
proposed_failed_rollout_audit_v4_1,peg_insert_with_lag,friction_shift,in_distribution,0.725000,0.670854,0.105502,0.094223,0.048994,0.221974,0.047544,0.090969,0.079236,0.099480,0.076841,0.569920,0.098464,0.002208,0.001012,0.001178,0.000712,0.000790,0.000699,0.000877,0.000897,0.001039,0.001088,0.098476,80
proposed_failed_rollout_audit_v4_1,peg_insert_with_lag,friction_shift,long_horizon,0.712500,0.665321,0.120190,0.116586,0.056345,0.224081,0.052990,0.102756,0.089353,0.111465,0.088780,0.504458,0.099805,0.002034,0.001188,0.001133,0.000575,0.000783,0.000743,0.000836,0.000755,0.000949,0.001076,0.099888,80
proposed_failed_rollout_audit_v4_1,peg_insert_with_lag,friction_shift,sparse_observation,0.737500,0.637739,0.125655,0.113244,0.058165,0.230167,0.059571,0.116672,0.093475,0.122525,0.093934,0.504948,0.097026,0.002299,0.001197,0.001071,0.000639,0.000654,0.000655,0.000827,0.000968,0.001273,0.001170,0.097060,80
proposed_failed_rollout_audit_v4_1,peg_insert_with_lag,nominal,combined_stress,0.675000,0.662590,0.120393,0.116322,0.058945,0.225850,0.059544,0.112526,0.092785,0.121945,0.093099,0.455100,0.103285,0.002208,0.001115,0.000862,0.000670,0.000854,0.000664,0.000905,0.000808,0.000986,0.001001,0.103613,80
proposed_failed_rollout_audit_v4_1,peg_insert_with_lag,nominal,hidden_mechanism,0.750000,0.683953,0.100634,0.094640,0.048445,0.219221,0.048769,0.091103,0.077252,0.098688,0.076142,0.605511,0.095487,0.002336,0.001201,0.001039,0.000751,0.000918,0.000688,0.000814,0.000845,0.000997,0.001117,0.095670,80
proposed_failed_rollout_audit_v4_1,peg_insert_with_lag,nominal,in_distribution,0.875000,0.696666,0.088250,0.082281,0.043903,0.215228,0.044611,0.082395,0.070034,0.088955,0.068621,0.770440,0.072929,0.002060,0.001118,0.001068,0.000668,0.000802,0.000599,0.000922,0.000853,0.001118,0.001038,0.072803,80
proposed_failed_rollout_audit_v4_1,peg_insert_with_lag,nominal,long_horizon,0.812500,0.690216,0.102834,0.105209,0.051233,0.218614,0.049216,0.094886,0.081355,0.102890,0.080603,0.653503,0.086071,0.002194,0.001034,0.001101,0.000669,0.000916,0.000597,0.000860,0.000931,0.001153,0.001124,0.085821,80
proposed_failed_rollout_audit_v4_1,peg_insert_with_lag,nominal,sparse_observation,0.762500,0.664102,0.109257,0.102397,0.053241,0.224485,0.057185,0.107799,0.084910,0.112754,0.084432,0.577877,0.093841,0.002055,0.001042,0.001061,0.000673,0.000770,0.000535,0.000907,0.000808,0.001039,0.001054,0.093677,80
proposed_failed_rollout_audit_v4_1,peg_insert_with_lag,occlusion_persistence,combined_stress,0.725000,0.611110,0.148682,0.136472,0.066975,0.237161,0.066551,0.132033,0.107435,0.140178,0.109221,0.416967,0.098464,0.002039,0.000993,0.000995,0.000678,0.000817,0.000581,0.000862,0.000818,0.001053,0.000971,0.098342,80
proposed_failed_rollout_audit_v4_1,peg_insert_with_lag,occlusion_persistence,hidden_mechanism,0.675000,0.616882,0.131397,0.115645,0.057550,0.233794,0.062183,0.121029,0.093491,0.124206,0.095001,0.425468,0.103285,0.002142,0.001210,0.001093,0.000680,0.000817,0.000671,0.000848,0.000914,0.001073,0.001124,0.103287,80
proposed_failed_rollout_audit_v4_1,peg_insert_with_lag,occlusion_persistence,in_distribution,0.750000,0.630669,0.120327,0.105609,0.053052,0.230994,0.058006,0.110818,0.087510,0.114915,0.088125,0.536857,0.095487,0.002250,0.001167,0.000991,0.000697,0.001050,0.000653,0.000961,0.000793,0.001057,0.000907,0.095565,80
proposed_failed_rollout_audit_v4_1,peg_insert_with_lag,occlusion_persistence,long_horizon,0.675000,0.622371,0.136201,0.127633,0.060505,0.234152,0.063127,0.123205,0.098138,0.128040,0.099033,0.406433,0.103285,0.002472,0.001126,0.001066,0.000607,0.000936,0.000569,0.000945,0.000858,0.001006,0.001080,0.103299,80
proposed_failed_rollout_audit_v4_1,peg_insert_with_lag,occlusion_persistence,sparse_observation,0.650000,0.611178,0.138370,0.123672,0.061128,0.236990,0.065826,0.126391,0.098805,0.131360,0.100706,0.374695,0.105180,0.002041,0.001110,0.001012,0.000680,0.000733,0.000630,0.000827,0.000718,0.000925,0.001020,0.105855,80
proposed_failed_rollout_audit_v4_1,peg_insert_with_lag,payload_shift,combined_stress,0.675000,0.611588,0.151256,0.136986,0.068085,0.237620,0.066340,0.130698,0.109585,0.141260,0.110517,0.362062,0.103285,0.002224,0.001029,0.001049,0.000683,0.000851,0.000642,0.000857,0.000945,0.001240,0.001108,0.103682,80
proposed_failed_rollout_audit_v4_1,peg_insert_with_lag,payload_shift,hidden_mechanism,0.737500,0.633193,0.134626,0.115388,0.060464,0.231110,0.056146,0.109664,0.096139,0.120580,0.095867,0.492326,0.097026,0.002166,0.000980,0.001110,0.000641,0.000977,0.000634,0.000926,0.000806,0.001053,0.001072,0.097407,80
proposed_failed_rollout_audit_v4_1,peg_insert_with_lag,payload_shift,in_distribution,0.787500,0.645068,0.123163,0.104212,0.055717,0.226704,0.050851,0.100064,0.089785,0.110475,0.088702,0.580778,0.090208,0.002042,0.001074,0.001165,0.000652,0.000938,0.000564,0.000870,0.000911,0.001141,0.001087,0.090255,80
proposed_failed_rollout_audit_v4_1,peg_insert_with_lag,payload_shift,long_horizon,0.737500,0.637881,0.137214,0.126962,0.063127,0.230257,0.055629,0.111971,0.100634,0.124631,0.100599,0.476912,0.097026,0.002118,0.001185,0.001030,0.000661,0.000871,0.000677,0.000899,0.000931,0.001171,0.001146,0.096518,80
proposed_failed_rollout_audit_v4_1,peg_insert_with_lag,payload_shift,sparse_observation,0.750000,0.613325,0.142220,0.124716,0.064863,0.236079,0.063889,0.124962,0.103913,0.134548,0.105500,0.465483,0.095487,0.002144,0.001097,0.001087,0.000595,0.000881,0.000656,0.000829,0.000868,0.000954,0.001134,0.095562,80
scalar_uncertainty_planner,cluttered_navigation_grasp,actuator_lag,combined_stress,0.337500,0.290726,0.299126,0.282989,0.109060,0.151700,0.115158,0.127771,0.222499,0.250644,0.239104,-0.449742,0.104273,0.002250,0.001095,0.001121,0.000580,0.000941,0.000628,0.000715,0.000928,0.001089,0.001092,0.104350,80
scalar_uncertainty_planner,cluttered_navigation_grasp,actuator_lag,hidden_mechanism,0.562500,0.320168,0.269948,0.252001,0.096404,0.146328,0.100820,0.105295,0.201593,0.221539,0.216067,-0.123199,0.109394,0.002131,0.001043,0.001188,0.000626,0.000902,0.000763,0.000774,0.000822,0.001064,0.001131,0.108908,80
scalar_uncertainty_planner,cluttered_navigation_grasp,actuator_lag,in_distribution,0.512500,0.333774,0.255477,0.235697,0.091246,0.143922,0.093843,0.095851,0.191645,0.208684,0.205734,-0.124382,0.110224,0.002165,0.000902,0.001030,0.000699,0.000863,0.000630,0.000891,0.000884,0.000977,0.001063,0.110045,80
scalar_uncertainty_planner,cluttered_navigation_grasp,actuator_lag,long_horizon,0.425000,0.321934,0.278590,0.266607,0.100068,0.145750,0.102415,0.108515,0.208399,0.228913,0.222337,-0.288976,0.109011,0.002376,0.001152,0.001151,0.000660,0.000876,0.000716,0.000887,0.000907,0.001189,0.001062,0.109322,80
scalar_uncertainty_planner,cluttered_navigation_grasp,actuator_lag,sparse_observation,0.400000,0.297800,0.284807,0.264946,0.103356,0.150462,0.111348,0.122453,0.212941,0.240154,0.228901,-0.341992,0.108031,0.002178,0.001056,0.001032,0.000739,0.000928,0.000623,0.000881,0.000666,0.000933,0.000938,0.108504,80
scalar_uncertainty_planner,cluttered_navigation_grasp,combined_hidden_mechanisms,combined_stress,0.387500,0.218963,0.325330,0.305745,0.114211,0.159498,0.122943,0.140817,0.236882,0.267212,0.254671,-0.489766,0.107431,0.002134,0.000956,0.000998,0.000523,0.000911,0.000681,0.000833,0.000842,0.001057,0.001068,0.107245,80
scalar_uncertainty_planner,cluttered_navigation_grasp,combined_hidden_mechanisms,hidden_mechanism,0.462500,0.229440,0.316383,0.285402,0.110954,0.157326,0.116494,0.130594,0.228343,0.255844,0.245644,-0.372040,0.109948,0.002134,0.001073,0.001075,0.000724,0.000874,0.000588,0.000739,0.000835,0.001071,0.001090,0.110008,80
scalar_uncertainty_planner,cluttered_navigation_grasp,combined_hidden_mechanisms,in_distribution,0.362500,0.240079,0.302696,0.271621,0.104799,0.154715,0.110826,0.121142,0.217954,0.242981,0.234216,-0.426236,0.106008,0.002196,0.001045,0.001025,0.000717,0.000952,0.000597,0.000957,0.000829,0.001183,0.001245,0.106127,80
scalar_uncertainty_planner,cluttered_navigation_grasp,combined_hidden_mechanisms,long_horizon,0.262500,0.232897,0.320653,0.300118,0.112789,0.157413,0.118401,0.131592,0.232236,0.260484,0.249614,-0.591946,0.097026,0.002210,0.001179,0.001104,0.000593,0.000837,0.000786,0.001005,0.001017,0.001256,0.001355,0.097000,80
scalar_uncertainty_planner,cluttered_navigation_grasp,combined_hidden_mechanisms,sparse_observation,0.412500,0.217929,0.321144,0.293783,0.113278,0.159603,0.121795,0.138733,0.233215,0.263830,0.250790,-0.447604,0.108557,0.002253,0.001315,0.001123,0.000674,0.000814,0.000711,0.000827,0.000871,0.001146,0.001126,0.108476,80
scalar_uncertainty_planner,cluttered_navigation_grasp,compliance_shift,combined_stress,0.462500,0.311046,0.291372,0.276566,0.106295,0.150004,0.112577,0.123654,0.218004,0.245531,0.234393,-0.297184,0.109948,0.002163,0.001064,0.001158,0.000618,0.000974,0.000626,0.000919,0.000941,0.001090,0.001152,0.110111,80
scalar_uncertainty_planner,cluttered_navigation_grasp,compliance_shift,hidden_mechanism,0.450000,0.340483,0.259521,0.242971,0.092940,0.144663,0.097642,0.100865,0.194765,0.214151,0.208953,-0.201047,0.109706,0.002444,0.001002,0.001141,0.000730,0.000819,0.000648,0.000865,0.000787,0.000922,0.000954,0.109620,80
scalar_uncertainty_planner,cluttered_navigation_grasp,compliance_shift,in_distribution,0.575000,0.353089,0.245730,0.228756,0.086713,0.141481,0.090963,0.091323,0.184186,0.200291,0.196531,-0.028207,0.109011,0.002123,0.001132,0.001118,0.000667,0.000963,0.000708,0.000978,0.000952,0.001210,0.001167,0.109225,80
scalar_uncertainty_planner,cluttered_navigation_grasp,compliance_shift,long_horizon,0.550000,0.341577,0.268069,0.258558,0.096083,0.144129,0.099152,0.103864,0.200630,0.219851,0.214675,-0.129006,0.109706,0.001988,0.000952,0.001130,0.000582,0.000898,0.000679,0.000926,0.000874,0.000953,0.001037,0.109776,80
scalar_uncertainty_planner,cluttered_navigation_grasp,compliance_shift,sparse_observation,0.562500,0.316665,0.275582,0.257387,0.099609,0.149342,0.108859,0.117791,0.207227,0.233625,0.222119,-0.148491,0.109394,0.002121,0.001137,0.001053,0.000694,0.000780,0.000606,0.000751,0.000879,0.000995,0.000894,0.109465,80
scalar_uncertainty_planner,cluttered_navigation_grasp,contact_mode_flip,combined_stress,0.450000,0.275164,0.310728,0.292012,0.110911,0.154455,0.117975,0.132937,0.227798,0.257777,0.244756,-0.368961,0.109706,0.002383,0.001085,0.001073,0.000645,0.000828,0.000687,0.000824,0.000787,0.001036,0.001063,0.109750,80
scalar_uncertainty_planner,cluttered_navigation_grasp,contact_mode_flip,hidden_mechanism,0.412500,0.302119,0.281069,0.259659,0.097722,0.149210,0.103770,0.110446,0.205178,0.226744,0.220148,-0.302707,0.108557,0.002347,0.001055,0.001068,0.000643,0.000864,0.000673,0.000883,0.000754,0.001068,0.001056,0.108174,80
scalar_uncertainty_planner,cluttered_navigation_grasp,contact_mode_flip,in_distribution,0.512500,0.314720,0.266582,0.244299,0.091883,0.145808,0.096674,0.099539,0.194466,0.212581,0.207667,-0.153093,0.110224,0.002207,0.001146,0.001036,0.000668,0.000859,0.000668,0.000821,0.000878,0.001210,0.001100,0.110396,80
scalar_uncertainty_planner,cluttered_navigation_grasp,contact_mode_flip,long_horizon,0.512500,0.306038,0.287984,0.274972,0.101694,0.148621,0.105131,0.112646,0.211153,0.232813,0.226272,-0.228672,0.110224,0.001879,0.001235,0.001000,0.000711,0.000879,0.000616,0.000883,0.000919,0.001156,0.000955,0.110060,80
scalar_uncertainty_planner,cluttered_navigation_grasp,contact_mode_flip,sparse_observation,0.337500,0.280585,0.296809,0.274625,0.105127,0.152872,0.113879,0.127216,0.216063,0.244269,0.232765,-0.435837,0.104273,0.002246,0.001078,0.001153,0.000577,0.000835,0.000567,0.000846,0.000940,0.001097,0.001046,0.104558,80
scalar_uncertainty_planner,cluttered_navigation_grasp,friction_shift,combined_stress,0.537500,0.327480,0.281403,0.270304,0.103323,0.148390,0.110649,0.119636,0.212499,0.239493,0.228564,-0.193568,0.109948,0.001990,0.001070,0.001156,0.000692,0.000913,0.000599,0.000782,0.000720,0.000948,0.001040,0.109493,80
scalar_uncertainty_planner,cluttered_navigation_grasp,friction_shift,hidden_mechanism,0.537500,0.354154,0.250881,0.235373,0.090811,0.142913,0.095504,0.098295,0.189336,0.207696,0.203373,-0.087121,0.109948,0.002037,0.000986,0.001127,0.000675,0.000917,0.000639,0.000816,0.000932,0.001154,0.001175,0.109964,80
scalar_uncertainty_planner,cluttered_navigation_grasp,friction_shift,in_distribution,0.562500,0.369918,0.236240,0.222961,0.083929,0.139306,0.088851,0.087801,0.178481,0.193655,0.191566,-0.012663,0.109394,0.002430,0.001090,0.001055,0.000660,0.000981,0.000702,0.000874,0.000866,0.001075,0.001104,0.109285,80
scalar_uncertainty_planner,cluttered_navigation_grasp,friction_shift,long_horizon,0.550000,0.359630,0.259957,0.251518,0.093542,0.142389,0.097540,0.100673,0.195735,0.214345,0.209727,-0.102083,0.109706,0.002114,0.001137,0.001174,0.000614,0.000757,0.000727,0.000761,0.000888,0.001156,0.001128,0.109610,80
scalar_uncertainty_planner,cluttered_navigation_grasp,friction_shift,sparse_observation,0.487500,0.331948,0.266256,0.252368,0.096862,0.145579,0.106213,0.114774,0.200705,0.226505,0.215247,-0.195579,0.110224,0.002237,0.001072,0.001041,0.000744,0.000876,0.000595,0.000862,0.000802,0.000947,0.001021,0.109981,80
scalar_uncertainty_planner,cluttered_navigation_grasp,nominal,combined_stress,0.500000,0.383509,0.258799,0.252115,0.096071,0.143070,0.104302,0.110892,0.198711,0.223247,0.213516,-0.153824,0.110259,0.002283,0.001099,0.001000,0.000568,0.000920,0.000668,0.000728,0.000854,0.001132,0.001040,0.110310,80
scalar_uncertainty_planner,cluttered_navigation_grasp,nominal,hidden_mechanism,0.600000,0.411342,0.226551,0.220007,0.082947,0.137030,0.089184,0.089186,0.174866,0.191703,0.187141,0.053710,0.108031,0.002386,0.001148,0.001131,0.000608,0.000865,0.000655,0.000774,0.000878,0.001161,0.001161,0.108513,80
scalar_uncertainty_planner,cluttered_navigation_grasp,nominal,in_distribution,0.625000,0.425833,0.213242,0.204240,0.076339,0.134392,0.082632,0.078048,0.163986,0.177116,0.175407,0.128638,0.106757,0.002231,0.001064,0.001234,0.000606,0.000810,0.000626,0.000739,0.000924,0.001086,0.001168,0.106877,80
scalar_uncertainty_planner,cluttered_navigation_grasp,nominal,long_horizon,0.625000,0.415736,0.235940,0.234200,0.086051,0.136789,0.091338,0.089964,0.182349,0.198643,0.195326,0.051201,0.106757,0.002034,0.001116,0.001014,0.000679,0.000880,0.000754,0.000922,0.000804,0.001012,0.001071,0.106956,80
scalar_uncertainty_planner,cluttered_navigation_grasp,nominal,sparse_observation,0.612500,0.388109,0.243570,0.233904,0.089049,0.141538,0.100285,0.103861,0.187150,0.211180,0.201219,0.007261,0.107431,0.002074,0.001198,0.001073,0.000710,0.000843,0.000675,0.000785,0.000875,0.001033,0.001078,0.107454,80
scalar_uncertainty_planner,cluttered_navigation_grasp,occlusion_persistence,combined_stress,0.350000,0.290510,0.301734,0.284414,0.108017,0.152662,0.116320,0.130600,0.223482,0.253105,0.240074,-0.441843,0.105180,0.002090,0.000995,0.001222,0.000724,0.000873,0.000779,0.000771,0.000755,0.000914,0.000910,0.105176,80
scalar_uncertainty_planner,cluttered_navigation_grasp,occlusion_persistence,hidden_mechanism,0.437500,0.299725,0.275084,0.257861,0.096860,0.150958,0.109168,0.119280,0.204464,0.230740,0.220690,-0.275457,0.109394,0.002152,0.001021,0.001054,0.000659,0.000758,0.000705,0.000806,0.000861,0.001149,0.001050,0.109520,80
scalar_uncertainty_planner,cluttered_navigation_grasp,occlusion_persistence,in_distribution,0.550000,0.313793,0.259955,0.242573,0.090822,0.148477,0.102691,0.109312,0.192846,0.216142,0.207710,-0.112318,0.109706,0.002032,0.000989,0.001135,0.000615,0.000837,0.000573,0.000720,0.000859,0.001066,0.001108,0.109629,80
scalar_uncertainty_planner,cluttered_navigation_grasp,occlusion_persistence,long_horizon,0.462500,0.303031,0.282166,0.273218,0.099685,0.149863,0.110554,0.121612,0.209411,0.235953,0.225887,-0.274845,0.109948,0.002288,0.001124,0.001151,0.000662,0.000742,0.000705,0.000910,0.000948,0.001082,0.001183,0.110198,80
scalar_uncertainty_planner,cluttered_navigation_grasp,occlusion_persistence,sparse_observation,0.437500,0.291379,0.285494,0.267100,0.101119,0.152897,0.114080,0.125829,0.211814,0.240798,0.228310,-0.308797,0.109394,0.002134,0.001000,0.001027,0.000652,0.000860,0.000595,0.000864,0.000920,0.001279,0.001096,0.109199,80
scalar_uncertainty_planner,cluttered_navigation_grasp,payload_shift,combined_stress,0.412500,0.276579,0.303671,0.285260,0.109602,0.152986,0.115373,0.129718,0.226104,0.254278,0.243050,-0.389273,0.108557,0.002123,0.001101,0.001142,0.000663,0.000878,0.000612,0.000863,0.000860,0.001006,0.001055,0.108579,80
scalar_uncertainty_planner,cluttered_navigation_grasp,payload_shift,hidden_mechanism,0.425000,0.302355,0.276090,0.254489,0.098682,0.146571,0.101971,0.107334,0.205371,0.226352,0.220037,-0.280260,0.109011,0.002121,0.001125,0.001030,0.000587,0.000889,0.000696,0.000832,0.000811,0.001083,0.000959,0.109016,80
scalar_uncertainty_planner,cluttered_navigation_grasp,payload_shift,in_distribution,0.512500,0.317668,0.261891,0.239985,0.093149,0.145655,0.094848,0.096860,0.195371,0.211363,0.209006,-0.144752,0.110224,0.002478,0.001076,0.001053,0.000640,0.000798,0.000661,0.000963,0.000961,0.001376,0.001291,0.110258,80
scalar_uncertainty_planner,cluttered_navigation_grasp,payload_shift,long_horizon,0.400000,0.306346,0.283594,0.269876,0.102286,0.146764,0.104064,0.110501,0.211411,0.231410,0.226350,-0.332280,0.108031,0.002144,0.001008,0.001111,0.000688,0.000847,0.000650,0.000858,0.000809,0.001122,0.001070,0.108210,80
scalar_uncertainty_planner,cluttered_navigation_grasp,payload_shift,sparse_observation,0.412500,0.280709,0.291595,0.269649,0.105550,0.152224,0.111911,0.124425,0.217178,0.243841,0.233509,-0.351459,0.108557,0.002436,0.001178,0.001228,0.000600,0.000875,0.000617,0.000932,0.000926,0.001144,0.001064,0.108511,80
scalar_uncertainty_planner,deformable_bin_pick,actuator_lag,combined_stress,0.500000,0.293361,0.296159,0.280073,0.108720,0.152584,0.113791,0.128183,0.222677,0.250573,0.239384,-0.280709,0.110259,0.002096,0.001174,0.001035,0.000605,0.000917,0.000554,0.000776,0.000822,0.001021,0.001066,0.110447,80
scalar_uncertainty_planner,deformable_bin_pick,actuator_lag,hidden_mechanism,0.525000,0.322852,0.268446,0.247779,0.097152,0.146618,0.100440,0.105229,0.200819,0.221599,0.215066,-0.155270,0.110121,0.002245,0.001175,0.001118,0.000751,0.000840,0.000624,0.000964,0.000914,0.001207,0.001120,0.110343,80
scalar_uncertainty_planner,deformable_bin_pick,actuator_lag,in_distribution,0.525000,0.336978,0.252667,0.233616,0.091046,0.142896,0.093257,0.095606,0.190529,0.206942,0.203113,-0.104987,0.110121,0.002165,0.001165,0.000973,0.000727,0.000698,0.000643,0.000857,0.000766,0.001075,0.000994,0.110201,80
scalar_uncertainty_planner,deformable_bin_pick,actuator_lag,long_horizon,0.425000,0.323790,0.275303,0.264370,0.100656,0.145551,0.102402,0.107349,0.207586,0.227661,0.221407,-0.283374,0.109011,0.002271,0.001228,0.001109,0.000629,0.000884,0.000616,0.000890,0.000958,0.001231,0.001184,0.109560,80
scalar_uncertainty_planner,deformable_bin_pick,actuator_lag,sparse_observation,0.450000,0.298400,0.282864,0.263416,0.103279,0.151338,0.110818,0.121866,0.212998,0.240209,0.228958,-0.288622,0.109706,0.002299,0.001067,0.001056,0.000638,0.000894,0.000607,0.000956,0.000914,0.001081,0.001107,0.109547,80
scalar_uncertainty_planner,deformable_bin_pick,combined_hidden_mechanisms,combined_stress,0.400000,0.220101,0.325606,0.306438,0.114535,0.159776,0.122919,0.141204,0.237191,0.268600,0.255386,-0.478359,0.108031,0.002494,0.001180,0.001164,0.000550,0.000966,0.000737,0.000982,0.000814,0.000990,0.001106,0.107684,80
scalar_uncertainty_planner,deformable_bin_pick,combined_hidden_mechanisms,hidden_mechanism,0.412500,0.231126,0.314797,0.284236,0.110246,0.157048,0.116999,0.131131,0.228569,0.256627,0.245581,-0.418796,0.108557,0.002299,0.001014,0.001016,0.000590,0.000758,0.000612,0.000837,0.000899,0.001098,0.001065,0.108552,80
scalar_uncertainty_planner,deformable_bin_pick,combined_hidden_mechanisms,in_distribution,0.462500,0.242039,0.299967,0.269059,0.104079,0.155066,0.109703,0.120190,0.216980,0.240922,0.232611,-0.318990,0.109948,0.002325,0.001095,0.001219,0.000655,0.000930,0.000732,0.000870,0.000906,0.001053,0.001066,0.110072,80
scalar_uncertainty_planner,deformable_bin_pick,combined_hidden_mechanisms,long_horizon,0.325000,0.232245,0.320411,0.298330,0.112867,0.157012,0.117634,0.132902,0.232470,0.260537,0.249829,-0.528010,0.103285,0.002066,0.001020,0.000969,0.000555,0.000797,0.000641,0.001025,0.000823,0.001008,0.001000,0.103375,80
scalar_uncertainty_planner,deformable_bin_pick,combined_hidden_mechanisms,sparse_observation,0.337500,0.218462,0.320793,0.293577,0.113052,0.159331,0.121531,0.138305,0.232944,0.263817,0.250183,-0.521219,0.104273,0.002438,0.001122,0.001092,0.000593,0.000802,0.000624,0.000895,0.000862,0.001102,0.001057,0.104211,80
scalar_uncertainty_planner,deformable_bin_pick,compliance_shift,combined_stress,0.475000,0.315738,0.289107,0.273064,0.106622,0.149349,0.111931,0.123165,0.216569,0.244382,0.232692,-0.277054,0.110121,0.002273,0.001102,0.000960,0.000768,0.000902,0.000655,0.000807,0.000806,0.000912,0.001018,0.109915,80
scalar_uncertainty_planner,deformable_bin_pick,compliance_shift,hidden_mechanism,0.450000,0.344582,0.258556,0.240228,0.092663,0.144238,0.097459,0.100872,0.193947,0.212416,0.208307,-0.195587,0.109706,0.002197,0.001027,0.001106,0.000734,0.000841,0.000615,0.000913,0.000963,0.001213,0.001161,0.109525,80
scalar_uncertainty_planner,deformable_bin_pick,compliance_shift,in_distribution,0.550000,0.355953,0.242892,0.227147,0.086990,0.141205,0.091152,0.089845,0.182973,0.198856,0.196077,-0.047605,0.109706,0.002407,0.001040,0.000991,0.000608,0.000849,0.000677,0.000938,0.000811,0.001103,0.000991,0.109759,80
scalar_uncertainty_planner,deformable_bin_pick,compliance_shift,long_horizon,0.550000,0.345086,0.264844,0.255865,0.096238,0.143791,0.099103,0.103626,0.199930,0.218560,0.214332,-0.122285,0.109706,0.002235,0.001110,0.001154,0.000701,0.000908,0.000622,0.000899,0.000931,0.001200,0.001198,0.109881,80
scalar_uncertainty_planner,deformable_bin_pick,compliance_shift,sparse_observation,0.450000,0.319324,0.271756,0.256967,0.099018,0.149154,0.107884,0.117297,0.206184,0.232565,0.221876,-0.254269,0.109706,0.001971,0.000984,0.001116,0.000584,0.000953,0.000581,0.000830,0.000825,0.000941,0.001072,0.109680,80
scalar_uncertainty_planner,deformable_bin_pick,contact_mode_flip,combined_stress,0.362500,0.275472,0.307338,0.290658,0.110280,0.154169,0.118052,0.132073,0.227471,0.257593,0.244854,-0.451092,0.106008,0.002174,0.001234,0.001098,0.000732,0.000838,0.000623,0.000781,0.000792,0.001092,0.001101,0.105806,80
scalar_uncertainty_planner,deformable_bin_pick,contact_mode_flip,hidden_mechanism,0.462500,0.304358,0.278309,0.257378,0.097293,0.148938,0.103503,0.110270,0.203574,0.225416,0.218777,-0.245890,0.109948,0.001980,0.001154,0.001056,0.000592,0.000923,0.000649,0.000755,0.000828,0.000958,0.001008,0.110373,80
scalar_uncertainty_planner,deformable_bin_pick,contact_mode_flip,in_distribution,0.675000,0.315500,0.264354,0.242902,0.091415,0.146038,0.096693,0.098683,0.193124,0.211034,0.206843,0.014254,0.103285,0.002162,0.000978,0.001160,0.000591,0.000821,0.000686,0.000900,0.000795,0.001010,0.000953,0.103044,80
scalar_uncertainty_planner,deformable_bin_pick,contact_mode_flip,long_horizon,0.525000,0.305379,0.285018,0.272939,0.101524,0.148669,0.105186,0.112702,0.209406,0.231246,0.224604,-0.210842,0.110121,0.002165,0.001121,0.001040,0.000624,0.000857,0.000695,0.000931,0.000844,0.001135,0.001022,0.110002,80
scalar_uncertainty_planner,deformable_bin_pick,contact_mode_flip,sparse_observation,0.475000,0.280441,0.293667,0.271460,0.103965,0.153410,0.113681,0.126484,0.215255,0.243251,0.230891,-0.291196,0.110121,0.001820,0.001244,0.001087,0.000606,0.000986,0.000710,0.000840,0.000943,0.001159,0.001216,0.110145,80
scalar_uncertainty_planner,deformable_bin_pick,friction_shift,combined_stress,0.450000,0.330931,0.278941,0.267459,0.102745,0.148577,0.109800,0.119159,0.211465,0.238392,0.227839,-0.273644,0.109706,0.002014,0.001108,0.001011,0.000757,0.000710,0.000620,0.000997,0.001017,0.001255,0.001159,0.109638,80
scalar_uncertainty_planner,deformable_bin_pick,friction_shift,hidden_mechanism,0.450000,0.359079,0.248749,0.234277,0.089356,0.142128,0.095178,0.096791,0.188094,0.206955,0.201973,-0.167095,0.109706,0.002138,0.001081,0.001181,0.000635,0.000829,0.000655,0.000919,0.000860,0.001104,0.001029,0.109715,80
scalar_uncertainty_planner,deformable_bin_pick,friction_shift,in_distribution,0.500000,0.372705,0.233171,0.219573,0.083846,0.138946,0.088395,0.086806,0.177167,0.192145,0.189897,-0.067267,0.110259,0.001895,0.000987,0.001069,0.000654,0.000872,0.000599,0.000848,0.000836,0.001168,0.000985,0.110269,80
scalar_uncertainty_planner,deformable_bin_pick,friction_shift,long_horizon,0.512500,0.361413,0.255821,0.248729,0.093694,0.141674,0.096881,0.099716,0.194705,0.213184,0.208171,-0.131734,0.110224,0.002190,0.000946,0.001069,0.000645,0.000696,0.000690,0.000814,0.000981,0.001228,0.001349,0.110094,80
scalar_uncertainty_planner,deformable_bin_pick,friction_shift,sparse_observation,0.562500,0.336295,0.263918,0.250482,0.096579,0.147234,0.105548,0.113351,0.200467,0.225566,0.215207,-0.114884,0.109394,0.002156,0.000951,0.001207,0.000570,0.000811,0.000630,0.000771,0.000787,0.000972,0.000900,0.109377,80
scalar_uncertainty_planner,deformable_bin_pick,nominal,combined_stress,0.562500,0.386817,0.255685,0.250498,0.095709,0.142613,0.103653,0.110492,0.198274,0.222958,0.213478,-0.084846,0.109394,0.002076,0.000966,0.001105,0.000625,0.000925,0.000557,0.000906,0.000813,0.000893,0.000953,0.109314,80
scalar_uncertainty_planner,deformable_bin_pick,nominal,hidden_mechanism,0.650000,0.412453,0.225981,0.217054,0.082316,0.136918,0.088957,0.087071,0.173448,0.190764,0.185615,0.109063,0.105180,0.002170,0.001109,0.001100,0.000694,0.000728,0.000605,0.000877,0.000919,0.001255,0.001190,0.105238,80
scalar_uncertainty_planner,deformable_bin_pick,nominal,in_distribution,0.675000,0.428650,0.210313,0.201955,0.076646,0.134180,0.082095,0.077357,0.163775,0.176742,0.175176,0.184376,0.103285,0.002061,0.001042,0.001020,0.000691,0.000916,0.000736,0.000929,0.000831,0.001130,0.001055,0.103505,80
scalar_uncertainty_planner,deformable_bin_pick,nominal,long_horizon,0.525000,0.414186,0.233510,0.231625,0.085702,0.136707,0.090131,0.090393,0.180248,0.196687,0.193125,-0.042781,0.110121,0.002407,0.001237,0.001110,0.000584,0.000899,0.000701,0.000890,0.000878,0.001151,0.001212,0.110276,80
scalar_uncertainty_planner,deformable_bin_pick,nominal,sparse_observation,0.525000,0.390606,0.239304,0.232114,0.088883,0.141503,0.099067,0.104017,0.186402,0.209604,0.200501,-0.072777,0.110121,0.002342,0.001126,0.000984,0.000638,0.000898,0.000665,0.000795,0.000829,0.001042,0.001013,0.110143,80
scalar_uncertainty_planner,deformable_bin_pick,occlusion_persistence,combined_stress,0.300000,0.291453,0.299082,0.281955,0.107393,0.153365,0.116180,0.130528,0.222059,0.251910,0.238723,-0.485720,0.101054,0.002369,0.000974,0.000991,0.000665,0.000895,0.000632,0.000941,0.000895,0.001107,0.001093,0.101104,80
scalar_uncertainty_planner,deformable_bin_pick,occlusion_persistence,hidden_mechanism,0.412500,0.302606,0.272118,0.255331,0.095024,0.151515,0.108906,0.118793,0.202233,0.228970,0.218053,-0.291347,0.108557,0.002427,0.000945,0.001238,0.000629,0.000795,0.000736,0.000896,0.000870,0.001075,0.001058,0.108739,80
scalar_uncertainty_planner,deformable_bin_pick,occlusion_persistence,in_distribution,0.462500,0.317084,0.257959,0.240033,0.089723,0.147891,0.102428,0.107696,0.192381,0.215138,0.207702,-0.192791,0.109948,0.002488,0.001065,0.001122,0.000578,0.000844,0.000657,0.000948,0.000838,0.001109,0.001007,0.110260,80
scalar_uncertainty_planner,deformable_bin_pick,occlusion_persistence,long_horizon,0.425000,0.304375,0.280101,0.270453,0.099311,0.150166,0.110619,0.120262,0.209805,0.236181,0.225710,-0.307547,0.109011,0.002253,0.000978,0.001037,0.000701,0.000883,0.000639,0.000831,0.000863,0.001035,0.001045,0.109229,80
scalar_uncertainty_planner,deformable_bin_pick,occlusion_persistence,sparse_observation,0.362500,0.293635,0.282467,0.265158,0.101425,0.152566,0.113709,0.125341,0.210165,0.238994,0.226758,-0.377600,0.106008,0.002086,0.001055,0.000969,0.000639,0.000850,0.000687,0.000915,0.000912,0.001086,0.001052,0.105797,80
scalar_uncertainty_planner,deformable_bin_pick,payload_shift,combined_stress,0.475000,0.278825,0.300834,0.284375,0.109227,0.153149,0.114879,0.129380,0.223939,0.252073,0.241113,-0.320644,0.110121,0.002433,0.001071,0.000947,0.000611,0.000867,0.000664,0.000879,0.000866,0.000948,0.001084,0.110196,80
scalar_uncertainty_planner,deformable_bin_pick,payload_shift,hidden_mechanism,0.325000,0.305699,0.274014,0.253072,0.098617,0.147685,0.102110,0.107180,0.203746,0.224166,0.218153,-0.375377,0.103285,0.002137,0.001091,0.001052,0.000646,0.000892,0.000624,0.000803,0.000731,0.001019,0.000849,0.103338,80
scalar_uncertainty_planner,deformable_bin_pick,payload_shift,in_distribution,0.512500,0.320324,0.259060,0.238433,0.092355,0.145363,0.094739,0.096937,0.193590,0.210476,0.206748,-0.137928,0.110224,0.002218,0.001218,0.001047,0.000615,0.000957,0.000632,0.000757,0.000892,0.001150,0.001087,0.110591,80
scalar_uncertainty_planner,deformable_bin_pick,payload_shift,long_horizon,0.437500,0.307976,0.280763,0.267992,0.102641,0.147063,0.102884,0.109535,0.210750,0.230913,0.225346,-0.289361,0.109394,0.002291,0.001117,0.001180,0.000651,0.000956,0.000696,0.000892,0.000866,0.001014,0.001137,0.108768,80
scalar_uncertainty_planner,deformable_bin_pick,payload_shift,sparse_observation,0.375000,0.284503,0.288425,0.267727,0.105246,0.153062,0.112006,0.123512,0.215897,0.243083,0.232444,-0.382234,0.106757,0.002166,0.001105,0.001040,0.000655,0.000897,0.000614,0.000947,0.000880,0.001151,0.001161,0.106818,80
scalar_uncertainty_planner,drawer_contact_repair,actuator_lag,combined_stress,0.512500,0.299631,0.290143,0.274301,0.107822,0.149343,0.112901,0.125312,0.218925,0.246590,0.235265,-0.250669,0.110224,0.002121,0.001055,0.000930,0.000665,0.000818,0.000623,0.000906,0.000831,0.001075,0.001066,0.110091,80
scalar_uncertainty_planner,drawer_contact_repair,actuator_lag,hidden_mechanism,0.587500,0.329033,0.262549,0.243934,0.095159,0.145052,0.098976,0.103429,0.197034,0.217377,0.210262,-0.076110,0.108557,0.001990,0.001066,0.001182,0.000641,0.000865,0.000672,0.000902,0.000844,0.001044,0.001072,0.108714,80
scalar_uncertainty_planner,drawer_contact_repair,actuator_lag,in_distribution,0.512500,0.341936,0.246626,0.227990,0.089807,0.141649,0.092534,0.092478,0.186366,0.203049,0.199490,-0.100499,0.110224,0.001981,0.001267,0.001064,0.000612,0.000823,0.000694,0.000896,0.000863,0.001123,0.001127,0.110483,80
scalar_uncertainty_planner,drawer_contact_repair,actuator_lag,long_horizon,0.362500,0.330035,0.268738,0.258273,0.098752,0.144068,0.099999,0.105892,0.204406,0.224269,0.218714,-0.326888,0.106008,0.002248,0.001155,0.001078,0.000640,0.000837,0.000633,0.000869,0.000734,0.000988,0.001029,0.106237,80
scalar_uncertainty_planner,drawer_contact_repair,actuator_lag,sparse_observation,0.400000,0.305485,0.278606,0.258341,0.101778,0.149395,0.109720,0.119027,0.209626,0.236581,0.225543,-0.322859,0.108031,0.001782,0.001064,0.001158,0.000629,0.000959,0.000588,0.000916,0.000941,0.001036,0.001094,0.107737,80
scalar_uncertainty_planner,drawer_contact_repair,combined_hidden_mechanisms,combined_stress,0.250000,0.221476,0.323933,0.302939,0.113545,0.158984,0.122421,0.138642,0.233235,0.264074,0.250824,-0.619033,0.095487,0.002455,0.001305,0.001059,0.000679,0.000921,0.000596,0.000908,0.000733,0.000932,0.000929,0.095725,80
scalar_uncertainty_planner,drawer_contact_repair,combined_hidden_mechanisms,hidden_mechanism,0.300000,0.236075,0.309952,0.279391,0.109219,0.156460,0.114565,0.128137,0.224732,0.252150,0.241710,-0.515755,0.101054,0.002122,0.001126,0.001030,0.000709,0.000812,0.000616,0.000717,0.001034,0.001175,0.001177,0.100717,80
scalar_uncertainty_planner,drawer_contact_repair,combined_hidden_mechanisms,in_distribution,0.412500,0.248502,0.294873,0.263138,0.103876,0.152789,0.108342,0.117886,0.214625,0.238148,0.229979,-0.353889,0.108557,0.002075,0.001160,0.001004,0.000687,0.000827,0.000642,0.000814,0.000891,0.001193,0.000946,0.108404,80
scalar_uncertainty_planner,drawer_contact_repair,combined_hidden_mechanisms,long_horizon,0.437500,0.237630,0.314467,0.293320,0.111825,0.154811,0.116256,0.129699,0.229470,0.257020,0.246031,-0.399244,0.109394,0.002005,0.000980,0.001127,0.000726,0.000884,0.000683,0.000907,0.000906,0.001138,0.001084,0.108982,80
scalar_uncertainty_planner,drawer_contact_repair,combined_hidden_mechanisms,sparse_observation,0.250000,0.223693,0.316775,0.289403,0.111113,0.158656,0.119221,0.136989,0.229940,0.259609,0.246699,-0.594316,0.095487,0.002338,0.001069,0.001048,0.000649,0.001013,0.000669,0.000863,0.000834,0.001055,0.000994,0.095407,80
scalar_uncertainty_planner,drawer_contact_repair,compliance_shift,combined_stress,0.462500,0.318670,0.282446,0.269554,0.104649,0.148827,0.110852,0.120975,0.214195,0.240707,0.230316,-0.274924,0.109948,0.002053,0.001048,0.001114,0.000714,0.000848,0.000659,0.000892,0.000888,0.001012,0.001132,0.110472,80
scalar_uncertainty_planner,drawer_contact_repair,compliance_shift,hidden_mechanism,0.462500,0.347428,0.251507,0.236945,0.091178,0.142130,0.095391,0.098169,0.190118,0.209344,0.203531,-0.166774,0.109948,0.002468,0.001107,0.001151,0.000679,0.000820,0.000693,0.000866,0.000771,0.001047,0.001024,0.110159,80
scalar_uncertainty_planner,drawer_contact_repair,compliance_shift,in_distribution,0.650000,0.360603,0.237559,0.221562,0.084904,0.139584,0.089127,0.087730,0.180308,0.195926,0.192995,0.069136,0.105180,0.001828,0.001045,0.001202,0.000617,0.000921,0.000772,0.000840,0.000859,0.001157,0.001105,0.105080,80
scalar_uncertainty_planner,drawer_contact_repair,compliance_shift,long_horizon,0.487500,0.349387,0.259421,0.251937,0.094486,0.141986,0.097773,0.100957,0.197229,0.216552,0.211088,-0.169908,0.110224,0.002207,0.001018,0.001052,0.000708,0.000761,0.000597,0.000976,0.000832,0.000984,0.001001,0.110338,80
scalar_uncertainty_planner,drawer_contact_repair,compliance_shift,sparse_observation,0.575000,0.326119,0.267254,0.251348,0.097678,0.146867,0.106515,0.114905,0.201724,0.227285,0.216696,-0.112269,0.109011,0.002323,0.001164,0.000973,0.000642,0.000881,0.000592,0.000989,0.000841,0.001095,0.000927,0.108801,80
scalar_uncertainty_planner,drawer_contact_repair,contact_mode_flip,combined_stress,0.400000,0.282689,0.302078,0.285716,0.108124,0.152728,0.115971,0.130395,0.223057,0.252267,0.239538,-0.395465,0.108031,0.002078,0.001163,0.001048,0.000643,0.000934,0.000694,0.000809,0.000844,0.001119,0.000894,0.108230,80
scalar_uncertainty_planner,drawer_contact_repair,contact_mode_flip,hidden_mechanism,0.387500,0.310926,0.273174,0.252211,0.096317,0.146525,0.101179,0.106346,0.200564,0.221346,0.214910,-0.304187,0.107431,0.002070,0.001216,0.001184,0.000600,0.000898,0.000651,0.000832,0.000804,0.000966,0.000964,0.107415,80
scalar_uncertainty_planner,drawer_contact_repair,contact_mode_flip,in_distribution,0.450000,0.325946,0.257975,0.237534,0.090104,0.144165,0.094810,0.096947,0.189425,0.207079,0.203096,-0.191469,0.109706,0.002153,0.001103,0.001014,0.000674,0.000982,0.000557,0.000908,0.000865,0.000940,0.001095,0.109843,80
scalar_uncertainty_planner,drawer_contact_repair,contact_mode_flip,long_horizon,0.412500,0.312905,0.278965,0.266731,0.099685,0.146732,0.103006,0.109356,0.206671,0.227271,0.221653,-0.304263,0.108557,0.001973,0.001170,0.001261,0.000590,0.000830,0.000575,0.000840,0.000864,0.001119,0.001052,0.108744,80
scalar_uncertainty_planner,drawer_contact_repair,contact_mode_flip,sparse_observation,0.387500,0.288651,0.287735,0.266380,0.102463,0.151760,0.112136,0.123777,0.212345,0.240094,0.228580,-0.361175,0.107431,0.002530,0.001108,0.001041,0.000598,0.000914,0.000692,0.000790,0.000929,0.001153,0.001010,0.107517,80
scalar_uncertainty_planner,drawer_contact_repair,friction_shift,combined_stress,0.512500,0.337125,0.273745,0.263320,0.101796,0.146715,0.108339,0.117114,0.208345,0.235100,0.224062,-0.196279,0.110224,0.002170,0.001071,0.001062,0.000644,0.000888,0.000610,0.000840,0.000793,0.001086,0.001058,0.110471,80
scalar_uncertainty_planner,drawer_contact_repair,friction_shift,hidden_mechanism,0.537500,0.362592,0.242930,0.230299,0.088337,0.140482,0.093973,0.094375,0.184558,0.202366,0.197983,-0.064983,0.109948,0.002292,0.000964,0.000972,0.000620,0.000907,0.000650,0.000811,0.000980,0.001202,0.001185,0.110009,80
scalar_uncertainty_planner,drawer_contact_repair,friction_shift,in_distribution,0.600000,0.377689,0.227591,0.214514,0.082488,0.137987,0.087367,0.084648,0.174663,0.189284,0.186141,0.047809,0.108031,0.002228,0.001165,0.001068,0.000657,0.000897,0.000618,0.000876,0.000823,0.000990,0.000955,0.108020,80
scalar_uncertainty_planner,drawer_contact_repair,friction_shift,long_horizon,0.500000,0.368187,0.250459,0.244395,0.091995,0.139905,0.094976,0.097854,0.191477,0.209856,0.204374,-0.127837,0.110259,0.002488,0.001133,0.000934,0.000597,0.000783,0.000621,0.000816,0.000790,0.001046,0.000958,0.110426,80
scalar_uncertainty_planner,drawer_contact_repair,friction_shift,sparse_observation,0.462500,0.340997,0.257552,0.245533,0.094921,0.145832,0.104197,0.112066,0.197934,0.223290,0.213200,-0.198798,0.109948,0.002113,0.001179,0.001026,0.000602,0.000850,0.000646,0.000906,0.000989,0.001180,0.001268,0.110077,80
scalar_uncertainty_planner,drawer_contact_repair,nominal,combined_stress,0.550000,0.394231,0.250407,0.245465,0.094049,0.141282,0.101409,0.107757,0.195204,0.219192,0.209755,-0.080178,0.109706,0.002319,0.001062,0.001051,0.000612,0.000824,0.000669,0.000997,0.000806,0.000892,0.001091,0.109598,80
scalar_uncertainty_planner,drawer_contact_repair,nominal,hidden_mechanism,0.675000,0.418886,0.219855,0.211411,0.080663,0.135413,0.087321,0.085125,0.170281,0.186441,0.182517,0.151775,0.103285,0.002259,0.001181,0.001033,0.000628,0.000883,0.000637,0.000846,0.000983,0.001243,0.001144,0.103199,80
scalar_uncertainty_planner,drawer_contact_repair,nominal,in_distribution,0.712500,0.433685,0.205072,0.197880,0.074653,0.132491,0.081182,0.074975,0.160534,0.173560,0.171737,0.237233,0.099805,0.002034,0.000993,0.000972,0.000552,0.000807,0.000586,0.000860,0.000819,0.001009,0.001082,0.099745,80
scalar_uncertainty_planner,drawer_contact_repair,nominal,long_horizon,0.587500,0.421509,0.227207,0.226580,0.084581,0.135368,0.088619,0.087774,0.178025,0.193882,0.190466,0.036285,0.108557,0.002186,0.001054,0.001280,0.000614,0.000884,0.000692,0.000986,0.000818,0.000960,0.001018,0.108471,80
scalar_uncertainty_planner,drawer_contact_repair,nominal,sparse_observation,0.587500,0.395629,0.233695,0.227109,0.087673,0.140153,0.097696,0.101666,0.182782,0.205872,0.197583,0.005697,0.108557,0.002513,0.001052,0.001019,0.000618,0.000986,0.000663,0.000981,0.000783,0.001066,0.000967,0.108375,80
scalar_uncertainty_planner,drawer_contact_repair,occlusion_persistence,combined_stress,0.462500,0.296662,0.291779,0.277197,0.106272,0.151124,0.114692,0.127580,0.218068,0.247393,0.234396,-0.305221,0.109948,0.002345,0.001150,0.001026,0.000718,0.001020,0.000690,0.000839,0.000997,0.001100,0.001073,0.109823,80
scalar_uncertainty_planner,drawer_contact_repair,occlusion_persistence,hidden_mechanism,0.375000,0.308159,0.266557,0.250605,0.094613,0.148960,0.107179,0.116402,0.199363,0.226021,0.214863,-0.313712,0.106757,0.002129,0.001256,0.001085,0.000719,0.000794,0.000647,0.000910,0.000866,0.001216,0.001203,0.106694,80
scalar_uncertainty_planner,drawer_contact_repair,occlusion_persistence,in_distribution,0.500000,0.322535,0.251233,0.235636,0.088581,0.145593,0.101097,0.105062,0.189062,0.211900,0.203324,-0.138560,0.110259,0.002494,0.001127,0.001086,0.000648,0.000886,0.000679,0.000812,0.000888,0.001143,0.001037,0.110404,80
scalar_uncertainty_planner,drawer_contact_repair,occlusion_persistence,long_horizon,0.400000,0.312531,0.274982,0.265040,0.098429,0.148960,0.108718,0.118356,0.206197,0.232218,0.221729,-0.315838,0.108031,0.002641,0.001176,0.001170,0.000683,0.000769,0.000654,0.001008,0.000881,0.001177,0.001121,0.108183,80
scalar_uncertainty_planner,drawer_contact_repair,occlusion_persistence,sparse_observation,0.487500,0.302236,0.277603,0.260435,0.099177,0.151121,0.111500,0.122841,0.207812,0.236144,0.224584,-0.235524,0.110224,0.002171,0.001083,0.001329,0.000716,0.000881,0.000614,0.000889,0.000897,0.001157,0.001079,0.110141,80
scalar_uncertainty_planner,drawer_contact_repair,payload_shift,combined_stress,0.462500,0.284176,0.295142,0.278487,0.108139,0.150952,0.113937,0.126980,0.220846,0.249011,0.237279,-0.316725,0.109948,0.002044,0.001079,0.001082,0.000638,0.000753,0.000622,0.000954,0.000911,0.001080,0.001182,0.109837,80
scalar_uncertainty_planner,drawer_contact_repair,payload_shift,hidden_mechanism,0.550000,0.313567,0.268285,0.247481,0.096708,0.145233,0.100348,0.104543,0.200759,0.220711,0.215051,-0.131940,0.109706,0.002094,0.000876,0.001102,0.000680,0.000833,0.000565,0.000900,0.000849,0.001215,0.001086,0.109895,80
scalar_uncertainty_planner,drawer_contact_repair,payload_shift,in_distribution,0.437500,0.325644,0.253448,0.233322,0.091477,0.142768,0.093223,0.094266,0.190778,0.206630,0.203866,-0.197117,0.109394,0.002183,0.000985,0.001109,0.000686,0.000865,0.000654,0.000923,0.000865,0.001105,0.001086,0.109558,80
scalar_uncertainty_planner,drawer_contact_repair,payload_shift,long_horizon,0.437500,0.312659,0.275858,0.262237,0.100673,0.144980,0.101671,0.106882,0.208426,0.228461,0.223225,-0.273403,0.109394,0.002174,0.001137,0.001008,0.000768,0.000912,0.000694,0.000963,0.000948,0.001177,0.001178,0.109526,80
scalar_uncertainty_planner,drawer_contact_repair,payload_shift,sparse_observation,0.600000,0.287958,0.282280,0.263047,0.103507,0.150521,0.110708,0.121018,0.212714,0.239004,0.228546,-0.140930,0.108031,0.001870,0.001142,0.001276,0.000564,0.000778,0.000647,0.000802,0.000837,0.001039,0.001002,0.107743,80
scalar_uncertainty_planner,occluded_push_recovery,actuator_lag,combined_stress,0.412500,0.291964,0.298608,0.282293,0.108540,0.150244,0.114750,0.127589,0.221771,0.250116,0.238831,-0.371597,0.108557,0.002226,0.001115,0.001010,0.000554,0.000944,0.000692,0.000847,0.000964,0.001240,0.001030,0.108454,80
scalar_uncertainty_planner,occluded_push_recovery,actuator_lag,hidden_mechanism,0.512500,0.322366,0.271039,0.250130,0.096778,0.144809,0.100603,0.105671,0.201299,0.221436,0.215953,-0.171704,0.110224,0.001912,0.001039,0.001095,0.000689,0.000804,0.000642,0.000944,0.000821,0.001173,0.001041,0.110142,80
scalar_uncertainty_planner,occluded_push_recovery,actuator_lag,in_distribution,0.525000,0.332395,0.256067,0.235128,0.090547,0.142229,0.094177,0.095181,0.190738,0.207100,0.203358,-0.110674,0.110121,0.001861,0.001206,0.001164,0.000655,0.000860,0.000679,0.000810,0.000939,0.001237,0.001225,0.110175,80
scalar_uncertainty_planner,occluded_push_recovery,actuator_lag,long_horizon,0.450000,0.322460,0.278254,0.264855,0.099794,0.145326,0.101741,0.108505,0.207769,0.228598,0.221959,-0.260940,0.109706,0.002123,0.001171,0.001103,0.000717,0.000929,0.000560,0.000768,0.000827,0.001167,0.001048,0.109839,80
scalar_uncertainty_planner,occluded_push_recovery,actuator_lag,sparse_observation,0.412500,0.295070,0.285288,0.264852,0.102564,0.150371,0.110916,0.122113,0.213453,0.240691,0.229530,-0.329956,0.108557,0.002026,0.001081,0.001163,0.000648,0.000776,0.000680,0.000895,0.000835,0.001099,0.001205,0.108600,80
scalar_uncertainty_planner,occluded_push_recovery,combined_hidden_mechanisms,combined_stress,0.350000,0.220198,0.324861,0.304396,0.113714,0.159062,0.122598,0.138945,0.236590,0.267256,0.254533,-0.523961,0.105180,0.001966,0.001157,0.001199,0.000611,0.000794,0.000751,0.000977,0.000887,0.001176,0.001128,0.105132,80
scalar_uncertainty_planner,occluded_push_recovery,combined_hidden_mechanisms,hidden_mechanism,0.362500,0.230504,0.314502,0.283784,0.109958,0.156680,0.116876,0.129634,0.227599,0.255449,0.244132,-0.466986,0.106008,0.001935,0.001043,0.001109,0.000616,0.000955,0.000660,0.000793,0.000743,0.001038,0.001153,0.106085,80
scalar_uncertainty_planner,occluded_push_recovery,combined_hidden_mechanisms,in_distribution,0.362500,0.243109,0.303318,0.270983,0.105294,0.154677,0.110071,0.119432,0.217333,0.241334,0.233917,-0.424642,0.106008,0.002167,0.001059,0.001214,0.000551,0.000861,0.000714,0.000911,0.000774,0.000958,0.001006,0.105891,80
scalar_uncertainty_planner,occluded_push_recovery,combined_hidden_mechanisms,long_horizon,0.350000,0.232938,0.318706,0.297748,0.112553,0.156111,0.116919,0.132184,0.231733,0.259564,0.248455,-0.499150,0.105180,0.002178,0.001085,0.001077,0.000676,0.000892,0.000671,0.000810,0.000820,0.001033,0.001083,0.105337,80
scalar_uncertainty_planner,occluded_push_recovery,combined_hidden_mechanisms,sparse_observation,0.250000,0.220050,0.320706,0.292031,0.112960,0.157733,0.120727,0.137302,0.232703,0.263646,0.250258,-0.605527,0.095487,0.002194,0.001002,0.001095,0.000582,0.000866,0.000681,0.000840,0.000886,0.001045,0.001223,0.095531,80
scalar_uncertainty_planner,occluded_push_recovery,compliance_shift,combined_stress,0.450000,0.312031,0.291152,0.275652,0.105891,0.148909,0.112234,0.123276,0.217838,0.245668,0.234439,-0.307314,0.109706,0.002373,0.001279,0.001190,0.000678,0.000874,0.000619,0.000828,0.000810,0.001064,0.000967,0.109574,80
scalar_uncertainty_planner,occluded_push_recovery,compliance_shift,hidden_mechanism,0.525000,0.339810,0.258862,0.242352,0.092109,0.143036,0.097340,0.100589,0.194067,0.213041,0.208040,-0.123162,0.110121,0.002266,0.000982,0.000941,0.000706,0.000726,0.000635,0.000900,0.000995,0.001108,0.001220,0.110209,80
scalar_uncertainty_planner,occluded_push_recovery,compliance_shift,in_distribution,0.487500,0.351124,0.244888,0.228263,0.086121,0.140219,0.091083,0.090673,0.184024,0.199805,0.196521,-0.114048,0.110224,0.002291,0.001089,0.001037,0.000681,0.000793,0.000691,0.000910,0.000844,0.000973,0.001091,0.110292,80
scalar_uncertainty_planner,occluded_push_recovery,compliance_shift,long_horizon,0.487500,0.342161,0.267583,0.257408,0.096325,0.142391,0.099041,0.103235,0.200222,0.219405,0.214237,-0.189249,0.110224,0.002041,0.001201,0.001214,0.000787,0.000780,0.000675,0.000931,0.000906,0.001053,0.001160,0.110077,80
scalar_uncertainty_planner,occluded_push_recovery,compliance_shift,sparse_observation,0.512500,0.315577,0.275185,0.257653,0.099582,0.147287,0.108327,0.116703,0.205921,0.231381,0.221609,-0.196717,0.110224,0.002280,0.001164,0.001138,0.000526,0.000878,0.000739,0.000853,0.000868,0.001082,0.001120,0.110322,80
scalar_uncertainty_planner,occluded_push_recovery,contact_mode_flip,combined_stress,0.350000,0.274910,0.310288,0.291419,0.110264,0.152629,0.117685,0.132338,0.226846,0.256434,0.243915,-0.466067,0.105180,0.001940,0.001059,0.001097,0.000626,0.000872,0.000679,0.000791,0.001032,0.001207,0.001280,0.105317,80
scalar_uncertainty_planner,occluded_push_recovery,contact_mode_flip,hidden_mechanism,0.425000,0.303027,0.280804,0.259772,0.097129,0.147334,0.103340,0.109397,0.204185,0.225512,0.219517,-0.287479,0.109011,0.002457,0.001074,0.001133,0.000643,0.000870,0.000631,0.000942,0.000931,0.001171,0.001136,0.109115,80
scalar_uncertainty_planner,occluded_push_recovery,contact_mode_flip,in_distribution,0.487500,0.314325,0.266019,0.244758,0.091346,0.144826,0.097097,0.099551,0.193637,0.211719,0.207838,-0.176911,0.110224,0.002037,0.001110,0.001183,0.000598,0.000837,0.000658,0.000926,0.000947,0.001175,0.001098,0.110335,80
scalar_uncertainty_planner,occluded_push_recovery,contact_mode_flip,long_horizon,0.562500,0.301505,0.288533,0.274788,0.101241,0.147585,0.104870,0.112409,0.211211,0.232443,0.225844,-0.179639,0.109394,0.002266,0.001193,0.001166,0.000765,0.000881,0.000608,0.000989,0.000847,0.001094,0.001141,0.109289,80
scalar_uncertainty_planner,occluded_push_recovery,contact_mode_flip,sparse_observation,0.437500,0.279108,0.294918,0.273670,0.104645,0.153363,0.113179,0.125994,0.216311,0.244911,0.232249,-0.333031,0.109394,0.002591,0.001102,0.001080,0.000627,0.001122,0.000739,0.000834,0.000851,0.001071,0.001024,0.109397,80
scalar_uncertainty_planner,occluded_push_recovery,friction_shift,combined_stress,0.400000,0.329361,0.281526,0.269149,0.103384,0.146730,0.109649,0.119851,0.213101,0.239526,0.228610,-0.329094,0.108031,0.002200,0.001254,0.001115,0.000667,0.000900,0.000697,0.000938,0.000885,0.001132,0.000976,0.108445,80
scalar_uncertainty_planner,occluded_push_recovery,friction_shift,hidden_mechanism,0.562500,0.358121,0.251260,0.236113,0.089985,0.141758,0.096089,0.097738,0.188370,0.206782,0.202452,-0.060070,0.109394,0.002324,0.001132,0.001135,0.000653,0.000881,0.000659,0.000765,0.000836,0.001112,0.001062,0.109450,80
scalar_uncertainty_planner,occluded_push_recovery,friction_shift,in_distribution,0.662500,0.370527,0.236522,0.221916,0.084068,0.138484,0.088436,0.087159,0.178222,0.193074,0.190266,0.088719,0.104273,0.002244,0.000965,0.001010,0.000656,0.000931,0.000672,0.000914,0.000939,0.001143,0.001163,0.104476,80
scalar_uncertainty_planner,occluded_push_recovery,friction_shift,long_horizon,0.450000,0.359392,0.257314,0.250837,0.093662,0.141283,0.096736,0.099513,0.194583,0.212809,0.207887,-0.197590,0.109706,0.002097,0.001068,0.001226,0.000653,0.000869,0.000688,0.000810,0.000977,0.001202,0.001202,0.109667,80
scalar_uncertainty_planner,occluded_push_recovery,friction_shift,sparse_observation,0.562500,0.331644,0.266123,0.251371,0.096046,0.146441,0.105091,0.113613,0.199932,0.224910,0.215220,-0.117852,0.109394,0.002040,0.001030,0.001073,0.000693,0.000900,0.000674,0.000861,0.000894,0.001159,0.001016,0.109304,80
scalar_uncertainty_planner,occluded_push_recovery,nominal,combined_stress,0.525000,0.383178,0.257535,0.253057,0.095908,0.142629,0.102943,0.110223,0.198884,0.223414,0.212878,-0.127447,0.110121,0.002456,0.001086,0.001120,0.000622,0.000862,0.000670,0.000836,0.000879,0.001122,0.001122,0.110516,80
scalar_uncertainty_planner,occluded_push_recovery,nominal,hidden_mechanism,0.587500,0.411313,0.227799,0.218948,0.082284,0.135988,0.089441,0.089167,0.174134,0.191042,0.186602,0.042220,0.108557,0.002449,0.001264,0.000999,0.000704,0.000858,0.000619,0.000792,0.000863,0.000959,0.001074,0.108438,80
scalar_uncertainty_planner,occluded_push_recovery,nominal,in_distribution,0.725000,0.425874,0.212595,0.204485,0.076315,0.132401,0.081863,0.077123,0.163501,0.176109,0.175216,0.230589,0.098464,0.002090,0.001021,0.001063,0.000710,0.000823,0.000648,0.000857,0.000966,0.001171,0.001215,0.098632,80
scalar_uncertainty_planner,occluded_push_recovery,nominal,long_horizon,0.575000,0.415071,0.234594,0.234090,0.085779,0.135459,0.090325,0.090099,0.180615,0.197490,0.193753,0.004612,0.109011,0.002367,0.001089,0.001029,0.000640,0.000832,0.000638,0.000820,0.000992,0.001149,0.001211,0.108778,80
scalar_uncertainty_planner,occluded_push_recovery,nominal,sparse_observation,0.475000,0.390571,0.242191,0.232674,0.089169,0.141602,0.099226,0.104345,0.186469,0.210019,0.200808,-0.126406,0.110121,0.002007,0.001165,0.001061,0.000651,0.000915,0.000609,0.000915,0.000871,0.001024,0.001149,0.110291,80
scalar_uncertainty_planner,occluded_push_recovery,occlusion_persistence,combined_stress,0.362500,0.288554,0.299742,0.284008,0.107958,0.151809,0.116256,0.129694,0.221471,0.250999,0.238104,-0.426037,0.106008,0.001994,0.000930,0.001010,0.000614,0.000927,0.000672,0.001026,0.000881,0.001012,0.001015,0.106042,80
scalar_uncertainty_planner,occluded_push_recovery,occlusion_persistence,hidden_mechanism,0.475000,0.301171,0.274985,0.257880,0.096200,0.149644,0.108846,0.118254,0.203119,0.229556,0.218930,-0.235062,0.110121,0.002306,0.001145,0.001138,0.000580,0.000848,0.000615,0.000930,0.000808,0.001031,0.001009,0.110329,80
scalar_uncertainty_planner,occluded_push_recovery,occlusion_persistence,in_distribution,0.475000,0.312547,0.260286,0.242520,0.090717,0.147361,0.101779,0.108283,0.192065,0.214815,0.206649,-0.186363,0.110121,0.002162,0.001178,0.001104,0.000659,0.000820,0.000720,0.000880,0.000850,0.001091,0.001033,0.109979,80
scalar_uncertainty_planner,occluded_push_recovery,occlusion_persistence,long_horizon,0.475000,0.303587,0.283022,0.271872,0.099972,0.148739,0.110227,0.120588,0.209634,0.235314,0.225257,-0.261620,0.110121,0.002158,0.001096,0.001055,0.000694,0.000868,0.000650,0.000867,0.000847,0.001137,0.001100,0.109974,80
scalar_uncertainty_planner,occluded_push_recovery,occlusion_persistence,sparse_observation,0.525000,0.291836,0.284946,0.267828,0.101242,0.151336,0.113354,0.125672,0.210403,0.239766,0.226633,-0.219540,0.110121,0.002242,0.000974,0.001170,0.000708,0.000905,0.000651,0.000789,0.000721,0.001043,0.000991,0.110308,80
scalar_uncertainty_planner,occluded_push_recovery,payload_shift,combined_stress,0.312500,0.277197,0.302475,0.286340,0.108795,0.152049,0.115681,0.128752,0.225325,0.253517,0.242704,-0.487151,0.102212,0.002086,0.001248,0.001111,0.000632,0.000791,0.000579,0.000942,0.000822,0.001032,0.000883,0.102191,80
scalar_uncertainty_planner,occluded_push_recovery,payload_shift,hidden_mechanism,0.450000,0.303411,0.276156,0.255773,0.098999,0.146101,0.101942,0.107254,0.204592,0.225363,0.218989,-0.255624,0.109706,0.001771,0.001073,0.001048,0.000682,0.000933,0.000671,0.000808,0.000900,0.001073,0.001161,0.109854,80
scalar_uncertainty_planner,occluded_push_recovery,payload_shift,in_distribution,0.537500,0.318943,0.261584,0.239906,0.093082,0.143386,0.095201,0.096512,0.193878,0.210501,0.207296,-0.117388,0.109948,0.002323,0.001189,0.001058,0.000545,0.000898,0.000605,0.000912,0.001008,0.001255,0.001245,0.109749,80
scalar_uncertainty_planner,occluded_push_recovery,payload_shift,long_horizon,0.462500,0.305870,0.282856,0.270295,0.102468,0.146043,0.103473,0.109531,0.210434,0.230481,0.224891,-0.268426,0.109948,0.002027,0.001121,0.001117,0.000729,0.000969,0.000746,0.000863,0.000811,0.001051,0.001009,0.110324,80
scalar_uncertainty_planner,occluded_push_recovery,payload_shift,sparse_observation,0.400000,0.282237,0.290757,0.269084,0.105516,0.151126,0.112661,0.123878,0.216881,0.244301,0.234255,-0.361968,0.108031,0.002151,0.001030,0.001118,0.000583,0.000893,0.000562,0.000953,0.000873,0.001161,0.001145,0.108220,80
scalar_uncertainty_planner,payload_handover,actuator_lag,combined_stress,0.425000,0.297126,0.295079,0.278210,0.107306,0.151243,0.113895,0.126609,0.220355,0.248648,0.236891,-0.348350,0.109011,0.002113,0.000962,0.001040,0.000681,0.000922,0.000717,0.000838,0.000935,0.001151,0.001054,0.109196,80
scalar_uncertainty_planner,payload_handover,actuator_lag,hidden_mechanism,0.512500,0.324079,0.265605,0.246385,0.096196,0.144562,0.098754,0.104778,0.199943,0.219378,0.213656,-0.160470,0.110224,0.002295,0.001070,0.001097,0.000687,0.000841,0.000654,0.000925,0.000857,0.001027,0.001125,0.110156,80
scalar_uncertainty_planner,payload_handover,actuator_lag,in_distribution,0.550000,0.336214,0.251101,0.230751,0.089867,0.142068,0.092895,0.094162,0.188438,0.204975,0.201428,-0.073263,0.109706,0.002454,0.001018,0.001090,0.000643,0.000827,0.000754,0.000827,0.000880,0.001181,0.001094,0.109661,80
scalar_uncertainty_planner,payload_handover,actuator_lag,long_horizon,0.437500,0.326128,0.273333,0.261298,0.099615,0.144470,0.101121,0.106905,0.205723,0.225948,0.220382,-0.262482,0.109394,0.002108,0.001123,0.000971,0.000649,0.000973,0.000586,0.000851,0.000928,0.001095,0.001178,0.109331,80
scalar_uncertainty_planner,payload_handover,actuator_lag,sparse_observation,0.375000,0.302313,0.281732,0.260878,0.103069,0.150384,0.110241,0.121192,0.212070,0.238242,0.228119,-0.357723,0.106757,0.002306,0.001041,0.001126,0.000642,0.000885,0.000639,0.001004,0.000880,0.001209,0.001031,0.107018,80
scalar_uncertainty_planner,payload_handover,combined_hidden_mechanisms,combined_stress,0.300000,0.221202,0.325002,0.303279,0.113943,0.159206,0.122614,0.139038,0.235398,0.265740,0.252960,-0.572426,0.101054,0.002296,0.001227,0.001185,0.000610,0.000831,0.000591,0.000940,0.000866,0.001067,0.001162,0.101014,80
scalar_uncertainty_planner,payload_handover,combined_hidden_mechanisms,hidden_mechanism,0.437500,0.230765,0.313832,0.282714,0.109741,0.157509,0.115835,0.129489,0.227872,0.254956,0.244726,-0.390049,0.109394,0.002115,0.001036,0.001192,0.000685,0.000872,0.000582,0.000896,0.000883,0.001051,0.001119,0.109818,80
scalar_uncertainty_planner,payload_handover,combined_hidden_mechanisms,in_distribution,0.362500,0.245766,0.298787,0.267242,0.103847,0.153895,0.109242,0.119012,0.216302,0.240309,0.232352,-0.413706,0.106008,0.002605,0.001109,0.000977,0.000658,0.000821,0.000601,0.000797,0.000839,0.001038,0.001183,0.105831,80
scalar_uncertainty_planner,payload_handover,combined_hidden_mechanisms,long_horizon,0.300000,0.233645,0.318140,0.296814,0.112019,0.155698,0.117061,0.131824,0.231896,0.258961,0.248979,-0.547086,0.101054,0.002093,0.001086,0.001121,0.000684,0.000978,0.000692,0.000834,0.000870,0.001109,0.001129,0.101168,80
scalar_uncertainty_planner,payload_handover,combined_hidden_mechanisms,sparse_observation,0.300000,0.221705,0.319838,0.291462,0.112643,0.158815,0.120483,0.136936,0.232051,0.262427,0.249340,-0.553091,0.101054,0.001939,0.001162,0.001187,0.000675,0.000806,0.000672,0.000830,0.000872,0.000992,0.001079,0.100717,80
scalar_uncertainty_planner,payload_handover,compliance_shift,combined_stress,0.400000,0.316588,0.286180,0.272808,0.105538,0.148756,0.110553,0.122855,0.215503,0.242391,0.231527,-0.346069,0.108031,0.002537,0.001146,0.001183,0.000638,0.000865,0.000641,0.000774,0.000921,0.001079,0.001062,0.107938,80
scalar_uncertainty_planner,payload_handover,compliance_shift,hidden_mechanism,0.500000,0.343676,0.256653,0.239937,0.092013,0.142796,0.096816,0.099808,0.191409,0.210515,0.204952,-0.140618,0.110259,0.001810,0.001095,0.001124,0.000606,0.000819,0.000690,0.000836,0.000940,0.001277,0.001060,0.110235,80
scalar_uncertainty_planner,payload_handover,compliance_shift,in_distribution,0.587500,0.359398,0.240377,0.224646,0.086071,0.140610,0.089864,0.088556,0.181802,0.196881,0.193831,-0.001824,0.108557,0.002164,0.001227,0.001083,0.000782,0.000966,0.000612,0.000825,0.000851,0.001106,0.001112,0.108703,80
scalar_uncertainty_planner,payload_handover,compliance_shift,long_horizon,0.500000,0.345823,0.262483,0.254372,0.095670,0.142961,0.098548,0.101695,0.197691,0.217144,0.211338,-0.165733,0.110259,0.002143,0.000967,0.001126,0.000617,0.000964,0.000715,0.000891,0.000883,0.001181,0.001186,0.109938,80
scalar_uncertainty_planner,payload_handover,compliance_shift,sparse_observation,0.587500,0.321190,0.270527,0.254270,0.098980,0.147765,0.107009,0.115648,0.204315,0.230353,0.219698,-0.110445,0.108557,0.001985,0.001336,0.001071,0.000581,0.000752,0.000646,0.000875,0.000810,0.001134,0.001208,0.108277,80
scalar_uncertainty_planner,payload_handover,contact_mode_flip,combined_stress,0.387500,0.280070,0.306487,0.288072,0.110007,0.153436,0.117167,0.130886,0.225327,0.254596,0.242262,-0.419135,0.107431,0.002092,0.000994,0.001073,0.000706,0.000872,0.000786,0.000862,0.000891,0.001082,0.001150,0.107318,80
scalar_uncertainty_planner,payload_handover,contact_mode_flip,hidden_mechanism,0.437500,0.305626,0.276685,0.255203,0.096526,0.147536,0.102946,0.108472,0.202202,0.223974,0.216697,-0.264503,0.109394,0.002064,0.001171,0.001113,0.000734,0.000887,0.000734,0.000844,0.000787,0.000909,0.000958,0.109048,80
scalar_uncertainty_planner,payload_handover,contact_mode_flip,in_distribution,0.550000,0.322397,0.261284,0.241597,0.091367,0.144718,0.096424,0.098484,0.191893,0.209826,0.205527,-0.103140,0.109706,0.002319,0.001180,0.001207,0.000650,0.000802,0.000683,0.000856,0.000890,0.001054,0.001039,0.109552,80
scalar_uncertainty_planner,payload_handover,contact_mode_flip,long_horizon,0.500000,0.308282,0.283803,0.269987,0.099953,0.148159,0.104065,0.110971,0.209378,0.230462,0.223996,-0.228663,0.110259,0.002124,0.001062,0.001244,0.000593,0.000971,0.000653,0.000790,0.000899,0.001131,0.001102,0.110529,80
scalar_uncertainty_planner,payload_handover,contact_mode_flip,sparse_observation,0.412500,0.284752,0.290524,0.269829,0.103287,0.152234,0.113685,0.125967,0.214828,0.242607,0.231405,-0.346628,0.108557,0.002077,0.001098,0.001054,0.000678,0.000804,0.000520,0.000863,0.000766,0.001012,0.001042,0.108706,80
scalar_uncertainty_planner,payload_handover,friction_shift,combined_stress,0.500000,0.332690,0.276549,0.264652,0.102241,0.147303,0.108987,0.118894,0.210315,0.236333,0.226030,-0.216517,0.110259,0.002186,0.001181,0.001256,0.000572,0.000753,0.000692,0.000920,0.000899,0.001115,0.001196,0.110207,80
scalar_uncertainty_planner,payload_handover,friction_shift,hidden_mechanism,0.425000,0.359890,0.246826,0.232981,0.088887,0.141190,0.094747,0.096995,0.186805,0.205783,0.200892,-0.187249,0.109011,0.002046,0.001237,0.001157,0.000638,0.000862,0.000665,0.000928,0.000948,0.001106,0.001149,0.108867,80
scalar_uncertainty_planner,payload_handover,friction_shift,in_distribution,0.637500,0.375346,0.230804,0.218612,0.083554,0.138890,0.087789,0.085574,0.176085,0.190900,0.188949,0.075647,0.106008,0.002163,0.000947,0.001058,0.000661,0.000737,0.000716,0.000797,0.000884,0.001256,0.001137,0.105845,80
scalar_uncertainty_planner,payload_handover,friction_shift,long_horizon,0.500000,0.362774,0.253499,0.248249,0.092196,0.140635,0.096682,0.098555,0.193398,0.212180,0.207000,-0.138202,0.110259,0.002271,0.001211,0.001058,0.000612,0.000756,0.000714,0.000913,0.000939,0.001208,0.001023,0.110504,80
scalar_uncertainty_planner,payload_handover,friction_shift,sparse_observation,0.462500,0.339335,0.260816,0.247204,0.095185,0.145419,0.105495,0.112890,0.200089,0.225500,0.215281,-0.206067,0.109948,0.002120,0.001144,0.001145,0.000692,0.000918,0.000568,0.000897,0.000945,0.001081,0.001096,0.109706,80
scalar_uncertainty_planner,payload_handover,nominal,combined_stress,0.612500,0.387089,0.253265,0.248732,0.094994,0.141979,0.102676,0.109465,0.196855,0.220751,0.212288,-0.028567,0.107431,0.002258,0.000985,0.001093,0.000634,0.000912,0.000739,0.000833,0.000865,0.001041,0.001154,0.107469,80
scalar_uncertainty_planner,payload_handover,nominal,hidden_mechanism,0.587500,0.415952,0.222764,0.215150,0.081457,0.136083,0.088402,0.086668,0.173052,0.189732,0.185420,0.053985,0.108557,0.002100,0.001100,0.000967,0.000604,0.000871,0.000761,0.000754,0.000781,0.001008,0.000935,0.108589,80
scalar_uncertainty_planner,payload_handover,nominal,in_distribution,0.650000,0.432202,0.207508,0.200728,0.075847,0.133534,0.081219,0.076118,0.161954,0.174691,0.173446,0.167041,0.105180,0.002350,0.001252,0.001248,0.000672,0.000995,0.000671,0.000761,0.000853,0.001079,0.001060,0.105549,80
scalar_uncertainty_planner,payload_handover,nominal,long_horizon,0.662500,0.419309,0.230693,0.230833,0.085248,0.135817,0.090136,0.088390,0.179315,0.196133,0.192177,0.101409,0.104273,0.002207,0.001041,0.000991,0.000607,0.000924,0.000733,0.000935,0.000823,0.001162,0.001021,0.104292,80
scalar_uncertainty_planner,payload_handover,nominal,sparse_observation,0.625000,0.391316,0.239021,0.229175,0.087891,0.140860,0.099103,0.103282,0.184311,0.207558,0.198835,0.032717,0.106757,0.002066,0.001085,0.001042,0.000709,0.000814,0.000596,0.000716,0.000811,0.001098,0.001001,0.106856,80
scalar_uncertainty_planner,payload_handover,occlusion_persistence,combined_stress,0.537500,0.295785,0.295131,0.280715,0.107395,0.150895,0.116365,0.129121,0.220066,0.250165,0.236327,-0.239948,0.109948,0.002177,0.001137,0.000962,0.000681,0.000881,0.000695,0.000891,0.000867,0.001108,0.001122,0.109712,80
scalar_uncertainty_planner,payload_handover,occlusion_persistence,hidden_mechanism,0.525000,0.303675,0.270013,0.254061,0.094798,0.149174,0.108390,0.117516,0.202265,0.229002,0.218137,-0.174104,0.110121,0.002157,0.001266,0.001112,0.000638,0.000984,0.000560,0.000850,0.000858,0.001148,0.001126,0.109831,80
scalar_uncertainty_planner,payload_handover,occlusion_persistence,in_distribution,0.512500,0.316867,0.257543,0.238481,0.089589,0.147161,0.101203,0.106433,0.190271,0.212561,0.204442,-0.138646,0.110224,0.002413,0.001103,0.000938,0.000632,0.000799,0.000649,0.000847,0.000961,0.001038,0.001123,0.110513,80
scalar_uncertainty_planner,payload_handover,occlusion_persistence,long_horizon,0.487500,0.309297,0.278344,0.266877,0.099366,0.149671,0.110114,0.119670,0.207533,0.234068,0.223144,-0.237032,0.110224,0.001732,0.001100,0.001248,0.000638,0.000857,0.000611,0.000887,0.000939,0.001168,0.001160,0.110393,80
scalar_uncertainty_planner,payload_handover,occlusion_persistence,sparse_observation,0.462500,0.295843,0.281252,0.263788,0.100856,0.151448,0.112152,0.124048,0.209791,0.238782,0.226112,-0.272391,0.109948,0.002133,0.001108,0.000923,0.000712,0.000871,0.000718,0.000993,0.000916,0.001021,0.001076,0.110213,80
scalar_uncertainty_planner,payload_handover,payload_shift,combined_stress,0.375000,0.279027,0.298465,0.281729,0.109087,0.151640,0.114912,0.127690,0.223546,0.251436,0.239791,-0.415161,0.106757,0.002198,0.001238,0.001075,0.000682,0.000935,0.000641,0.000931,0.000873,0.001058,0.001089,0.106745,80
scalar_uncertainty_planner,payload_handover,payload_shift,hidden_mechanism,0.462500,0.306860,0.271238,0.251140,0.097770,0.146644,0.100967,0.106428,0.203581,0.223478,0.218379,-0.231348,0.109948,0.001968,0.001078,0.001161,0.000687,0.000881,0.000747,0.000849,0.000951,0.001063,0.001151,0.110100,80
scalar_uncertainty_planner,payload_handover,payload_shift,in_distribution,0.675000,0.322397,0.256497,0.235196,0.092394,0.144316,0.094325,0.094968,0.192579,0.209082,0.206331,0.031696,0.103285,0.002279,0.001100,0.001153,0.000740,0.000858,0.000643,0.000974,0.000908,0.001022,0.001169,0.103350,80
scalar_uncertainty_planner,payload_handover,payload_shift,long_horizon,0.450000,0.310854,0.279164,0.265509,0.101655,0.146380,0.102419,0.108873,0.209080,0.228920,0.223697,-0.269780,0.109706,0.002183,0.001222,0.000869,0.000723,0.000791,0.000725,0.000930,0.000820,0.001111,0.000988,0.109507,80
scalar_uncertainty_planner,payload_handover,payload_shift,sparse_observation,0.475000,0.285960,0.286838,0.265909,0.104600,0.150377,0.111472,0.122745,0.214892,0.241934,0.231368,-0.276292,0.110121,0.002259,0.001165,0.001130,0.000624,0.000761,0.000664,0.000794,0.000853,0.001083,0.001074,0.110010,80
scalar_uncertainty_planner,peg_insert_with_lag,actuator_lag,combined_stress,0.475000,0.292795,0.298578,0.282087,0.109633,0.153007,0.115636,0.127850,0.222917,0.251972,0.239741,-0.311866,0.110121,0.002016,0.000965,0.001068,0.000685,0.000897,0.000710,0.000973,0.000972,0.001208,0.001123,0.110267,80
scalar_uncertainty_planner,peg_insert_with_lag,actuator_lag,hidden_mechanism,0.487500,0.319139,0.270315,0.251078,0.097429,0.147224,0.100398,0.106212,0.201854,0.222095,0.216129,-0.199635,0.110224,0.002101,0.001099,0.001082,0.000756,0.000846,0.000625,0.000654,0.001014,0.001270,0.001310,0.110198,80
scalar_uncertainty_planner,peg_insert_with_lag,actuator_lag,in_distribution,0.462500,0.333699,0.255415,0.234836,0.091409,0.145479,0.093997,0.095924,0.190773,0.207409,0.204189,-0.173857,0.109948,0.002206,0.001046,0.001124,0.000642,0.000866,0.000613,0.000758,0.000736,0.000926,0.001002,0.110227,80
scalar_uncertainty_planner,peg_insert_with_lag,actuator_lag,long_horizon,0.525000,0.321883,0.276849,0.265034,0.101456,0.147389,0.102064,0.108569,0.208472,0.228369,0.223016,-0.187982,0.110121,0.002074,0.001068,0.001135,0.000673,0.000881,0.000667,0.000785,0.000832,0.001028,0.000982,0.110419,80
scalar_uncertainty_planner,peg_insert_with_lag,actuator_lag,sparse_observation,0.325000,0.299994,0.285401,0.264134,0.103686,0.152644,0.111046,0.122055,0.214337,0.241558,0.230283,-0.417811,0.103285,0.002063,0.001279,0.000945,0.000686,0.000896,0.000682,0.000956,0.000929,0.001073,0.000983,0.103160,80
scalar_uncertainty_planner,peg_insert_with_lag,combined_hidden_mechanisms,combined_stress,0.225000,0.218784,0.326591,0.306055,0.114795,0.160654,0.123843,0.141264,0.237495,0.268665,0.256154,-0.655655,0.092084,0.002245,0.001018,0.000994,0.000622,0.000934,0.000701,0.000838,0.000937,0.001211,0.001091,0.091840,80
scalar_uncertainty_planner,peg_insert_with_lag,combined_hidden_mechanisms,hidden_mechanism,0.425000,0.228171,0.316229,0.285939,0.110511,0.159115,0.116525,0.130701,0.229177,0.256757,0.245710,-0.410893,0.109011,0.002204,0.001288,0.001213,0.000610,0.000853,0.000662,0.000801,0.000812,0.000936,0.000883,0.109053,80
scalar_uncertainty_planner,peg_insert_with_lag,combined_hidden_mechanisms,in_distribution,0.400000,0.238928,0.301968,0.271782,0.104803,0.156094,0.110348,0.120722,0.218283,0.242323,0.234116,-0.388871,0.108031,0.002328,0.001062,0.000972,0.000596,0.000831,0.000731,0.000904,0.000821,0.001131,0.001087,0.108473,80
scalar_uncertainty_planner,peg_insert_with_lag,combined_hidden_mechanisms,long_horizon,0.325000,0.229496,0.321755,0.299915,0.112991,0.158740,0.117644,0.133491,0.233377,0.260627,0.251000,-0.532769,0.103285,0.001937,0.001029,0.001127,0.000630,0.000956,0.000626,0.000821,0.000938,0.001102,0.001062,0.103231,80
scalar_uncertainty_planner,peg_insert_with_lag,combined_hidden_mechanisms,sparse_observation,0.250000,0.220028,0.321507,0.294091,0.113348,0.159987,0.122842,0.139358,0.233290,0.264583,0.251577,-0.610892,0.095487,0.002148,0.001058,0.001212,0.000757,0.000895,0.000752,0.000906,0.000874,0.001046,0.001050,0.095631,80
scalar_uncertainty_planner,peg_insert_with_lag,compliance_shift,combined_stress,0.400000,0.311744,0.290034,0.275996,0.106155,0.151020,0.112367,0.124286,0.217984,0.245412,0.233863,-0.357928,0.108031,0.002423,0.001077,0.001060,0.000590,0.000933,0.000657,0.000898,0.000858,0.001098,0.001093,0.107933,80
scalar_uncertainty_planner,peg_insert_with_lag,compliance_shift,hidden_mechanism,0.537500,0.339843,0.259387,0.243581,0.093217,0.145815,0.097741,0.101024,0.195799,0.215029,0.209512,-0.115501,0.109948,0.002132,0.001148,0.001121,0.000598,0.000888,0.000679,0.000807,0.000906,0.001082,0.001071,0.110113,80
scalar_uncertainty_planner,peg_insert_with_lag,compliance_shift,in_distribution,0.500000,0.351436,0.244539,0.228389,0.087611,0.142276,0.090842,0.092023,0.184227,0.199680,0.196913,-0.103670,0.110259,0.002106,0.001046,0.001164,0.000578,0.000931,0.000630,0.000965,0.000847,0.001142,0.001137,0.110268,80
scalar_uncertainty_planner,peg_insert_with_lag,compliance_shift,long_horizon,0.487500,0.342543,0.266801,0.258026,0.096397,0.144740,0.099118,0.103741,0.201287,0.220531,0.215493,-0.190487,0.110224,0.002014,0.001123,0.001062,0.000601,0.000960,0.000539,0.000807,0.000914,0.001051,0.001117,0.110204,80
scalar_uncertainty_planner,peg_insert_with_lag,compliance_shift,sparse_observation,0.425000,0.313256,0.274878,0.258009,0.099502,0.150055,0.108471,0.117836,0.206318,0.232223,0.222375,-0.286307,0.109011,0.002195,0.001122,0.001267,0.000602,0.000881,0.000526,0.000827,0.000907,0.001157,0.001198,0.108888,80
scalar_uncertainty_planner,peg_insert_with_lag,contact_mode_flip,combined_stress,0.350000,0.274031,0.310170,0.292036,0.110587,0.156152,0.117657,0.133424,0.227427,0.257258,0.244370,-0.468709,0.105180,0.001951,0.001101,0.001125,0.000621,0.000940,0.000674,0.000874,0.000829,0.001060,0.001096,0.105500,80
scalar_uncertainty_planner,peg_insert_with_lag,contact_mode_flip,hidden_mechanism,0.500000,0.301174,0.281083,0.260172,0.098050,0.150403,0.104190,0.109960,0.204693,0.226761,0.219909,-0.216463,0.110259,0.002072,0.001087,0.001016,0.000655,0.000900,0.000751,0.000893,0.000914,0.001085,0.001339,0.110541,80
scalar_uncertainty_planner,peg_insert_with_lag,contact_mode_flip,in_distribution,0.500000,0.316436,0.264723,0.244197,0.092531,0.146888,0.096616,0.100293,0.193746,0.210971,0.207166,-0.163883,0.110259,0.001900,0.001027,0.001190,0.000628,0.000911,0.000734,0.000907,0.000858,0.001100,0.001035,0.110594,80
scalar_uncertainty_planner,peg_insert_with_lag,contact_mode_flip,long_horizon,0.450000,0.305127,0.287396,0.274171,0.101548,0.149695,0.105505,0.113211,0.211970,0.233312,0.226792,-0.291324,0.109706,0.002320,0.001186,0.001008,0.000656,0.000851,0.000694,0.000972,0.000837,0.001126,0.001008,0.109859,80
scalar_uncertainty_planner,peg_insert_with_lag,contact_mode_flip,sparse_observation,0.337500,0.279655,0.296063,0.274221,0.104200,0.154708,0.114426,0.126944,0.216779,0.245395,0.233764,-0.435427,0.104273,0.001965,0.001183,0.001044,0.000661,0.000871,0.000713,0.000926,0.000830,0.000987,0.001137,0.103899,80
scalar_uncertainty_planner,peg_insert_with_lag,friction_shift,combined_stress,0.412500,0.326645,0.281745,0.269341,0.103899,0.149563,0.110208,0.120329,0.213565,0.239789,0.229278,-0.319955,0.108557,0.002305,0.001100,0.001013,0.000670,0.000887,0.000646,0.000835,0.000882,0.001127,0.001017,0.108552,80
scalar_uncertainty_planner,peg_insert_with_lag,friction_shift,hidden_mechanism,0.475000,0.355750,0.250742,0.236853,0.090338,0.144187,0.095756,0.098043,0.189770,0.208291,0.203521,-0.150354,0.110121,0.002283,0.001256,0.001145,0.000748,0.000931,0.000682,0.000790,0.000822,0.001138,0.001005,0.110187,80
scalar_uncertainty_planner,peg_insert_with_lag,friction_shift,in_distribution,0.575000,0.368398,0.235236,0.221883,0.083677,0.141032,0.089468,0.087676,0.178937,0.193527,0.191370,0.000232,0.109011,0.002354,0.001186,0.001046,0.000664,0.001011,0.000654,0.000851,0.000850,0.000986,0.001017,0.109262,80
scalar_uncertainty_planner,peg_insert_with_lag,friction_shift,long_horizon,0.537500,0.358182,0.256682,0.252074,0.094132,0.143312,0.097287,0.101515,0.196028,0.214891,0.209901,-0.113611,0.109948,0.002103,0.001139,0.001218,0.000665,0.000817,0.000659,0.000743,0.000866,0.001114,0.001048,0.109807,80
scalar_uncertainty_planner,peg_insert_with_lag,friction_shift,sparse_observation,0.512500,0.329994,0.265477,0.252038,0.096018,0.148175,0.105996,0.115555,0.201863,0.227204,0.216630,-0.170943,0.110224,0.002058,0.001082,0.001046,0.000698,0.000830,0.000652,0.000919,0.000828,0.001134,0.001170,0.110557,80
scalar_uncertainty_planner,peg_insert_with_lag,nominal,combined_stress,0.475000,0.385772,0.258112,0.253131,0.096584,0.143604,0.104152,0.111329,0.198651,0.223234,0.213133,-0.178882,0.110121,0.002353,0.001127,0.001205,0.000715,0.000768,0.000658,0.000915,0.000896,0.001229,0.001193,0.110120,80
scalar_uncertainty_planner,peg_insert_with_lag,nominal,hidden_mechanism,0.562500,0.410543,0.227911,0.218380,0.082343,0.138032,0.089204,0.087403,0.175302,0.191988,0.188543,0.016357,0.109394,0.002050,0.001077,0.001147,0.000674,0.000978,0.000631,0.000844,0.000840,0.001088,0.001093,0.109446,80
scalar_uncertainty_planner,peg_insert_with_lag,nominal,in_distribution,0.675000,0.424873,0.212648,0.204022,0.076789,0.134906,0.082326,0.077732,0.164709,0.177912,0.176099,0.178167,0.103285,0.002304,0.001183,0.001284,0.000674,0.000832,0.000595,0.000924,0.000862,0.001055,0.001090,0.103104,80
scalar_uncertainty_planner,peg_insert_with_lag,nominal,long_horizon,0.650000,0.413207,0.234888,0.234107,0.086194,0.137554,0.091380,0.091495,0.182510,0.199291,0.195204,0.075570,0.105180,0.002188,0.001173,0.001095,0.000651,0.001047,0.000627,0.000797,0.000879,0.001259,0.001261,0.105178,80
scalar_uncertainty_planner,peg_insert_with_lag,nominal,sparse_observation,0.525000,0.387627,0.242698,0.232910,0.089513,0.144137,0.099970,0.104653,0.187147,0.210399,0.201601,-0.080077,0.110121,0.001844,0.001081,0.001018,0.000739,0.000932,0.000705,0.000854,0.000833,0.001026,0.001054,0.110181,80
scalar_uncertainty_planner,peg_insert_with_lag,occlusion_persistence,combined_stress,0.375000,0.290383,0.300254,0.284402,0.107680,0.154088,0.116367,0.131076,0.223722,0.253162,0.240868,-0.415862,0.106757,0.002289,0.001218,0.001043,0.000703,0.000848,0.000635,0.000807,0.000847,0.001006,0.000975,0.106743,80
scalar_uncertainty_planner,peg_insert_with_lag,occlusion_persistence,hidden_mechanism,0.487500,0.301312,0.275467,0.256769,0.096859,0.151583,0.109040,0.119588,0.204264,0.230827,0.219875,-0.224469,0.110224,0.001876,0.001121,0.001174,0.000577,0.000812,0.000630,0.000846,0.000826,0.001119,0.001029,0.110362,80
scalar_uncertainty_planner,peg_insert_with_lag,occlusion_persistence,in_distribution,0.500000,0.315702,0.259842,0.242460,0.090818,0.149645,0.102926,0.108399,0.193114,0.216048,0.207270,-0.161940,0.110259,0.001935,0.001062,0.001079,0.000658,0.000844,0.000703,0.000856,0.000845,0.000923,0.001062,0.110089,80
scalar_uncertainty_planner,peg_insert_with_lag,occlusion_persistence,long_horizon,0.400000,0.301691,0.282092,0.271518,0.100210,0.152730,0.111441,0.122087,0.209230,0.235373,0.224940,-0.338277,0.108031,0.002196,0.001143,0.001067,0.000634,0.000846,0.000666,0.000917,0.001001,0.001183,0.001091,0.108104,80
scalar_uncertainty_planner,peg_insert_with_lag,occlusion_persistence,sparse_observation,0.437500,0.292216,0.285825,0.266168,0.101907,0.154231,0.113609,0.126968,0.212215,0.241577,0.229355,-0.309549,0.109394,0.002244,0.001109,0.001043,0.000640,0.000754,0.000639,0.000815,0.000830,0.001050,0.000978,0.109540,80
scalar_uncertainty_planner,peg_insert_with_lag,payload_shift,combined_stress,0.487500,0.275798,0.302895,0.286047,0.109729,0.154983,0.116156,0.130617,0.225909,0.254327,0.242444,-0.315649,0.110224,0.002220,0.001079,0.001113,0.000612,0.000872,0.000729,0.000728,0.000972,0.001193,0.001070,0.110282,80
scalar_uncertainty_planner,peg_insert_with_lag,payload_shift,hidden_mechanism,0.362500,0.304105,0.276704,0.254294,0.098991,0.149394,0.102137,0.108405,0.205779,0.226622,0.219914,-0.344314,0.106008,0.002416,0.001089,0.001017,0.000599,0.000844,0.000663,0.000835,0.000818,0.000987,0.001029,0.106030,80
scalar_uncertainty_planner,peg_insert_with_lag,payload_shift,in_distribution,0.512500,0.317179,0.260639,0.239578,0.093395,0.146094,0.095327,0.097045,0.194411,0.211012,0.207785,-0.143520,0.110224,0.002236,0.000983,0.001022,0.000617,0.001032,0.000651,0.000742,0.000919,0.001216,0.001070,0.110081,80
scalar_uncertainty_planner,peg_insert_with_lag,payload_shift,long_horizon,0.437500,0.306150,0.283309,0.268771,0.102793,0.147889,0.103663,0.110231,0.211465,0.232143,0.225963,-0.294355,0.109394,0.002327,0.001199,0.001034,0.000624,0.000816,0.000654,0.000945,0.000799,0.001046,0.001031,0.109761,80
scalar_uncertainty_planner,peg_insert_with_lag,payload_shift,sparse_observation,0.450000,0.281144,0.290719,0.268460,0.105086,0.152681,0.113039,0.124388,0.217950,0.245013,0.234113,-0.312823,0.109706,0.002138,0.000986,0.001226,0.000619,0.000816,0.000566,0.001000,0.000886,0.001150,0.001012,0.109620,80
