method,split,seed,mean_success,mean_mechanism_f1,mean_invalid_repair_rate,mean_repeat_failure_rate,mean_damage_rate,mean_diagnostic_probe_cost,mean_calibration_error,mean_abstention_rate,mean_budget_violation_rate,mean_predicted_breach_risk,mean_realized_breach_risk,mean_repair_utility,ci95_success,ci95_mechanism_f1,ci95_invalid_repair_rate,ci95_repeat_failure_rate,ci95_damage_rate,ci95_diagnostic_probe_cost,ci95_calibration_error,ci95_abstention_rate,ci95_budget_violation_rate,ci95_predicted_breach_risk,ci95_realized_breach_risk,ci95_repair_utility,rows
active_probe_planner,combined_stress,0,0.593750,0.526301,0.201404,0.194491,0.084044,0.310050,0.078889,0.115180,0.161789,0.188129,0.170328,0.085255,0.049188,0.003336,0.001624,0.001332,0.000488,0.000854,0.000495,0.000822,0.000926,0.001114,0.001029,0.049704,384
active_probe_planner,combined_stress,1,0.614583,0.527236,0.202005,0.195119,0.083875,0.310188,0.079276,0.114740,0.161343,0.187819,0.169764,0.105665,0.048743,0.003287,0.001651,0.001293,0.000498,0.000872,0.000479,0.000817,0.000914,0.001076,0.001001,0.049338,384
active_probe_planner,combined_stress,2,0.606771,0.527537,0.201716,0.194719,0.083735,0.310233,0.079062,0.115145,0.161497,0.187822,0.169753,0.098601,0.048921,0.003363,0.001615,0.001279,0.000506,0.000867,0.000460,0.000838,0.000891,0.001087,0.000985,0.049512,384
active_probe_planner,combined_stress,3,0.645833,0.527026,0.201508,0.194618,0.083809,0.310089,0.079074,0.114932,0.161791,0.188126,0.170009,0.137574,0.047898,0.003373,0.001610,0.001298,0.000520,0.000893,0.000486,0.000888,0.000919,0.001089,0.001030,0.048087,384
active_probe_planner,combined_stress,4,0.627604,0.527614,0.201639,0.194754,0.083606,0.309663,0.079071,0.114465,0.161683,0.188119,0.170164,0.119824,0.048417,0.003370,0.001595,0.001294,0.000489,0.000852,0.000479,0.000838,0.000925,0.001116,0.001038,0.049161,384
active_probe_planner,combined_stress,5,0.575521,0.527144,0.202473,0.194510,0.084116,0.310152,0.079324,0.115106,0.161831,0.188382,0.170545,0.065962,0.049501,0.003290,0.001630,0.001281,0.000518,0.000897,0.000487,0.000846,0.000891,0.001039,0.000994,0.050223,384
active_probe_planner,combined_stress,6,0.591146,0.526759,0.201948,0.194773,0.083593,0.310187,0.078891,0.114891,0.161390,0.187743,0.169717,0.082831,0.049237,0.003338,0.001554,0.001293,0.000505,0.000876,0.000482,0.000862,0.000904,0.001080,0.000992,0.049803,384
active_probe_planner,combined_stress,7,0.593750,0.527520,0.202087,0.194952,0.083743,0.310002,0.079287,0.115244,0.161240,0.187578,0.169637,0.085135,0.049188,0.003330,0.001634,0.001332,0.000510,0.000898,0.000488,0.000836,0.000910,0.001052,0.001009,0.050051,384
active_probe_planner,combined_stress,8,0.559896,0.527533,0.201431,0.194889,0.084019,0.310256,0.079109,0.114970,0.161249,0.187744,0.169559,0.051717,0.049715,0.003360,0.001600,0.001330,0.000500,0.000870,0.000471,0.000873,0.000918,0.001070,0.001001,0.050315,384
active_probe_planner,combined_stress,9,0.606771,0.527190,0.201952,0.195020,0.083671,0.309916,0.079253,0.115116,0.161503,0.187889,0.169709,0.098093,0.048921,0.003363,0.001596,0.001282,0.000524,0.000874,0.000491,0.000840,0.000920,0.001088,0.001032,0.049375,384
active_probe_planner,hidden_mechanism,0,0.651042,0.549167,0.180439,0.170038,0.074095,0.301979,0.069389,0.096813,0.145253,0.165829,0.152216,0.220937,0.047736,0.003637,0.001986,0.001514,0.000685,0.001040,0.000645,0.001164,0.001196,0.001458,0.001313,0.048079,384
active_probe_planner,hidden_mechanism,1,0.690104,0.548642,0.180892,0.169974,0.074160,0.301934,0.069264,0.096796,0.144668,0.164890,0.151702,0.259844,0.046315,0.003676,0.002007,0.001484,0.000702,0.001017,0.000669,0.001187,0.001241,0.001501,0.001347,0.047655,384
active_probe_planner,hidden_mechanism,2,0.575521,0.548453,0.180888,0.169652,0.074154,0.301988,0.069010,0.096976,0.145146,0.165514,0.151822,0.145237,0.049501,0.003802,0.001978,0.001482,0.000673,0.001011,0.000648,0.001173,0.001186,0.001438,0.001288,0.049984,384
active_probe_planner,hidden_mechanism,3,0.651042,0.547755,0.180599,0.169808,0.073956,0.302060,0.069249,0.096901,0.144825,0.165059,0.151633,0.220942,0.047736,0.003646,0.001956,0.001506,0.000676,0.001035,0.000661,0.001195,0.001198,0.001502,0.001300,0.048646,384
active_probe_planner,hidden_mechanism,4,0.638021,0.549041,0.180819,0.169501,0.074116,0.302381,0.069150,0.096623,0.144757,0.164968,0.151560,0.208284,0.048130,0.003602,0.002062,0.001468,0.000666,0.001043,0.000670,0.001211,0.001210,0.001514,0.001330,0.048887,384
active_probe_planner,hidden_mechanism,5,0.596354,0.547752,0.180856,0.169758,0.074202,0.301844,0.069125,0.096843,0.144757,0.164967,0.151306,0.165985,0.049137,0.003659,0.002029,0.001483,0.000684,0.001047,0.000648,0.001175,0.001225,0.001503,0.001336,0.050056,384
active_probe_planner,hidden_mechanism,6,0.658854,0.548651,0.181238,0.170003,0.074329,0.302332,0.068943,0.097072,0.144876,0.165008,0.151801,0.227945,0.047481,0.003786,0.002018,0.001432,0.000673,0.001025,0.000671,0.001156,0.001238,0.001519,0.001370,0.048495,384
active_probe_planner,hidden_mechanism,7,0.627604,0.548310,0.181339,0.169939,0.074385,0.302136,0.069186,0.097002,0.145299,0.165471,0.152135,0.196148,0.048417,0.003631,0.002028,0.001451,0.000673,0.001083,0.000644,0.001184,0.001215,0.001496,0.001321,0.049360,384
active_probe_planner,hidden_mechanism,8,0.609375,0.548023,0.181488,0.169587,0.074043,0.302174,0.069177,0.096832,0.144954,0.165149,0.151482,0.178565,0.048863,0.003749,0.002014,0.001509,0.000678,0.001001,0.000630,0.001179,0.001217,0.001508,0.001301,0.049992,384
active_probe_planner,hidden_mechanism,9,0.658854,0.548323,0.180527,0.169619,0.074245,0.302370,0.069099,0.096891,0.145095,0.165201,0.151707,0.228676,0.047481,0.003705,0.002006,0.001481,0.000713,0.001010,0.000668,0.001162,0.001240,0.001519,0.001362,0.048401,384
active_probe_planner,in_distribution,0,0.638021,0.561477,0.169424,0.157174,0.069090,0.297241,0.064226,0.087280,0.136464,0.153461,0.142231,0.249264,0.048130,0.003720,0.002036,0.001494,0.000680,0.001055,0.000660,0.001222,0.001245,0.001534,0.001370,0.049147,384
active_probe_planner,in_distribution,1,0.674479,0.561260,0.169499,0.157384,0.069200,0.297255,0.063840,0.087235,0.136251,0.152900,0.142155,0.285651,0.046928,0.003802,0.002080,0.001503,0.000695,0.001025,0.000664,0.001173,0.001202,0.001508,0.001310,0.047669,384
active_probe_planner,in_distribution,2,0.666667,0.560969,0.169204,0.157567,0.069154,0.296959,0.064045,0.087545,0.136383,0.153490,0.142312,0.277749,0.047212,0.003762,0.002043,0.001531,0.000696,0.001039,0.000636,0.001146,0.001220,0.001494,0.001357,0.048054,384
active_probe_planner,in_distribution,3,0.700521,0.561079,0.169027,0.157429,0.069301,0.297177,0.064069,0.087143,0.136577,0.153578,0.142748,0.311634,0.045872,0.003727,0.002053,0.001486,0.000682,0.001071,0.000653,0.001152,0.001203,0.001463,0.001313,0.046201,384
active_probe_planner,in_distribution,4,0.645833,0.560621,0.168984,0.157978,0.069533,0.297484,0.063919,0.087324,0.136721,0.153691,0.142340,0.256019,0.047898,0.003736,0.002039,0.001481,0.000676,0.001037,0.000673,0.001177,0.001229,0.001514,0.001363,0.048809,384
active_probe_planner,in_distribution,5,0.669271,0.560524,0.169441,0.157420,0.069002,0.296933,0.063949,0.086985,0.136794,0.153725,0.142965,0.280166,0.047119,0.003815,0.002021,0.001484,0.000678,0.001046,0.000660,0.001169,0.001195,0.001482,0.001307,0.047725,384
active_probe_planner,in_distribution,6,0.651042,0.562128,0.169252,0.157670,0.069265,0.297357,0.063669,0.086939,0.136228,0.152874,0.142193,0.262580,0.047736,0.003634,0.001984,0.001485,0.000689,0.001042,0.000665,0.001178,0.001256,0.001546,0.001366,0.048872,384
active_probe_planner,in_distribution,7,0.638021,0.561361,0.168971,0.157275,0.069205,0.297083,0.063987,0.087311,0.136992,0.153798,0.142561,0.249276,0.048130,0.003742,0.001994,0.001468,0.000692,0.001036,0.000668,0.001174,0.001208,0.001465,0.001348,0.049389,384
active_probe_planner,in_distribution,8,0.700521,0.560991,0.169207,0.157461,0.069340,0.297633,0.064209,0.087122,0.136738,0.153685,0.142656,0.311061,0.045872,0.003713,0.001992,0.001499,0.000693,0.001046,0.000662,0.001171,0.001231,0.001477,0.001357,0.047461,384
active_probe_planner,in_distribution,9,0.643229,0.561505,0.169716,0.157219,0.069050,0.297043,0.063779,0.087347,0.136563,0.153577,0.142662,0.254446,0.047977,0.003753,0.002032,0.001502,0.000702,0.001060,0.000651,0.001163,0.001194,0.001476,0.001322,0.049170,384
active_probe_planner,long_horizon,0,0.627604,0.551887,0.186138,0.182320,0.077448,0.301318,0.069869,0.098985,0.150371,0.170010,0.157312,0.176310,0.048417,0.003729,0.002006,0.001478,0.000631,0.001025,0.000668,0.001163,0.001172,0.001440,0.001310,0.048837,384
active_probe_planner,long_horizon,1,0.666667,0.551570,0.186344,0.183077,0.076898,0.301048,0.070147,0.099080,0.150117,0.170498,0.156908,0.215136,0.047212,0.003721,0.001981,0.001498,0.000633,0.001051,0.000634,0.001175,0.001206,0.001495,0.001311,0.047732,384
active_probe_planner,long_horizon,2,0.671875,0.550632,0.186256,0.182288,0.077245,0.301170,0.069874,0.098716,0.150066,0.170172,0.157076,0.220574,0.047024,0.003794,0.001945,0.001465,0.000670,0.001034,0.000664,0.001177,0.001184,0.001446,0.001286,0.047900,384
active_probe_planner,long_horizon,3,0.645833,0.551643,0.186180,0.182882,0.077224,0.301012,0.069987,0.098597,0.149867,0.169743,0.157130,0.194643,0.047898,0.003778,0.001970,0.001472,0.000678,0.001066,0.000654,0.001149,0.001162,0.001438,0.001282,0.048911,384
active_probe_planner,long_horizon,4,0.630208,0.551488,0.186074,0.182651,0.077066,0.301130,0.069716,0.098804,0.150153,0.169887,0.156784,0.179295,0.048348,0.003717,0.001963,0.001456,0.000645,0.001039,0.000640,0.001170,0.001153,0.001462,0.001273,0.048978,384
active_probe_planner,long_horizon,5,0.627604,0.552075,0.186285,0.182436,0.077306,0.301414,0.070280,0.099034,0.150153,0.170453,0.156954,0.176175,0.048417,0.003764,0.001983,0.001520,0.000642,0.001034,0.000628,0.001183,0.001142,0.001420,0.001258,0.050103,384
active_probe_planner,long_horizon,6,0.664062,0.551243,0.186470,0.182960,0.077153,0.301170,0.069970,0.098769,0.149844,0.169722,0.156926,0.212424,0.047303,0.003740,0.001959,0.001525,0.000655,0.001053,0.000670,0.001178,0.001181,0.001477,0.001289,0.048444,384
active_probe_planner,long_horizon,7,0.695312,0.551887,0.186220,0.182312,0.077226,0.301262,0.070152,0.098760,0.149716,0.169728,0.156522,0.244510,0.046097,0.003648,0.001975,0.001473,0.000636,0.000997,0.000615,0.001190,0.001181,0.001440,0.001303,0.047044,384
active_probe_planner,long_horizon,8,0.630208,0.552250,0.186258,0.182435,0.077244,0.301339,0.070036,0.098438,0.150118,0.169873,0.156879,0.179226,0.048348,0.003815,0.001932,0.001501,0.000652,0.001047,0.000647,0.001173,0.001159,0.001418,0.001312,0.049657,384
active_probe_planner,long_horizon,9,0.645833,0.551007,0.186076,0.182768,0.077491,0.300995,0.070238,0.098389,0.150056,0.170100,0.157213,0.194121,0.047898,0.003759,0.001958,0.001459,0.000654,0.001115,0.000657,0.001164,0.001143,0.001437,0.001263,0.049150,384
active_probe_planner,sparse_observation,0,0.645833,0.530201,0.191036,0.180225,0.079110,0.308384,0.076784,0.110298,0.154041,0.179849,0.162146,0.172084,0.047898,0.003450,0.001842,0.001398,0.000609,0.000901,0.000528,0.000964,0.001049,0.001223,0.001157,0.048575,384
active_probe_planner,sparse_observation,1,0.651042,0.529190,0.191024,0.179988,0.079006,0.308818,0.076665,0.110251,0.153626,0.179382,0.161650,0.177461,0.047736,0.003401,0.001845,0.001358,0.000586,0.000923,0.000510,0.000918,0.001110,0.001303,0.001197,0.048710,384
active_probe_planner,sparse_observation,2,0.580729,0.530444,0.191473,0.180027,0.078702,0.308647,0.076821,0.110120,0.153352,0.178972,0.161246,0.107620,0.049419,0.003469,0.001846,0.001364,0.000616,0.000932,0.000518,0.000902,0.001086,0.001283,0.001181,0.050460,384
active_probe_planner,sparse_observation,3,0.679688,0.530361,0.191020,0.179743,0.079008,0.308659,0.077011,0.110101,0.153601,0.179450,0.161625,0.206605,0.046730,0.003368,0.001840,0.001412,0.000600,0.000951,0.000521,0.000915,0.001085,0.001288,0.001190,0.047597,384
active_probe_planner,sparse_observation,4,0.596354,0.529891,0.190982,0.180035,0.079004,0.308291,0.076743,0.110094,0.153825,0.179746,0.161904,0.123038,0.049137,0.003462,0.001870,0.001371,0.000608,0.000908,0.000488,0.000887,0.001084,0.001275,0.001180,0.049940,384
active_probe_planner,sparse_observation,5,0.572917,0.530739,0.190892,0.180004,0.078835,0.308727,0.076973,0.110458,0.153238,0.178771,0.161141,0.100220,0.049540,0.003409,0.001861,0.001416,0.000594,0.000929,0.000527,0.000932,0.001064,0.001257,0.001187,0.050294,384
active_probe_planner,sparse_observation,6,0.630208,0.531198,0.191156,0.179499,0.078705,0.308855,0.076534,0.110488,0.153777,0.179329,0.161392,0.157802,0.048348,0.003368,0.001805,0.001397,0.000636,0.000916,0.000528,0.000958,0.001062,0.001276,0.001157,0.049153,384
active_probe_planner,sparse_observation,7,0.622396,0.529596,0.191159,0.179846,0.078860,0.308521,0.076866,0.110317,0.153881,0.179365,0.162142,0.148899,0.048552,0.003377,0.001860,0.001420,0.000615,0.000895,0.000513,0.000956,0.001063,0.001271,0.001171,0.049169,384
active_probe_planner,sparse_observation,8,0.617188,0.529294,0.190803,0.179827,0.078832,0.308999,0.076926,0.110211,0.153882,0.179395,0.162064,0.143804,0.048681,0.003309,0.001850,0.001392,0.000607,0.000936,0.000472,0.000908,0.001083,0.001252,0.001185,0.049253,384
active_probe_planner,sparse_observation,9,0.601562,0.529651,0.190220,0.180161,0.079003,0.308584,0.076958,0.110312,0.153622,0.179487,0.161739,0.128649,0.049032,0.003461,0.001855,0.001382,0.000622,0.000911,0.000513,0.000917,0.001044,0.001238,0.001139,0.050036,384
causal_query_repair,combined_stress,0,0.651042,0.558578,0.179584,0.178961,0.078168,0.280765,0.075448,0.133475,0.146059,0.175807,0.152822,0.208930,0.047736,0.003082,0.001559,0.001288,0.000490,0.000852,0.000477,0.000951,0.000872,0.001053,0.000969,0.048510,384
causal_query_repair,combined_stress,1,0.622396,0.557639,0.178854,0.179226,0.078060,0.281142,0.075282,0.133520,0.146610,0.176370,0.153287,0.180159,0.048552,0.003085,0.001557,0.001225,0.000473,0.000807,0.000475,0.000970,0.000874,0.001058,0.000996,0.049155,384
causal_query_repair,combined_stress,2,0.656250,0.558609,0.178776,0.179449,0.077845,0.281397,0.075303,0.133188,0.146590,0.176083,0.153122,0.214459,0.047568,0.003102,0.001562,0.001265,0.000486,0.000809,0.000455,0.000953,0.000858,0.001020,0.000961,0.048100,384
causal_query_repair,combined_stress,3,0.617188,0.558349,0.178713,0.179116,0.077833,0.281111,0.075255,0.133091,0.146181,0.175949,0.152724,0.176030,0.048681,0.003102,0.001573,0.001258,0.000485,0.000842,0.000492,0.000942,0.000862,0.001058,0.000963,0.049208,384
causal_query_repair,combined_stress,4,0.619792,0.557804,0.179386,0.179427,0.077946,0.281033,0.075508,0.132812,0.146424,0.176079,0.152951,0.177256,0.048617,0.003040,0.001551,0.001267,0.000497,0.000827,0.000485,0.000934,0.000877,0.001049,0.000992,0.049010,384
causal_query_repair,combined_stress,5,0.658854,0.557883,0.178500,0.179253,0.077789,0.281044,0.075385,0.132864,0.146460,0.176060,0.153152,0.217490,0.047481,0.003122,0.001570,0.001217,0.000493,0.000812,0.000472,0.000926,0.000903,0.001083,0.001001,0.047941,384
causal_query_repair,combined_stress,6,0.614583,0.558686,0.179171,0.179032,0.078428,0.280843,0.075296,0.133269,0.146443,0.176020,0.153401,0.172414,0.048743,0.003064,0.001555,0.001267,0.000457,0.000800,0.000469,0.000921,0.000875,0.001086,0.000974,0.049667,384
causal_query_repair,combined_stress,7,0.611979,0.558324,0.178708,0.179416,0.077771,0.281051,0.075337,0.133225,0.145862,0.175614,0.152525,0.170800,0.048804,0.003056,0.001571,0.001217,0.000501,0.000806,0.000486,0.000970,0.000862,0.001044,0.000994,0.049345,384
causal_query_repair,combined_stress,8,0.651042,0.558136,0.178904,0.179263,0.077959,0.281044,0.075218,0.133150,0.146026,0.175379,0.152493,0.209517,0.047736,0.003012,0.001564,0.001311,0.000477,0.000825,0.000480,0.000972,0.000888,0.001053,0.001001,0.048489,384
causal_query_repair,combined_stress,9,0.598958,0.557836,0.179079,0.178802,0.077627,0.281067,0.075121,0.133097,0.146270,0.175876,0.152962,0.157778,0.049085,0.003062,0.001565,0.001290,0.000471,0.000825,0.000471,0.000938,0.000885,0.001069,0.000972,0.049457,384
causal_query_repair,hidden_mechanism,0,0.653646,0.578888,0.158681,0.154995,0.068657,0.273981,0.065667,0.113579,0.130458,0.153943,0.135598,0.287632,0.047653,0.003434,0.001926,0.001430,0.000631,0.000955,0.000663,0.001269,0.001132,0.001420,0.001236,0.048361,384
causal_query_repair,hidden_mechanism,1,0.684896,0.579231,0.158826,0.154771,0.068625,0.274012,0.065654,0.113737,0.130866,0.154371,0.136135,0.318778,0.046526,0.003543,0.001929,0.001419,0.000643,0.000975,0.000639,0.001274,0.001152,0.001450,0.001263,0.047793,384
causal_query_repair,hidden_mechanism,2,0.648438,0.578522,0.159522,0.154357,0.068487,0.274046,0.065839,0.113524,0.130527,0.153979,0.136014,0.282056,0.047818,0.003425,0.001975,0.001447,0.000663,0.000965,0.000619,0.001298,0.001150,0.001413,0.001253,0.048733,384
causal_query_repair,hidden_mechanism,3,0.679688,0.579118,0.159287,0.154730,0.068849,0.273668,0.065666,0.113412,0.130443,0.153931,0.135741,0.313336,0.046730,0.003520,0.001969,0.001453,0.000670,0.000970,0.000633,0.001295,0.001142,0.001406,0.001253,0.047695,384
causal_query_repair,hidden_mechanism,4,0.651042,0.578059,0.159039,0.154932,0.068757,0.273960,0.065848,0.113777,0.130471,0.153835,0.135874,0.284222,0.047736,0.003421,0.001961,0.001393,0.000662,0.000990,0.000625,0.001310,0.001188,0.001433,0.001303,0.048576,384
causal_query_repair,hidden_mechanism,5,0.664062,0.579069,0.158886,0.154751,0.068503,0.273706,0.065779,0.113694,0.130377,0.153889,0.135377,0.298324,0.047303,0.003450,0.001947,0.001442,0.000664,0.000966,0.000638,0.001253,0.001152,0.001438,0.001276,0.048184,384
causal_query_repair,hidden_mechanism,6,0.645833,0.578454,0.158680,0.154424,0.068576,0.273416,0.065876,0.113661,0.130561,0.154172,0.135503,0.280177,0.047898,0.003541,0.001949,0.001437,0.000664,0.000979,0.000637,0.001279,0.001190,0.001484,0.001309,0.048922,384
causal_query_repair,hidden_mechanism,7,0.664062,0.577976,0.158564,0.154743,0.068588,0.273823,0.065959,0.113731,0.130580,0.154345,0.135423,0.297898,0.047303,0.003429,0.001931,0.001409,0.000667,0.000927,0.000650,0.001284,0.001156,0.001436,0.001262,0.048033,384
causal_query_repair,hidden_mechanism,8,0.692708,0.579398,0.158761,0.155188,0.068323,0.273652,0.065899,0.113653,0.130507,0.153952,0.135749,0.326922,0.046207,0.003494,0.001934,0.001461,0.000646,0.000926,0.000638,0.001306,0.001182,0.001485,0.001293,0.047042,384
causal_query_repair,hidden_mechanism,9,0.695312,0.578710,0.159048,0.154818,0.068731,0.273830,0.065347,0.113416,0.130653,0.154121,0.135531,0.329086,0.046097,0.003491,0.001931,0.001421,0.000654,0.000967,0.000652,0.001306,0.001159,0.001446,0.001277,0.046398,384
causal_query_repair,in_distribution,0,0.679688,0.591293,0.147188,0.142763,0.063873,0.269102,0.060371,0.103465,0.122705,0.142795,0.127207,0.354338,0.046730,0.003405,0.001981,0.001444,0.000700,0.000986,0.000636,0.001284,0.001186,0.001434,0.001291,0.048097,384
causal_query_repair,in_distribution,1,0.731771,0.591218,0.147248,0.142965,0.063717,0.269488,0.060596,0.103349,0.122535,0.142994,0.126954,0.406241,0.044371,0.003460,0.001997,0.001486,0.000675,0.000979,0.000643,0.001295,0.001168,0.001471,0.001287,0.044600,384
causal_query_repair,in_distribution,2,0.703125,0.590752,0.147608,0.143005,0.063682,0.269276,0.060431,0.103371,0.122614,0.142583,0.126884,0.377209,0.045757,0.003476,0.001960,0.001457,0.000656,0.001031,0.000629,0.001295,0.001174,0.001460,0.001287,0.046547,384
causal_query_repair,in_distribution,3,0.705729,0.591600,0.147748,0.142857,0.063943,0.269368,0.060786,0.103465,0.122409,0.142659,0.126784,0.379707,0.045640,0.003481,0.001923,0.001480,0.000653,0.000985,0.000617,0.001327,0.001153,0.001436,0.001252,0.046828,384
causal_query_repair,in_distribution,4,0.656250,0.590735,0.147243,0.142468,0.063637,0.269107,0.060380,0.103068,0.122403,0.142493,0.126771,0.331402,0.047568,0.003574,0.001954,0.001500,0.000645,0.000932,0.000658,0.001322,0.001153,0.001443,0.001242,0.048636,384
causal_query_repair,in_distribution,5,0.695312,0.590668,0.147772,0.143041,0.063761,0.269431,0.060496,0.103698,0.122323,0.142557,0.126424,0.369144,0.046097,0.003519,0.002030,0.001451,0.000661,0.000991,0.000642,0.001370,0.001164,0.001461,0.001290,0.046808,384
causal_query_repair,in_distribution,6,0.716146,0.592234,0.147747,0.143047,0.063840,0.269358,0.060787,0.103317,0.122641,0.142815,0.126775,0.390185,0.045155,0.003491,0.001962,0.001494,0.000654,0.001012,0.000663,0.001294,0.001162,0.001473,0.001262,0.046329,384
causal_query_repair,in_distribution,7,0.687500,0.590779,0.147696,0.142637,0.064094,0.269639,0.060825,0.103015,0.122364,0.142584,0.126819,0.361275,0.046421,0.003393,0.001959,0.001473,0.000619,0.000939,0.000635,0.001306,0.001130,0.001404,0.001245,0.047017,384
causal_query_repair,in_distribution,8,0.721354,0.590932,0.147460,0.142871,0.063790,0.269123,0.060543,0.103079,0.122125,0.141964,0.126271,0.395982,0.044901,0.003496,0.001907,0.001495,0.000651,0.000988,0.000614,0.001259,0.001140,0.001416,0.001246,0.045895,384
causal_query_repair,in_distribution,9,0.716146,0.592060,0.147750,0.143091,0.063805,0.269311,0.060536,0.103293,0.122298,0.142373,0.126588,0.390499,0.045155,0.003570,0.001964,0.001450,0.000648,0.000971,0.000631,0.001289,0.001180,0.001453,0.001276,0.046032,384
causal_query_repair,long_horizon,0,0.692708,0.581947,0.164124,0.167842,0.071498,0.273003,0.066421,0.116004,0.135341,0.158490,0.140609,0.306000,0.046207,0.003489,0.001900,0.001408,0.000627,0.000926,0.000599,0.001268,0.001112,0.001381,0.001226,0.046456,384
causal_query_repair,long_horizon,1,0.677083,0.582813,0.164022,0.167668,0.071533,0.273121,0.066538,0.115875,0.135100,0.158136,0.140289,0.290943,0.046830,0.003497,0.001833,0.001486,0.000620,0.000960,0.000621,0.001278,0.001095,0.001390,0.001197,0.048041,384
causal_query_repair,long_horizon,2,0.669271,0.582586,0.164100,0.167387,0.071178,0.272922,0.066361,0.116041,0.135261,0.158662,0.140287,0.283592,0.047119,0.003428,0.001898,0.001455,0.000635,0.000967,0.000640,0.001260,0.001138,0.001434,0.001252,0.048203,384
causal_query_repair,long_horizon,3,0.674479,0.582513,0.163742,0.167747,0.071360,0.273299,0.066490,0.116259,0.135260,0.158454,0.140418,0.288409,0.046928,0.003452,0.001966,0.001444,0.000619,0.000993,0.000610,0.001259,0.001129,0.001434,0.001237,0.048152,384
causal_query_repair,long_horizon,4,0.708333,0.582823,0.163683,0.167644,0.071490,0.272782,0.066470,0.115828,0.135243,0.158597,0.140635,0.322628,0.045522,0.003446,0.001854,0.001431,0.000629,0.000954,0.000639,0.001300,0.001097,0.001395,0.001216,0.046677,384
causal_query_repair,long_horizon,5,0.710938,0.582453,0.164116,0.167394,0.071436,0.273054,0.066425,0.115908,0.135427,0.158598,0.140529,0.324769,0.045401,0.003439,0.001914,0.001474,0.000635,0.000957,0.000640,0.001295,0.001120,0.001376,0.001215,0.046600,384
causal_query_repair,long_horizon,6,0.664062,0.582247,0.163971,0.167561,0.071295,0.272944,0.066228,0.115815,0.135272,0.158724,0.140544,0.278233,0.047303,0.003388,0.001900,0.001455,0.000637,0.000968,0.000612,0.001269,0.001099,0.001377,0.001196,0.048208,384
causal_query_repair,long_horizon,7,0.669271,0.582380,0.163671,0.167760,0.071370,0.273129,0.066520,0.116242,0.135061,0.158204,0.140094,0.283364,0.047119,0.003362,0.001906,0.001413,0.000644,0.000987,0.000631,0.001264,0.001141,0.001429,0.001271,0.048008,384
causal_query_repair,long_horizon,8,0.677083,0.582027,0.163880,0.167949,0.071452,0.272843,0.066376,0.115993,0.134980,0.158074,0.140131,0.290896,0.046830,0.003544,0.001921,0.001457,0.000623,0.001006,0.000646,0.001277,0.001147,0.001414,0.001238,0.047319,384
causal_query_repair,long_horizon,9,0.674479,0.582496,0.164124,0.167967,0.071705,0.273032,0.066470,0.115470,0.135468,0.158759,0.141034,0.287632,0.046928,0.003433,0.001911,0.001426,0.000614,0.000989,0.000634,0.001318,0.001138,0.001428,0.001271,0.047790,384
causal_query_repair,sparse_observation,0,0.588542,0.561159,0.168700,0.164801,0.073077,0.279912,0.073238,0.128256,0.138382,0.167321,0.144667,0.181118,0.049284,0.003104,0.001824,0.001343,0.000582,0.000865,0.000490,0.001017,0.001048,0.001244,0.001128,0.049979,384
causal_query_repair,sparse_observation,1,0.645833,0.561463,0.168453,0.164678,0.073086,0.279668,0.073180,0.127734,0.138922,0.167773,0.145060,0.238691,0.047898,0.003160,0.001834,0.001358,0.000612,0.000884,0.000479,0.001026,0.001001,0.001180,0.001053,0.048516,384
causal_query_repair,sparse_observation,2,0.677083,0.561551,0.168555,0.165138,0.072956,0.280131,0.073270,0.128078,0.138736,0.167807,0.145022,0.269517,0.046830,0.003048,0.001800,0.001389,0.000582,0.000834,0.000501,0.000995,0.001060,0.001245,0.001194,0.047316,384
causal_query_repair,sparse_observation,3,0.648438,0.560955,0.168655,0.164670,0.073393,0.279961,0.073074,0.127461,0.138782,0.167215,0.144966,0.240733,0.047818,0.003126,0.001776,0.001383,0.000580,0.000877,0.000484,0.001031,0.001000,0.001203,0.001111,0.048167,384
causal_query_repair,sparse_observation,4,0.640625,0.560306,0.168565,0.165136,0.072875,0.279863,0.073389,0.127465,0.138742,0.167773,0.145047,0.232846,0.048054,0.003040,0.001780,0.001326,0.000580,0.000849,0.000503,0.001046,0.001022,0.001192,0.001108,0.048524,384
causal_query_repair,sparse_observation,5,0.648438,0.561039,0.168715,0.164580,0.073124,0.279797,0.073128,0.127970,0.138739,0.167226,0.145041,0.241005,0.047818,0.003117,0.001817,0.001313,0.000596,0.000846,0.000477,0.001043,0.001029,0.001217,0.001112,0.048633,384
causal_query_repair,sparse_observation,6,0.635417,0.561059,0.168721,0.165245,0.073303,0.279855,0.073385,0.127347,0.138727,0.167696,0.145171,0.227255,0.048204,0.003161,0.001800,0.001363,0.000582,0.000875,0.000499,0.001018,0.001024,0.001231,0.001111,0.049022,384
causal_query_repair,sparse_observation,7,0.687500,0.561274,0.168743,0.165290,0.073373,0.279858,0.073122,0.127595,0.138704,0.167697,0.144785,0.279388,0.046421,0.003100,0.001765,0.001349,0.000581,0.000847,0.000477,0.001029,0.001018,0.001204,0.001145,0.047315,384
causal_query_repair,sparse_observation,8,0.677083,0.560352,0.168788,0.164722,0.073167,0.279948,0.073198,0.127911,0.139013,0.167921,0.145183,0.268948,0.046830,0.003008,0.001746,0.001345,0.000587,0.000831,0.000478,0.001012,0.001032,0.001231,0.001128,0.047624,384
causal_query_repair,sparse_observation,9,0.653646,0.561276,0.168805,0.164715,0.072990,0.279971,0.073273,0.127479,0.138654,0.167735,0.144736,0.246269,0.047653,0.003103,0.001801,0.001314,0.000618,0.000844,0.000507,0.000981,0.001033,0.001218,0.001145,0.048532,384
conformal_risk_filter,combined_stress,0,0.471354,0.374256,0.243049,0.243480,0.089868,0.209799,0.083898,0.215351,0.163173,0.208532,0.171121,-0.165025,0.049993,0.004409,0.001711,0.001428,0.000552,0.000726,0.000501,0.001486,0.000949,0.001133,0.001047,0.050653,384
conformal_risk_filter,combined_stress,1,0.515625,0.375011,0.242845,0.242818,0.089888,0.209741,0.083764,0.215317,0.163359,0.208695,0.171661,-0.119838,0.050051,0.004330,0.001737,0.001378,0.000520,0.000734,0.000501,0.001431,0.000975,0.001159,0.001090,0.051222,384
conformal_risk_filter,combined_stress,2,0.526042,0.374452,0.242118,0.243714,0.089790,0.209579,0.084019,0.215784,0.163055,0.208697,0.171211,-0.109525,0.050008,0.004305,0.001742,0.001411,0.000533,0.000736,0.000479,0.001432,0.000914,0.001077,0.001003,0.051135,384
conformal_risk_filter,combined_stress,3,0.479167,0.374604,0.242559,0.243239,0.089624,0.209530,0.083788,0.215561,0.163088,0.208722,0.171358,-0.156047,0.050032,0.004355,0.001733,0.001449,0.000516,0.000773,0.000514,0.001479,0.000903,0.001077,0.001016,0.051013,384
conformal_risk_filter,combined_stress,4,0.507812,0.374228,0.242733,0.243503,0.089834,0.209421,0.084014,0.215429,0.162964,0.208528,0.171210,-0.128099,0.050070,0.004372,0.001719,0.001397,0.000534,0.000720,0.000513,0.001475,0.000921,0.001099,0.000999,0.050818,384
conformal_risk_filter,combined_stress,5,0.500000,0.374043,0.242529,0.243511,0.089706,0.209409,0.083907,0.215619,0.162957,0.208396,0.171203,-0.135631,0.050076,0.004286,0.001736,0.001459,0.000542,0.000757,0.000467,0.001432,0.000926,0.001118,0.001029,0.051057,384
conformal_risk_filter,combined_stress,6,0.492188,0.374255,0.242648,0.243251,0.090007,0.209749,0.084085,0.215834,0.163020,0.208530,0.171328,-0.143876,0.050070,0.004431,0.001764,0.001419,0.000536,0.000747,0.000504,0.001442,0.000925,0.001091,0.001036,0.051260,384
conformal_risk_filter,combined_stress,7,0.494792,0.373805,0.242257,0.243258,0.090070,0.209669,0.083811,0.215749,0.163380,0.208876,0.171320,-0.141177,0.050073,0.004366,0.001769,0.001385,0.000541,0.000714,0.000503,0.001457,0.000923,0.001115,0.001006,0.050680,384
conformal_risk_filter,combined_stress,8,0.479167,0.374488,0.242423,0.243201,0.089957,0.209200,0.083833,0.215179,0.162928,0.208678,0.170931,-0.156028,0.050032,0.004349,0.001793,0.001411,0.000548,0.000702,0.000498,0.001472,0.000949,0.001119,0.001053,0.050918,384
conformal_risk_filter,combined_stress,9,0.505208,0.374677,0.243132,0.243213,0.089647,0.209435,0.084157,0.215640,0.163248,0.208791,0.171605,-0.130801,0.050073,0.004287,0.001767,0.001435,0.000529,0.000749,0.000495,0.001468,0.000923,0.001093,0.001009,0.051262,384
conformal_risk_filter,hidden_mechanism,0,0.549479,0.397270,0.219742,0.216242,0.079312,0.203013,0.073769,0.187673,0.146502,0.185681,0.153049,-0.001594,0.049830,0.004798,0.002189,0.001620,0.000708,0.000869,0.000670,0.001912,0.001222,0.001513,0.001326,0.051393,384
conformal_risk_filter,hidden_mechanism,1,0.585938,0.397372,0.219943,0.215758,0.079504,0.203001,0.073860,0.187775,0.146544,0.185818,0.153144,0.034798,0.049330,0.004719,0.002196,0.001657,0.000739,0.000837,0.000679,0.001934,0.001245,0.001546,0.001385,0.050704,384
conformal_risk_filter,hidden_mechanism,2,0.570312,0.396588,0.219974,0.215994,0.079500,0.203302,0.073669,0.187842,0.146741,0.186230,0.153344,0.018572,0.049578,0.004753,0.002143,0.001657,0.000724,0.000867,0.000671,0.001901,0.001235,0.001534,0.001348,0.050421,384
conformal_risk_filter,hidden_mechanism,3,0.562500,0.396314,0.219330,0.216014,0.079481,0.203347,0.073870,0.187965,0.146110,0.185007,0.152943,0.011520,0.049683,0.004812,0.002167,0.001617,0.000694,0.000879,0.000670,0.001921,0.001236,0.001522,0.001339,0.051499,384
conformal_risk_filter,hidden_mechanism,4,0.598958,0.397314,0.220366,0.216050,0.079564,0.203245,0.074121,0.187765,0.146632,0.186142,0.152919,0.046851,0.049085,0.004732,0.002155,0.001600,0.000734,0.000871,0.000684,0.001923,0.001227,0.001488,0.001335,0.050515,384
conformal_risk_filter,hidden_mechanism,5,0.557292,0.396895,0.219531,0.215503,0.079679,0.203396,0.073926,0.187838,0.146712,0.186041,0.153253,0.006109,0.049746,0.004895,0.002179,0.001640,0.000712,0.000892,0.000669,0.001933,0.001211,0.001498,0.001313,0.052330,384
conformal_risk_filter,hidden_mechanism,6,0.513021,0.397586,0.219462,0.216070,0.079728,0.203353,0.073753,0.187575,0.146523,0.185538,0.153281,-0.038076,0.050059,0.004764,0.002149,0.001633,0.000731,0.000876,0.000664,0.001908,0.001213,0.001489,0.001326,0.051863,384
conformal_risk_filter,hidden_mechanism,7,0.528646,0.397021,0.219790,0.215978,0.079219,0.203319,0.073750,0.187769,0.146239,0.185502,0.152812,-0.022183,0.049993,0.004808,0.002205,0.001608,0.000734,0.000880,0.000689,0.001927,0.001235,0.001537,0.001364,0.051557,384
conformal_risk_filter,hidden_mechanism,8,0.575521,0.397497,0.220089,0.215761,0.079354,0.203443,0.073833,0.187727,0.146632,0.186132,0.153234,0.024280,0.049501,0.004757,0.002171,0.001640,0.000720,0.000851,0.000689,0.001948,0.001252,0.001531,0.001383,0.051198,384
conformal_risk_filter,hidden_mechanism,9,0.549479,0.397091,0.220107,0.216563,0.079660,0.203415,0.073474,0.187820,0.146121,0.185143,0.152822,-0.002353,0.049830,0.004770,0.002161,0.001669,0.000703,0.000885,0.000677,0.001906,0.001257,0.001526,0.001374,0.051416,384
conformal_risk_filter,in_distribution,0,0.601562,0.410969,0.206708,0.202668,0.074478,0.199798,0.068129,0.173190,0.137972,0.173480,0.143398,0.095169,0.049032,0.004806,0.002214,0.001684,0.000712,0.000886,0.000660,0.001926,0.001260,0.001546,0.001389,0.050403,384
conformal_risk_filter,in_distribution,1,0.544271,0.410836,0.207155,0.202650,0.073950,0.199787,0.068272,0.173261,0.137915,0.173844,0.143623,0.037937,0.049879,0.004748,0.002203,0.001670,0.000701,0.000845,0.000701,0.001957,0.001217,0.001513,0.001335,0.051418,384
conformal_risk_filter,in_distribution,2,0.583333,0.409941,0.207192,0.202970,0.073966,0.199317,0.068528,0.173016,0.137934,0.174138,0.143743,0.076434,0.049375,0.004818,0.002190,0.001681,0.000716,0.000896,0.000658,0.001922,0.001244,0.001519,0.001366,0.050999,384
conformal_risk_filter,in_distribution,3,0.635417,0.410590,0.207109,0.202779,0.074167,0.199408,0.068223,0.173150,0.137626,0.173302,0.143206,0.129061,0.048204,0.004857,0.002208,0.001687,0.000746,0.000866,0.000678,0.001940,0.001241,0.001528,0.001349,0.049572,384
conformal_risk_filter,in_distribution,4,0.583333,0.409969,0.207807,0.203224,0.074325,0.199281,0.068603,0.173607,0.137853,0.173963,0.143197,0.075207,0.049375,0.004775,0.002161,0.001670,0.000721,0.000871,0.000696,0.001930,0.001209,0.001505,0.001353,0.051062,384
conformal_risk_filter,in_distribution,5,0.596354,0.410219,0.207074,0.202477,0.074043,0.199137,0.068306,0.173099,0.138112,0.173773,0.143708,0.090005,0.049137,0.004756,0.002124,0.001707,0.000719,0.000861,0.000681,0.001910,0.001233,0.001546,0.001343,0.050759,384
conformal_risk_filter,in_distribution,6,0.541667,0.410799,0.207260,0.202856,0.074122,0.199362,0.068201,0.173027,0.137748,0.173495,0.143523,0.035203,0.049901,0.004824,0.002174,0.001671,0.000744,0.000869,0.000671,0.001950,0.001233,0.001506,0.001364,0.051183,384
conformal_risk_filter,in_distribution,7,0.585938,0.410795,0.207289,0.202922,0.074336,0.199610,0.068193,0.172544,0.137816,0.173907,0.143455,0.079153,0.049330,0.004822,0.002174,0.001646,0.000713,0.000886,0.000700,0.001906,0.001239,0.001566,0.001381,0.051311,384
conformal_risk_filter,in_distribution,8,0.575521,0.410401,0.207098,0.203148,0.074642,0.199336,0.068298,0.172984,0.137922,0.173673,0.143533,0.068149,0.049501,0.004781,0.002180,0.001693,0.000731,0.000828,0.000682,0.001899,0.001246,0.001541,0.001365,0.050918,384
conformal_risk_filter,in_distribution,9,0.570312,0.410561,0.207495,0.202674,0.074293,0.199355,0.068148,0.172852,0.138107,0.173705,0.143624,0.063349,0.049578,0.004803,0.002176,0.001667,0.000734,0.000895,0.000695,0.001946,0.001229,0.001532,0.001357,0.051048,384
conformal_risk_filter,long_horizon,0,0.526042,0.400044,0.225187,0.229862,0.082590,0.202803,0.074550,0.192714,0.151749,0.190927,0.158305,-0.047887,0.050008,0.004722,0.002101,0.001692,0.000719,0.000867,0.000660,0.001895,0.001182,0.001462,0.001301,0.051233,384
conformal_risk_filter,long_horizon,1,0.510417,0.400586,0.225419,0.229760,0.082457,0.202507,0.074543,0.193153,0.151472,0.190398,0.158460,-0.063140,0.050065,0.004764,0.002137,0.001628,0.000703,0.000877,0.000688,0.001910,0.001215,0.001489,0.001313,0.051800,384
conformal_risk_filter,long_horizon,2,0.523438,0.400785,0.225426,0.229835,0.082468,0.202205,0.074738,0.192378,0.151788,0.190906,0.158217,-0.050190,0.050021,0.004755,0.002129,0.001658,0.000671,0.000817,0.000692,0.001913,0.001222,0.001495,0.001280,0.050821,384
conformal_risk_filter,long_horizon,3,0.552083,0.400327,0.225474,0.229842,0.082784,0.202865,0.074701,0.192690,0.151700,0.190907,0.158646,-0.022265,0.049803,0.004856,0.002103,0.001629,0.000715,0.000872,0.000696,0.001902,0.001214,0.001467,0.001367,0.051608,384
conformal_risk_filter,long_horizon,4,0.526042,0.399978,0.225544,0.229459,0.082852,0.202724,0.074729,0.192592,0.151360,0.190285,0.158084,-0.047999,0.050008,0.004846,0.002129,0.001619,0.000704,0.000856,0.000654,0.001874,0.001212,0.001519,0.001300,0.050770,384
conformal_risk_filter,long_horizon,5,0.585938,0.400037,0.225005,0.229968,0.082789,0.202841,0.074674,0.192309,0.151552,0.190712,0.158245,0.012010,0.049330,0.004736,0.002159,0.001616,0.000699,0.000871,0.000695,0.001899,0.001188,0.001468,0.001324,0.050713,384
conformal_risk_filter,long_horizon,6,0.604167,0.400009,0.225669,0.230061,0.082533,0.202727,0.074726,0.192932,0.151298,0.190286,0.157864,0.029860,0.048977,0.004769,0.002126,0.001706,0.000709,0.000845,0.000658,0.001896,0.001192,0.001476,0.001301,0.049993,384
conformal_risk_filter,long_horizon,7,0.523438,0.400117,0.225577,0.230293,0.082688,0.202673,0.074775,0.192506,0.151636,0.190665,0.158347,-0.051233,0.050021,0.004762,0.002095,0.001650,0.000695,0.000862,0.000682,0.001927,0.001141,0.001409,0.001279,0.051515,384
conformal_risk_filter,long_horizon,8,0.520833,0.400512,0.225459,0.230194,0.082622,0.202658,0.074714,0.192795,0.151476,0.190572,0.158102,-0.053366,0.050032,0.004738,0.002128,0.001672,0.000672,0.000898,0.000697,0.001908,0.001155,0.001476,0.001294,0.051656,384
conformal_risk_filter,long_horizon,9,0.513021,0.399485,0.225906,0.229675,0.082795,0.202774,0.074434,0.192554,0.151172,0.189959,0.157995,-0.061357,0.050059,0.004811,0.002096,0.001676,0.000701,0.000904,0.000645,0.001889,0.001175,0.001459,0.001303,0.052316,384
conformal_risk_filter,sparse_observation,0,0.510417,0.378383,0.231001,0.227626,0.084429,0.208449,0.081609,0.206614,0.155171,0.199742,0.163293,-0.086889,0.050065,0.004344,0.002014,0.001515,0.000651,0.000742,0.000557,0.001613,0.001028,0.001260,0.001142,0.050926,384
conformal_risk_filter,sparse_observation,1,0.489583,0.378556,0.230908,0.228096,0.084730,0.208704,0.081397,0.206650,0.155300,0.199978,0.163069,-0.108311,0.050065,0.004373,0.001951,0.001562,0.000646,0.000770,0.000548,0.001618,0.001087,0.001271,0.001185,0.051224,384
conformal_risk_filter,sparse_observation,2,0.536458,0.378196,0.230741,0.227867,0.084531,0.208649,0.081603,0.206450,0.155026,0.199398,0.163026,-0.060897,0.049942,0.004386,0.001975,0.001472,0.000670,0.000741,0.000556,0.001600,0.001100,0.001296,0.001211,0.051391,384
conformal_risk_filter,sparse_observation,3,0.473958,0.377409,0.231312,0.227634,0.084657,0.208563,0.081608,0.206724,0.154985,0.199969,0.162954,-0.124146,0.050008,0.004443,0.001964,0.001474,0.000627,0.000804,0.000519,0.001572,0.001118,0.001324,0.001189,0.051395,384
conformal_risk_filter,sparse_observation,4,0.500000,0.377643,0.231000,0.227682,0.084524,0.208326,0.081382,0.206763,0.155530,0.200274,0.163391,-0.097800,0.050076,0.004361,0.001965,0.001506,0.000645,0.000770,0.000533,0.001586,0.001065,0.001229,0.001169,0.051343,384
conformal_risk_filter,sparse_observation,5,0.492188,0.378534,0.230986,0.227317,0.084587,0.208452,0.081344,0.206210,0.155041,0.199673,0.162874,-0.104671,0.050070,0.004431,0.001999,0.001544,0.000670,0.000753,0.000530,0.001580,0.001090,0.001284,0.001186,0.050414,384
conformal_risk_filter,sparse_observation,6,0.489583,0.378077,0.231456,0.227607,0.084877,0.208411,0.081633,0.206551,0.155191,0.199898,0.162926,-0.108702,0.050065,0.004444,0.001985,0.001519,0.000642,0.000742,0.000536,0.001630,0.001068,0.001242,0.001179,0.051441,384
conformal_risk_filter,sparse_observation,7,0.502604,0.378397,0.230719,0.227681,0.084747,0.208261,0.081667,0.206884,0.155176,0.199910,0.162877,-0.094846,0.050075,0.004473,0.002036,0.001538,0.000635,0.000758,0.000531,0.001600,0.001071,0.001263,0.001167,0.051128,384
conformal_risk_filter,sparse_observation,8,0.562500,0.378358,0.231133,0.227972,0.084650,0.208351,0.081389,0.206780,0.155089,0.199727,0.162879,-0.035270,0.049683,0.004347,0.001985,0.001517,0.000637,0.000757,0.000523,0.001607,0.001110,0.001286,0.001211,0.051263,384
conformal_risk_filter,sparse_observation,9,0.515625,0.377644,0.230664,0.227507,0.084518,0.208973,0.081272,0.206481,0.154910,0.199292,0.162617,-0.081404,0.050051,0.004449,0.001986,0.001499,0.000642,0.000803,0.000504,0.001608,0.001080,0.001276,0.001176,0.051562,384
counterfactual_mechanism_audit_v5,combined_stress,0,0.815104,0.705862,0.104863,0.095150,0.053357,0.194932,0.045354,0.144681,0.051153,0.092106,0.044250,0.683737,0.038880,0.001982,0.001326,0.000945,0.000417,0.000562,0.000405,0.000919,0.000589,0.000735,0.000690,0.038843,384
counterfactual_mechanism_audit_v5,combined_stress,1,0.809896,0.706608,0.104565,0.095063,0.053252,0.194951,0.045437,0.144999,0.050580,0.091613,0.043594,0.679487,0.039298,0.001889,0.001327,0.000970,0.000415,0.000563,0.000400,0.000947,0.000599,0.000741,0.000701,0.039269,384
counterfactual_mechanism_audit_v5,combined_stress,2,0.789062,0.706242,0.104680,0.094924,0.053331,0.194578,0.045291,0.145218,0.050974,0.092101,0.043874,0.658343,0.040859,0.001971,0.001269,0.000948,0.000401,0.000545,0.000376,0.000941,0.000600,0.000765,0.000711,0.040888,384
counterfactual_mechanism_audit_v5,combined_stress,3,0.799479,0.705750,0.104724,0.095047,0.053246,0.194674,0.045345,0.144909,0.050711,0.091539,0.043773,0.668718,0.040100,0.001965,0.001332,0.000943,0.000406,0.000566,0.000362,0.000925,0.000608,0.000778,0.000708,0.040302,384
counterfactual_mechanism_audit_v5,combined_stress,4,0.796875,0.705620,0.104668,0.095106,0.052971,0.194532,0.045327,0.144806,0.050893,0.091994,0.043907,0.666321,0.040293,0.001963,0.001305,0.001018,0.000421,0.000581,0.000395,0.000933,0.000635,0.000824,0.000738,0.040685,384
counterfactual_mechanism_audit_v5,combined_stress,5,0.815104,0.705956,0.104380,0.094623,0.053322,0.194617,0.045633,0.145054,0.050668,0.091620,0.043563,0.684840,0.038880,0.001993,0.001270,0.000963,0.000424,0.000579,0.000402,0.000926,0.000623,0.000795,0.000702,0.039311,384
counterfactual_mechanism_audit_v5,combined_stress,6,0.822917,0.704243,0.104461,0.094713,0.053466,0.194723,0.045309,0.145236,0.051115,0.092181,0.043897,0.691595,0.038232,0.001983,0.001244,0.000970,0.000425,0.000577,0.000375,0.000937,0.000634,0.000777,0.000727,0.038470,384
counterfactual_mechanism_audit_v5,combined_stress,7,0.768229,0.706200,0.104895,0.094890,0.053177,0.194878,0.045643,0.144922,0.050679,0.091747,0.043636,0.637455,0.042260,0.001906,0.001284,0.000952,0.000421,0.000570,0.000367,0.000938,0.000601,0.000768,0.000693,0.042570,384
counterfactual_mechanism_audit_v5,combined_stress,8,0.796875,0.705131,0.105054,0.094810,0.053157,0.194650,0.045530,0.145088,0.050840,0.091940,0.043845,0.665667,0.040293,0.001929,0.001274,0.000957,0.000431,0.000535,0.000369,0.000955,0.000641,0.000798,0.000743,0.040631,384
counterfactual_mechanism_audit_v5,combined_stress,9,0.799479,0.705384,0.104892,0.095402,0.053215,0.194503,0.045291,0.144972,0.050654,0.091771,0.043715,0.668299,0.040100,0.001858,0.001319,0.000967,0.000419,0.000575,0.000377,0.000956,0.000634,0.000814,0.000747,0.040450,384
counterfactual_mechanism_audit_v5,hidden_mechanism,0,0.809896,0.725188,0.089647,0.075542,0.045356,0.190863,0.037542,0.125165,0.039690,0.074973,0.031524,0.739472,0.039298,0.002347,0.001582,0.001071,0.000600,0.000638,0.000517,0.001277,0.000787,0.001022,0.000913,0.039479,384
counterfactual_mechanism_audit_v5,hidden_mechanism,1,0.807292,0.724508,0.088960,0.075593,0.045445,0.190714,0.037170,0.125295,0.039852,0.075002,0.031410,0.737251,0.039502,0.002283,0.001640,0.001063,0.000584,0.000621,0.000516,0.001299,0.000815,0.001040,0.000924,0.039753,384
counterfactual_mechanism_audit_v5,hidden_mechanism,2,0.809896,0.724936,0.089255,0.075524,0.045139,0.190632,0.037223,0.125361,0.040027,0.075050,0.031777,0.739976,0.039298,0.002306,0.001625,0.001056,0.000578,0.000629,0.000524,0.001303,0.000833,0.001110,0.000933,0.039948,384
counterfactual_mechanism_audit_v5,hidden_mechanism,3,0.804688,0.723767,0.089262,0.075294,0.045353,0.190442,0.037502,0.125195,0.039618,0.075009,0.031430,0.734519,0.039704,0.002335,0.001607,0.001080,0.000567,0.000611,0.000527,0.001307,0.000826,0.001089,0.000910,0.040165,384
counterfactual_mechanism_audit_v5,hidden_mechanism,4,0.828125,0.724654,0.089042,0.075381,0.045350,0.190646,0.037499,0.125390,0.039615,0.075164,0.031318,0.758299,0.037784,0.002299,0.001568,0.001065,0.000587,0.000606,0.000507,0.001293,0.000832,0.001077,0.000929,0.038064,384
counterfactual_mechanism_audit_v5,hidden_mechanism,5,0.809896,0.723698,0.089379,0.075280,0.045161,0.190666,0.037273,0.125308,0.039636,0.074882,0.031037,0.739831,0.039298,0.002404,0.001611,0.001142,0.000578,0.000590,0.000501,0.001274,0.000826,0.001062,0.000898,0.039530,384
counterfactual_mechanism_audit_v5,hidden_mechanism,6,0.830729,0.724404,0.088820,0.075604,0.045047,0.190971,0.037492,0.125387,0.040174,0.075323,0.031936,0.760715,0.037556,0.002386,0.001670,0.001112,0.000576,0.000609,0.000500,0.001281,0.000842,0.001074,0.000979,0.037510,384
counterfactual_mechanism_audit_v5,hidden_mechanism,7,0.783854,0.723909,0.089008,0.075642,0.045436,0.190775,0.037350,0.125290,0.039530,0.075075,0.030939,0.713629,0.041224,0.002338,0.001605,0.001090,0.000574,0.000650,0.000512,0.001297,0.000820,0.001103,0.000938,0.041658,384
counterfactual_mechanism_audit_v5,hidden_mechanism,8,0.822917,0.725068,0.089697,0.074971,0.045094,0.191014,0.037231,0.125369,0.039727,0.075029,0.031185,0.753184,0.038232,0.002351,0.001606,0.001091,0.000566,0.000623,0.000547,0.001281,0.000803,0.001077,0.000924,0.038589,384
counterfactual_mechanism_audit_v5,hidden_mechanism,9,0.812500,0.724173,0.089721,0.075308,0.044998,0.190702,0.037518,0.125780,0.039763,0.074918,0.031549,0.742113,0.039090,0.002305,0.001611,0.001095,0.000576,0.000591,0.000525,0.001299,0.000809,0.001065,0.000934,0.039819,384
counterfactual_mechanism_audit_v5,in_distribution,0,0.830729,0.735448,0.080615,0.065445,0.040842,0.188361,0.033470,0.114995,0.033647,0.065896,0.024790,0.793570,0.037556,0.002345,0.001688,0.001134,0.000591,0.000585,0.000519,0.001301,0.000818,0.001067,0.000924,0.037758,384
counterfactual_mechanism_audit_v5,in_distribution,1,0.778646,0.735630,0.080128,0.065379,0.041062,0.188799,0.033433,0.114775,0.034123,0.066200,0.025336,0.741445,0.041579,0.002355,0.001624,0.001096,0.000587,0.000641,0.000531,0.001269,0.000839,0.001100,0.000965,0.041899,384
counterfactual_mechanism_audit_v5,in_distribution,2,0.833333,0.735441,0.080088,0.065755,0.040953,0.188060,0.033322,0.115133,0.034141,0.066408,0.025003,0.796125,0.037324,0.002353,0.001638,0.001117,0.000562,0.000596,0.000527,0.001288,0.000794,0.001037,0.000909,0.037854,384
counterfactual_mechanism_audit_v5,in_distribution,3,0.828125,0.735879,0.079984,0.066199,0.041042,0.188477,0.032993,0.115191,0.033887,0.065772,0.024656,0.790924,0.037784,0.002375,0.001626,0.001039,0.000563,0.000618,0.000529,0.001311,0.000823,0.001042,0.000915,0.038271,384
counterfactual_mechanism_audit_v5,in_distribution,4,0.833333,0.734961,0.080021,0.065766,0.040921,0.188667,0.033124,0.115138,0.034136,0.066507,0.025111,0.795975,0.037324,0.002320,0.001611,0.001083,0.000576,0.000575,0.000564,0.001312,0.000783,0.001042,0.000869,0.037925,384
counterfactual_mechanism_audit_v5,in_distribution,5,0.830729,0.736384,0.079852,0.065838,0.041024,0.188347,0.033291,0.114863,0.034390,0.066255,0.025220,0.793743,0.037556,0.002316,0.001621,0.001109,0.000600,0.000637,0.000512,0.001294,0.000808,0.001055,0.000904,0.037846,384
counterfactual_mechanism_audit_v5,in_distribution,6,0.828125,0.735227,0.079847,0.065937,0.041204,0.188069,0.033281,0.115268,0.034137,0.066477,0.025234,0.790654,0.037784,0.002349,0.001642,0.001087,0.000565,0.000606,0.000530,0.001264,0.000810,0.001043,0.000913,0.038593,384
counterfactual_mechanism_audit_v5,in_distribution,7,0.820312,0.736608,0.079744,0.065992,0.040819,0.188682,0.033363,0.115160,0.034321,0.066537,0.025481,0.783443,0.038451,0.002374,0.001614,0.001104,0.000546,0.000610,0.000527,0.001296,0.000798,0.001043,0.000915,0.038986,384
counterfactual_mechanism_audit_v5,in_distribution,8,0.809896,0.735599,0.080143,0.065964,0.041216,0.188615,0.033323,0.115116,0.034222,0.066476,0.025271,0.772035,0.039298,0.002324,0.001603,0.001109,0.000591,0.000629,0.000521,0.001300,0.000800,0.001047,0.000902,0.039403,384
counterfactual_mechanism_audit_v5,in_distribution,9,0.817708,0.736296,0.080046,0.066146,0.041001,0.188730,0.033242,0.115497,0.033757,0.065617,0.024759,0.780488,0.038667,0.002308,0.001655,0.001077,0.000577,0.000621,0.000524,0.001312,0.000788,0.001026,0.000922,0.038976,384
counterfactual_mechanism_audit_v5,long_horizon,0,0.799479,0.727680,0.093075,0.086788,0.047835,0.190214,0.037636,0.127828,0.043168,0.078163,0.034777,0.712760,0.040100,0.002353,0.001574,0.001071,0.000561,0.000614,0.000540,0.001279,0.000802,0.001070,0.000893,0.040438,384
counterfactual_mechanism_audit_v5,long_horizon,1,0.835938,0.727837,0.092542,0.087254,0.047552,0.190169,0.037599,0.127755,0.043144,0.078101,0.034806,0.749759,0.037089,0.002372,0.001567,0.001093,0.000569,0.000635,0.000524,0.001347,0.000808,0.001058,0.000889,0.037762,384
counterfactual_mechanism_audit_v5,long_horizon,2,0.809896,0.727329,0.092565,0.086733,0.047738,0.190538,0.037724,0.127807,0.043503,0.078300,0.035226,0.723316,0.039298,0.002402,0.001569,0.001070,0.000553,0.000608,0.000499,0.001297,0.000773,0.001026,0.000833,0.039856,384
counterfactual_mechanism_audit_v5,long_horizon,3,0.817708,0.728841,0.092840,0.086575,0.047682,0.190491,0.037699,0.128456,0.043039,0.077776,0.034470,0.731767,0.038667,0.002314,0.001557,0.001103,0.000544,0.000608,0.000501,0.001282,0.000774,0.001023,0.000874,0.038908,384
counterfactual_mechanism_audit_v5,long_horizon,4,0.859375,0.728548,0.092407,0.087026,0.047913,0.190260,0.037342,0.127747,0.042951,0.077921,0.034598,0.773597,0.034816,0.002397,0.001599,0.001078,0.000543,0.000614,0.000504,0.001301,0.000808,0.001027,0.000920,0.035348,384
counterfactual_mechanism_audit_v5,long_horizon,5,0.812500,0.727709,0.092880,0.086212,0.047681,0.190415,0.037808,0.127809,0.043578,0.078637,0.035141,0.726169,0.039090,0.002342,0.001566,0.001026,0.000548,0.000652,0.000517,0.001255,0.000769,0.001039,0.000871,0.039275,384
counterfactual_mechanism_audit_v5,long_horizon,6,0.812500,0.729240,0.092557,0.086549,0.047713,0.190094,0.037762,0.127901,0.043015,0.077897,0.034984,0.727153,0.039090,0.002453,0.001547,0.001078,0.000564,0.000605,0.000507,0.001249,0.000800,0.001042,0.000905,0.039151,384
counterfactual_mechanism_audit_v5,long_horizon,7,0.838542,0.727689,0.093007,0.086498,0.047817,0.190567,0.037744,0.127612,0.042710,0.077687,0.034423,0.752304,0.036851,0.002371,0.001580,0.001116,0.000547,0.000593,0.000516,0.001294,0.000771,0.001014,0.000869,0.037420,384
counterfactual_mechanism_audit_v5,long_horizon,8,0.817708,0.728045,0.092580,0.086385,0.047809,0.190529,0.037403,0.127580,0.043238,0.078163,0.034961,0.731945,0.038667,0.002331,0.001601,0.001081,0.000540,0.000595,0.000512,0.001231,0.000816,0.001066,0.000936,0.039221,384
counterfactual_mechanism_audit_v5,long_horizon,9,0.838542,0.727574,0.092951,0.086756,0.047648,0.190556,0.037520,0.127705,0.043201,0.077985,0.035134,0.752085,0.036851,0.002364,0.001549,0.001091,0.000529,0.000588,0.000499,0.001255,0.000812,0.001027,0.000900,0.037302,384
counterfactual_mechanism_audit_v5,sparse_observation,0,0.809896,0.706559,0.096621,0.082727,0.049205,0.194187,0.044044,0.139714,0.045381,0.085998,0.038188,0.706016,0.039298,0.002108,0.001477,0.001020,0.000532,0.000576,0.000399,0.001046,0.000716,0.000883,0.000813,0.039662,384
counterfactual_mechanism_audit_v5,sparse_observation,1,0.781250,0.706812,0.095995,0.083237,0.049193,0.194003,0.043726,0.139365,0.045107,0.085539,0.038061,0.678118,0.041402,0.002030,0.001465,0.001025,0.000530,0.000555,0.000410,0.001032,0.000731,0.000892,0.000861,0.041721,384
counterfactual_mechanism_audit_v5,sparse_observation,2,0.843750,0.706591,0.096464,0.082965,0.048981,0.194197,0.043781,0.139277,0.045578,0.085789,0.038124,0.740176,0.036364,0.002031,0.001516,0.001033,0.000533,0.000589,0.000406,0.001037,0.000746,0.000904,0.000862,0.036893,384
counterfactual_mechanism_audit_v5,sparse_observation,3,0.841146,0.706655,0.096339,0.082785,0.049255,0.193867,0.043655,0.139524,0.045699,0.086190,0.038064,0.737600,0.036609,0.001936,0.001493,0.001019,0.000493,0.000575,0.000432,0.001032,0.000758,0.000941,0.000870,0.037219,384
counterfactual_mechanism_audit_v5,sparse_observation,4,0.789062,0.706310,0.095900,0.082553,0.049002,0.194047,0.044058,0.139695,0.045180,0.085354,0.037948,0.686276,0.040859,0.001983,0.001477,0.001072,0.000547,0.000540,0.000408,0.001030,0.000738,0.000915,0.000826,0.040777,384
counterfactual_mechanism_audit_v5,sparse_observation,5,0.778646,0.707659,0.096243,0.082773,0.049182,0.193997,0.043950,0.139617,0.044830,0.085432,0.037496,0.675956,0.041579,0.001994,0.001480,0.000998,0.000497,0.000570,0.000400,0.000986,0.000757,0.000925,0.000838,0.041551,384
counterfactual_mechanism_audit_v5,sparse_observation,6,0.809896,0.706644,0.096415,0.082579,0.048982,0.194110,0.043963,0.139608,0.045557,0.085748,0.038179,0.706558,0.039298,0.001987,0.001468,0.000984,0.000509,0.000577,0.000419,0.001000,0.000732,0.000909,0.000819,0.039588,384
counterfactual_mechanism_audit_v5,sparse_observation,7,0.789062,0.706634,0.096230,0.082691,0.049125,0.194246,0.044111,0.139167,0.045109,0.085643,0.038233,0.685909,0.040859,0.001974,0.001482,0.001069,0.000510,0.000575,0.000400,0.001040,0.000726,0.000902,0.000834,0.040998,384
counterfactual_mechanism_audit_v5,sparse_observation,8,0.817708,0.707095,0.096355,0.082423,0.049129,0.194151,0.043898,0.139629,0.045186,0.085963,0.038127,0.714803,0.038667,0.002025,0.001442,0.001015,0.000511,0.000579,0.000417,0.001013,0.000737,0.000905,0.000845,0.038920,384
counterfactual_mechanism_audit_v5,sparse_observation,9,0.828125,0.706935,0.096153,0.082877,0.049065,0.193473,0.043877,0.139658,0.045309,0.085312,0.037915,0.725195,0.037784,0.001952,0.001479,0.001016,0.000534,0.000595,0.000377,0.001035,0.000747,0.000887,0.000850,0.038305,384
data_augmented_world_model,combined_stress,0,0.317708,0.229578,0.342743,0.320388,0.124201,0.106756,0.138857,0.073273,0.260212,0.285626,0.281926,-0.588073,0.046629,0.005099,0.002214,0.001781,0.000669,0.000555,0.000699,0.000645,0.001296,0.001513,0.001382,0.048606,384
data_augmented_world_model,combined_stress,1,0.348958,0.229522,0.343199,0.320256,0.124123,0.106600,0.138802,0.073331,0.260441,0.285882,0.281922,-0.557158,0.047736,0.005123,0.002151,0.001760,0.000688,0.000566,0.000720,0.000618,0.001292,0.001493,0.001426,0.048937,384
data_augmented_world_model,combined_stress,2,0.341146,0.229425,0.342890,0.319724,0.124001,0.106674,0.138883,0.073082,0.260325,0.285847,0.281943,-0.564117,0.047481,0.005036,0.002201,0.001735,0.000662,0.000540,0.000682,0.000613,0.001283,0.001536,0.001418,0.048662,384
data_augmented_world_model,combined_stress,3,0.338542,0.229678,0.342906,0.320210,0.123954,0.107061,0.138690,0.073591,0.260203,0.285866,0.281446,-0.567016,0.047393,0.005055,0.002196,0.001768,0.000668,0.000559,0.000710,0.000589,0.001298,0.001515,0.001430,0.048380,384
data_augmented_world_model,combined_stress,4,0.325521,0.229699,0.343120,0.320199,0.124358,0.106889,0.138727,0.073325,0.260041,0.285560,0.281294,-0.580454,0.046928,0.005005,0.002210,0.001745,0.000675,0.000550,0.000722,0.000638,0.001288,0.001510,0.001391,0.048263,384
data_augmented_world_model,combined_stress,5,0.322917,0.230996,0.343313,0.319810,0.124234,0.106909,0.138641,0.073299,0.260382,0.286012,0.281812,-0.582533,0.046830,0.005112,0.002180,0.001729,0.000648,0.000572,0.000722,0.000656,0.001294,0.001520,0.001406,0.047962,384
data_augmented_world_model,combined_stress,6,0.333333,0.229897,0.342867,0.320073,0.124166,0.106589,0.138601,0.073443,0.260170,0.285658,0.281848,-0.571989,0.047212,0.005089,0.002195,0.001771,0.000681,0.000519,0.000704,0.000591,0.001326,0.001551,0.001443,0.048239,384
data_augmented_world_model,combined_stress,7,0.312500,0.230432,0.342769,0.320272,0.123878,0.106788,0.138765,0.072796,0.260153,0.286051,0.281855,-0.592411,0.046421,0.005154,0.002260,0.001766,0.000673,0.000559,0.000725,0.000623,0.001279,0.001501,0.001415,0.048591,384
data_augmented_world_model,combined_stress,8,0.341146,0.230563,0.342910,0.319764,0.124078,0.106752,0.138688,0.073096,0.260254,0.285580,0.281422,-0.563736,0.047481,0.005171,0.002211,0.001769,0.000698,0.000563,0.000714,0.000614,0.001277,0.001487,0.001399,0.048934,384
data_augmented_world_model,combined_stress,9,0.315104,0.230825,0.342924,0.320254,0.124225,0.106922,0.138707,0.073675,0.260378,0.286042,0.282007,-0.590495,0.046526,0.005122,0.002169,0.001744,0.000660,0.000543,0.000687,0.000592,0.001285,0.001500,0.001422,0.048159,384
data_augmented_world_model,hidden_mechanism,0,0.408854,0.253208,0.313338,0.288476,0.111707,0.103085,0.124932,0.059766,0.237567,0.256268,0.256768,-0.398016,0.049237,0.005485,0.002692,0.002077,0.000899,0.000620,0.000973,0.000868,0.001695,0.002055,0.001869,0.051891,384
data_augmented_world_model,hidden_mechanism,1,0.432292,0.253078,0.313216,0.288178,0.111593,0.103318,0.124966,0.059615,0.237770,0.256017,0.256997,-0.374345,0.049614,0.005622,0.002713,0.002038,0.000912,0.000614,0.000926,0.000853,0.001670,0.002030,0.001821,0.051771,384
data_augmented_world_model,hidden_mechanism,2,0.432292,0.254138,0.313058,0.288248,0.111360,0.103000,0.124855,0.059758,0.237560,0.255950,0.257103,-0.373388,0.049614,0.005501,0.002706,0.002051,0.000924,0.000584,0.000965,0.000876,0.001668,0.002027,0.001811,0.051987,384
data_augmented_world_model,hidden_mechanism,3,0.432292,0.253593,0.313209,0.287813,0.111376,0.103066,0.124481,0.059632,0.237695,0.256384,0.256857,-0.373268,0.049614,0.005502,0.002669,0.002050,0.000911,0.000599,0.000917,0.000860,0.001711,0.002057,0.001879,0.051730,384
data_augmented_world_model,hidden_mechanism,4,0.416667,0.253989,0.313431,0.287914,0.111321,0.102640,0.124919,0.059679,0.238051,0.256676,0.257292,-0.389330,0.049375,0.005468,0.002733,0.002050,0.000903,0.000603,0.000950,0.000858,0.001702,0.002034,0.001853,0.051915,384
data_augmented_world_model,hidden_mechanism,5,0.429688,0.253658,0.313303,0.287843,0.111279,0.102953,0.124924,0.059444,0.237705,0.256382,0.256745,-0.376032,0.049578,0.005557,0.002731,0.002045,0.000881,0.000600,0.000952,0.000888,0.001671,0.002043,0.001845,0.051696,384
data_augmented_world_model,hidden_mechanism,6,0.440104,0.253759,0.313598,0.287882,0.111236,0.102797,0.124877,0.059622,0.237672,0.256290,0.256576,-0.365782,0.049715,0.005512,0.002758,0.002063,0.000904,0.000595,0.000963,0.000876,0.001658,0.002063,0.001824,0.052056,384
data_augmented_world_model,hidden_mechanism,7,0.447917,0.253765,0.313312,0.287875,0.111384,0.103032,0.124917,0.059483,0.238449,0.257037,0.257728,-0.358414,0.049803,0.005467,0.002693,0.002069,0.000910,0.000597,0.000946,0.000873,0.001685,0.002029,0.001828,0.051569,384
data_augmented_world_model,hidden_mechanism,8,0.476562,0.253990,0.313054,0.287322,0.111607,0.103173,0.125221,0.059477,0.237599,0.255951,0.257054,-0.328919,0.050021,0.005450,0.002722,0.002065,0.000882,0.000619,0.000972,0.000870,0.001704,0.002045,0.001877,0.051372,384
data_augmented_world_model,hidden_mechanism,9,0.408854,0.252528,0.313660,0.287558,0.111533,0.102704,0.125215,0.059655,0.237881,0.256469,0.257050,-0.397860,0.049237,0.005484,0.002714,0.002074,0.000885,0.000581,0.000911,0.000844,0.001668,0.001987,0.001840,0.051216,384
data_augmented_world_model,in_distribution,0,0.450521,0.268466,0.296498,0.271353,0.104863,0.101072,0.117691,0.052129,0.226212,0.240599,0.244303,-0.301816,0.049830,0.005612,0.002755,0.002067,0.000901,0.000604,0.000949,0.000899,0.001658,0.002010,0.001827,0.052813,384
data_augmented_world_model,in_distribution,1,0.471354,0.268246,0.296540,0.272269,0.104873,0.100555,0.117482,0.052019,0.225836,0.240400,0.243949,-0.281292,0.049993,0.005556,0.002724,0.002085,0.000934,0.000582,0.000925,0.000903,0.001735,0.002080,0.001891,0.052813,384
data_augmented_world_model,in_distribution,2,0.510417,0.267793,0.297064,0.271699,0.104874,0.100674,0.117673,0.052446,0.226354,0.241091,0.244229,-0.242977,0.050065,0.005502,0.002721,0.002062,0.000920,0.000572,0.000961,0.000862,0.001704,0.002073,0.001858,0.052463,384
data_augmented_world_model,in_distribution,3,0.500000,0.267259,0.297112,0.272191,0.105142,0.100625,0.117404,0.052165,0.225918,0.240530,0.243797,-0.253789,0.050076,0.005552,0.002735,0.002115,0.000897,0.000614,0.000955,0.000872,0.001703,0.002037,0.001872,0.052044,384
data_augmented_world_model,in_distribution,4,0.497396,0.267815,0.296569,0.271725,0.105010,0.100900,0.117425,0.052188,0.226045,0.240564,0.243899,-0.255382,0.050075,0.005520,0.002773,0.002077,0.000918,0.000613,0.000943,0.000871,0.001671,0.002036,0.001829,0.052877,384
data_augmented_world_model,in_distribution,5,0.466146,0.268222,0.296452,0.271866,0.105371,0.100938,0.117638,0.052081,0.226352,0.241435,0.244740,-0.287177,0.049961,0.005579,0.002717,0.002082,0.000907,0.000604,0.000957,0.000878,0.001708,0.002075,0.001870,0.051887,384
data_augmented_world_model,in_distribution,6,0.486979,0.266972,0.296669,0.271686,0.105090,0.100819,0.117597,0.051710,0.226220,0.240996,0.244354,-0.266316,0.050059,0.005560,0.002745,0.002071,0.000918,0.000585,0.000960,0.000879,0.001675,0.002013,0.001820,0.052580,384
data_augmented_world_model,in_distribution,7,0.434896,0.267907,0.296985,0.271176,0.105013,0.100844,0.117585,0.052069,0.226225,0.240916,0.244015,-0.317969,0.049649,0.005526,0.002774,0.002113,0.000938,0.000613,0.000960,0.000865,0.001753,0.002124,0.001916,0.051772,384
data_augmented_world_model,in_distribution,8,0.442708,0.267930,0.296554,0.271899,0.104838,0.100762,0.117615,0.051950,0.226182,0.240704,0.244046,-0.310073,0.049746,0.005458,0.002726,0.002085,0.000904,0.000663,0.000944,0.000878,0.001718,0.002067,0.001868,0.051488,384
data_augmented_world_model,in_distribution,9,0.473958,0.267791,0.296794,0.271727,0.105122,0.100802,0.117476,0.051989,0.225841,0.240498,0.243840,-0.278981,0.050008,0.005628,0.002748,0.002028,0.000914,0.000626,0.000940,0.000855,0.001693,0.002049,0.001889,0.052180,384
data_augmented_world_model,long_horizon,0,0.406250,0.256803,0.320957,0.302363,0.115330,0.102682,0.126687,0.059828,0.244554,0.263010,0.263918,-0.426352,0.049188,0.005559,0.002674,0.002048,0.000867,0.000620,0.000949,0.000883,0.001623,0.001970,0.001774,0.050896,384
data_augmented_world_model,long_horizon,1,0.395833,0.255742,0.320792,0.303173,0.115472,0.102814,0.127020,0.060189,0.244475,0.263083,0.264055,-0.438000,0.048977,0.005478,0.002667,0.002020,0.000898,0.000627,0.000935,0.000857,0.001647,0.002006,0.001798,0.051319,384
data_augmented_world_model,long_horizon,2,0.427083,0.255422,0.320744,0.303616,0.115407,0.102697,0.126929,0.059778,0.244508,0.262534,0.264082,-0.406947,0.049540,0.005592,0.002636,0.001992,0.000871,0.000616,0.000938,0.000854,0.001640,0.002008,0.001789,0.052018,384
data_augmented_world_model,long_horizon,3,0.401042,0.256208,0.320868,0.303160,0.115170,0.102753,0.126760,0.060422,0.244421,0.262855,0.263988,-0.432229,0.049085,0.005497,0.002636,0.002030,0.000879,0.000612,0.000926,0.000869,0.001644,0.001994,0.001794,0.050899,384
data_augmented_world_model,long_horizon,4,0.460938,0.255546,0.320708,0.303223,0.115205,0.102705,0.127010,0.060398,0.244499,0.263252,0.264240,-0.372663,0.049923,0.005599,0.002638,0.002073,0.000854,0.000611,0.000924,0.000871,0.001634,0.001993,0.001821,0.051569,384
data_augmented_world_model,long_horizon,5,0.440104,0.256128,0.320665,0.302914,0.115374,0.102696,0.126905,0.060191,0.244292,0.262791,0.263982,-0.392963,0.049715,0.005486,0.002654,0.002010,0.000856,0.000605,0.000933,0.000869,0.001638,0.002000,0.001782,0.051226,384
data_augmented_world_model,long_horizon,6,0.416667,0.256660,0.320679,0.303011,0.115445,0.102465,0.126787,0.060350,0.244531,0.263094,0.263974,-0.416433,0.049375,0.005542,0.002647,0.002069,0.000873,0.000633,0.000957,0.000847,0.001593,0.001966,0.001761,0.051775,384
data_augmented_world_model,long_horizon,7,0.445312,0.256325,0.321232,0.303062,0.115318,0.102515,0.126982,0.060157,0.244246,0.262518,0.263645,-0.388217,0.049775,0.005481,0.002661,0.002044,0.000888,0.000630,0.000958,0.000852,0.001675,0.002030,0.001819,0.052484,384
data_augmented_world_model,long_horizon,8,0.377604,0.255928,0.320915,0.302909,0.115419,0.102489,0.126602,0.060380,0.244392,0.262762,0.263768,-0.455681,0.048552,0.005492,0.002666,0.002040,0.000867,0.000647,0.000919,0.000881,0.001664,0.002014,0.001834,0.051057,384
data_augmented_world_model,long_horizon,9,0.408854,0.255910,0.320329,0.302892,0.115252,0.102555,0.126882,0.060048,0.244550,0.262977,0.264368,-0.423914,0.049237,0.005536,0.002633,0.002080,0.000887,0.000616,0.000951,0.000836,0.001624,0.001967,0.001771,0.051751,384
data_augmented_world_model,sparse_observation,0,0.372396,0.234245,0.328766,0.302515,0.117992,0.106032,0.134324,0.070470,0.249668,0.273898,0.270501,-0.488505,0.048417,0.005104,0.002483,0.001919,0.000795,0.000559,0.000754,0.000658,0.001496,0.001734,0.001626,0.049526,384
data_augmented_world_model,sparse_observation,1,0.341146,0.233537,0.327939,0.302239,0.117861,0.106380,0.134677,0.070577,0.249536,0.273699,0.269986,-0.519114,0.047481,0.005137,0.002506,0.001902,0.000781,0.000575,0.000775,0.000633,0.001490,0.001742,0.001632,0.049066,384
data_augmented_world_model,sparse_observation,2,0.406250,0.234138,0.328066,0.302066,0.117991,0.106229,0.134628,0.070233,0.249538,0.273829,0.270113,-0.453786,0.049188,0.005248,0.002526,0.001923,0.000843,0.000559,0.000742,0.000667,0.001515,0.001736,0.001627,0.051279,384
data_augmented_world_model,sparse_observation,3,0.388021,0.234778,0.327617,0.302596,0.117927,0.106210,0.134618,0.070794,0.249912,0.274427,0.270438,-0.472069,0.048804,0.005240,0.002464,0.001952,0.000821,0.000562,0.000756,0.000653,0.001473,0.001695,0.001606,0.050800,384
data_augmented_world_model,sparse_observation,4,0.346354,0.233594,0.328282,0.302149,0.117841,0.105972,0.134830,0.070341,0.249473,0.273771,0.270311,-0.513983,0.047653,0.005214,0.002535,0.001885,0.000809,0.000570,0.000769,0.000627,0.001523,0.001739,0.001657,0.049684,384
data_augmented_world_model,sparse_observation,5,0.372396,0.233425,0.327847,0.301692,0.118171,0.106396,0.134680,0.070331,0.249718,0.274121,0.270586,-0.487789,0.048417,0.005224,0.002442,0.001910,0.000809,0.000558,0.000761,0.000640,0.001521,0.001772,0.001636,0.050049,384
data_augmented_world_model,sparse_observation,6,0.356771,0.234614,0.327903,0.302244,0.117992,0.105900,0.134341,0.070273,0.249679,0.274134,0.270327,-0.502936,0.047977,0.005250,0.002483,0.001937,0.000799,0.000582,0.000774,0.000638,0.001519,0.001722,0.001653,0.049857,384
data_augmented_world_model,sparse_observation,7,0.351562,0.234323,0.327931,0.302164,0.117871,0.106389,0.134781,0.070409,0.249670,0.273984,0.270490,-0.508486,0.047818,0.005184,0.002480,0.001906,0.000805,0.000575,0.000758,0.000669,0.001503,0.001713,0.001650,0.049173,384
data_augmented_world_model,sparse_observation,8,0.369792,0.234824,0.327909,0.302355,0.117704,0.106306,0.134458,0.070513,0.249746,0.274056,0.270512,-0.489910,0.048348,0.005235,0.002489,0.001885,0.000820,0.000572,0.000749,0.000661,0.001516,0.001768,0.001657,0.049620,384
data_augmented_world_model,sparse_observation,9,0.388021,0.234438,0.328095,0.301993,0.117822,0.106194,0.134797,0.070564,0.249782,0.274191,0.270518,-0.472008,0.048804,0.005145,0.002455,0.001873,0.000806,0.000548,0.000746,0.000698,0.001459,0.001700,0.001585,0.051596,384
ensemble_disagreement_planner,combined_stress,0,0.463542,0.358609,0.270650,0.258560,0.100985,0.186355,0.102883,0.138156,0.200968,0.230636,0.214914,-0.238955,0.049942,0.004436,0.001890,0.001530,0.000583,0.000670,0.000578,0.001000,0.001087,0.001287,0.001205,0.051043,384
ensemble_disagreement_planner,combined_stress,1,0.500000,0.359047,0.270037,0.258634,0.100846,0.186416,0.103112,0.138212,0.201090,0.230761,0.215057,-0.201926,0.050076,0.004398,0.001876,0.001580,0.000570,0.000662,0.000585,0.001044,0.001085,0.001303,0.001204,0.051564,384
ensemble_disagreement_planner,combined_stress,2,0.484375,0.359035,0.270059,0.258723,0.101103,0.186546,0.102728,0.138246,0.200958,0.230407,0.215091,-0.217668,0.050051,0.004435,0.001926,0.001578,0.000582,0.000687,0.000574,0.001031,0.001077,0.001271,0.001181,0.050683,384
ensemble_disagreement_planner,combined_stress,3,0.442708,0.358693,0.270115,0.258786,0.100752,0.186721,0.102725,0.138453,0.200930,0.230583,0.214900,-0.259258,0.049746,0.004313,0.001940,0.001533,0.000586,0.000654,0.000603,0.000970,0.001088,0.001297,0.001186,0.050756,384
ensemble_disagreement_planner,combined_stress,4,0.489583,0.358597,0.270168,0.258724,0.101008,0.186268,0.103002,0.138271,0.200722,0.230086,0.214903,-0.212529,0.050065,0.004428,0.001910,0.001558,0.000599,0.000662,0.000578,0.000993,0.001061,0.001268,0.001172,0.050825,384
ensemble_disagreement_planner,combined_stress,5,0.458333,0.358590,0.270279,0.259130,0.101274,0.186320,0.103024,0.138414,0.201298,0.231212,0.215490,-0.244905,0.049901,0.004335,0.001950,0.001489,0.000589,0.000673,0.000572,0.001010,0.001074,0.001250,0.001164,0.050888,384
ensemble_disagreement_planner,combined_stress,6,0.466146,0.359051,0.270468,0.258528,0.101048,0.186663,0.102810,0.138183,0.200845,0.230424,0.214670,-0.236054,0.049961,0.004359,0.001842,0.001554,0.000582,0.000709,0.000551,0.001030,0.001119,0.001303,0.001235,0.051480,384
ensemble_disagreement_planner,combined_stress,7,0.455729,0.358686,0.270132,0.258595,0.101037,0.186492,0.102930,0.138150,0.201026,0.230821,0.215149,-0.246449,0.049879,0.004466,0.001906,0.001485,0.000593,0.000654,0.000595,0.000980,0.001118,0.001331,0.001208,0.050730,384
ensemble_disagreement_planner,combined_stress,8,0.479167,0.359681,0.270379,0.259046,0.101049,0.186372,0.102923,0.138324,0.201089,0.230588,0.215009,-0.223300,0.050032,0.004261,0.001905,0.001575,0.000572,0.000684,0.000547,0.001037,0.001076,0.001293,0.001173,0.051304,384
ensemble_disagreement_planner,combined_stress,9,0.453125,0.358884,0.270324,0.258630,0.101018,0.186569,0.103040,0.138746,0.200993,0.230866,0.215127,-0.249350,0.049855,0.004391,0.001882,0.001535,0.000585,0.000651,0.000585,0.000971,0.001060,0.001249,0.001181,0.050494,384
ensemble_disagreement_planner,hidden_mechanism,0,0.554688,0.381476,0.244946,0.229392,0.089694,0.181040,0.091034,0.118057,0.182014,0.204927,0.194266,-0.057636,0.049775,0.004787,0.002346,0.001781,0.000814,0.000756,0.000757,0.001345,0.001416,0.001727,0.001566,0.051898,384
ensemble_disagreement_planner,hidden_mechanism,1,0.513021,0.381761,0.245110,0.230211,0.089730,0.181356,0.091485,0.118029,0.182289,0.205378,0.194367,-0.100543,0.050059,0.004877,0.002344,0.001744,0.000780,0.000789,0.000763,0.001371,0.001420,0.001730,0.001585,0.051385,384
ensemble_disagreement_planner,hidden_mechanism,2,0.575521,0.381252,0.245433,0.229180,0.089784,0.181366,0.091287,0.117531,0.181871,0.204901,0.193823,-0.037295,0.049501,0.004855,0.002292,0.001833,0.000796,0.000734,0.000774,0.001359,0.001423,0.001728,0.001541,0.050721,384
ensemble_disagreement_planner,hidden_mechanism,3,0.479167,0.381395,0.244955,0.229392,0.089766,0.180930,0.090811,0.118043,0.182389,0.205444,0.194482,-0.133352,0.050032,0.004731,0.002297,0.001845,0.000788,0.000764,0.000790,0.001344,0.001392,0.001706,0.001565,0.052269,384
ensemble_disagreement_planner,hidden_mechanism,4,0.486979,0.381830,0.245185,0.229649,0.089845,0.181163,0.091144,0.117635,0.181870,0.205002,0.193865,-0.125723,0.050059,0.004802,0.002318,0.001798,0.000819,0.000760,0.000771,0.001353,0.001400,0.001708,0.001528,0.052136,384
ensemble_disagreement_planner,hidden_mechanism,5,0.549479,0.381136,0.244959,0.229720,0.089710,0.180864,0.090979,0.118192,0.181874,0.204875,0.193962,-0.063099,0.049830,0.004824,0.002314,0.001791,0.000755,0.000737,0.000772,0.001353,0.001416,0.001743,0.001577,0.051400,384
ensemble_disagreement_planner,hidden_mechanism,6,0.539062,0.381554,0.245486,0.229672,0.089814,0.181168,0.091053,0.117755,0.182110,0.205043,0.194162,-0.074126,0.049923,0.004843,0.002358,0.001795,0.000791,0.000794,0.000751,0.001367,0.001378,0.001666,0.001520,0.051957,384
ensemble_disagreement_planner,hidden_mechanism,7,0.580729,0.381766,0.245061,0.229657,0.089496,0.181231,0.091421,0.118241,0.181846,0.204929,0.193893,-0.031797,0.049419,0.004829,0.002351,0.001810,0.000793,0.000751,0.000769,0.001366,0.001403,0.001716,0.001562,0.050939,384
ensemble_disagreement_planner,hidden_mechanism,8,0.552083,0.381740,0.245001,0.230105,0.089816,0.180998,0.091258,0.117766,0.181939,0.205362,0.194029,-0.060887,0.049803,0.004813,0.002336,0.001814,0.000810,0.000766,0.000768,0.001371,0.001398,0.001706,0.001546,0.051315,384
ensemble_disagreement_planner,hidden_mechanism,9,0.533854,0.380846,0.245085,0.229472,0.089948,0.180800,0.091209,0.117877,0.182028,0.205279,0.194229,-0.079136,0.049961,0.004769,0.002323,0.001774,0.000813,0.000758,0.000779,0.001339,0.001394,0.001697,0.001528,0.051109,384
ensemble_disagreement_planner,in_distribution,0,0.565104,0.395307,0.230656,0.215009,0.084377,0.177973,0.084878,0.107064,0.172259,0.191336,0.183203,0.000118,0.049649,0.004787,0.002380,0.001793,0.000800,0.000818,0.000776,0.001325,0.001440,0.001759,0.001573,0.050931,384
ensemble_disagreement_planner,in_distribution,1,0.580729,0.395877,0.230876,0.215256,0.084375,0.177823,0.085042,0.106904,0.171850,0.191300,0.182820,0.015793,0.049419,0.004854,0.002360,0.001799,0.000815,0.000789,0.000794,0.001369,0.001419,0.001739,0.001546,0.051530,384
ensemble_disagreement_planner,in_distribution,2,0.552083,0.395939,0.230782,0.215257,0.084168,0.178055,0.084760,0.107147,0.171956,0.191496,0.182808,-0.012561,0.049803,0.004881,0.002378,0.001834,0.000792,0.000754,0.000783,0.001332,0.001435,0.001744,0.001570,0.050613,384
ensemble_disagreement_planner,in_distribution,3,0.575521,0.395951,0.231003,0.215170,0.084105,0.178002,0.085202,0.106960,0.172088,0.191799,0.183410,0.010541,0.049501,0.004749,0.002390,0.001778,0.000798,0.000772,0.000776,0.001355,0.001378,0.001720,0.001535,0.051265,384
ensemble_disagreement_planner,in_distribution,4,0.557292,0.394803,0.231434,0.214984,0.083852,0.177842,0.085276,0.106651,0.171801,0.191424,0.182841,-0.007812,0.049746,0.004888,0.002356,0.001786,0.000801,0.000775,0.000797,0.001353,0.001405,0.001696,0.001554,0.051486,384
ensemble_disagreement_planner,in_distribution,5,0.593750,0.396063,0.231273,0.214985,0.084058,0.177814,0.085175,0.106940,0.172098,0.191594,0.183099,0.028822,0.049188,0.004849,0.002374,0.001817,0.000817,0.000767,0.000762,0.001389,0.001425,0.001737,0.001576,0.051239,384
ensemble_disagreement_planner,in_distribution,6,0.583333,0.395398,0.230624,0.214981,0.084103,0.177905,0.084882,0.107039,0.171994,0.191286,0.183000,0.018910,0.049375,0.004866,0.002366,0.001791,0.000819,0.000788,0.000791,0.001378,0.001446,0.001767,0.001593,0.051102,384
ensemble_disagreement_planner,in_distribution,7,0.606771,0.395986,0.231037,0.216045,0.084238,0.178254,0.085002,0.107130,0.171931,0.191512,0.182958,0.041049,0.048921,0.004875,0.002378,0.001820,0.000801,0.000733,0.000772,0.001343,0.001422,0.001752,0.001550,0.050205,384
ensemble_disagreement_planner,in_distribution,8,0.549479,0.395149,0.231460,0.215674,0.084231,0.178063,0.085223,0.107054,0.171725,0.191374,0.182775,-0.016536,0.049830,0.004836,0.002319,0.001798,0.000776,0.000813,0.000772,0.001372,0.001433,0.001746,0.001552,0.051231,384
ensemble_disagreement_planner,in_distribution,9,0.549479,0.395943,0.230923,0.215048,0.084231,0.177725,0.084995,0.106938,0.171998,0.191323,0.182929,-0.015211,0.049830,0.004910,0.002443,0.001816,0.000804,0.000768,0.000769,0.001357,0.001436,0.001755,0.001572,0.051033,384
ensemble_disagreement_planner,long_horizon,0,0.510417,0.384618,0.251831,0.244154,0.093338,0.180496,0.092530,0.120490,0.187541,0.210682,0.199513,-0.127182,0.050065,0.004861,0.002313,0.001785,0.000767,0.000779,0.000753,0.001350,0.001372,0.001711,0.001500,0.051464,384
ensemble_disagreement_planner,long_horizon,1,0.510417,0.384555,0.251110,0.244237,0.093472,0.180528,0.092411,0.120536,0.187769,0.210734,0.200192,-0.126847,0.050065,0.004887,0.002296,0.001801,0.000775,0.000753,0.000754,0.001361,0.001375,0.001674,0.001496,0.051580,384
ensemble_disagreement_planner,long_horizon,2,0.528646,0.384654,0.251749,0.243835,0.093449,0.180501,0.092072,0.120890,0.187966,0.211299,0.200194,-0.108839,0.049993,0.004825,0.002289,0.001807,0.000755,0.000755,0.000782,0.001358,0.001368,0.001685,0.001510,0.051525,384
ensemble_disagreement_planner,long_horizon,3,0.539062,0.384350,0.251554,0.243629,0.093124,0.180462,0.092642,0.120620,0.187756,0.210514,0.200259,-0.097952,0.049923,0.004766,0.002307,0.001828,0.000756,0.000756,0.000742,0.001363,0.001358,0.001695,0.001492,0.051222,384
ensemble_disagreement_planner,long_horizon,4,0.539062,0.383309,0.251224,0.244372,0.093340,0.180764,0.092414,0.120419,0.187546,0.210312,0.199860,-0.098602,0.049923,0.004782,0.002351,0.001808,0.000767,0.000752,0.000763,0.001338,0.001373,0.001696,0.001517,0.051624,384
ensemble_disagreement_planner,long_horizon,5,0.567708,0.384288,0.251671,0.244002,0.093287,0.180725,0.092586,0.120445,0.187738,0.210682,0.199983,-0.069900,0.049614,0.004790,0.002310,0.001794,0.000755,0.000777,0.000759,0.001317,0.001390,0.001698,0.001512,0.050792,384
ensemble_disagreement_planner,long_horizon,6,0.562500,0.383418,0.251351,0.243517,0.093418,0.180726,0.092554,0.120489,0.187825,0.210954,0.200154,-0.074917,0.049683,0.004876,0.002305,0.001775,0.000745,0.000750,0.000751,0.001360,0.001386,0.001700,0.001508,0.050725,384
ensemble_disagreement_planner,long_horizon,7,0.513021,0.384910,0.251193,0.244222,0.093194,0.180616,0.092503,0.120196,0.187896,0.210900,0.200198,-0.123984,0.050059,0.004868,0.002311,0.001757,0.000758,0.000772,0.000769,0.001348,0.001364,0.001678,0.001519,0.051283,384
ensemble_disagreement_planner,long_horizon,8,0.533854,0.383395,0.251574,0.243954,0.093320,0.180296,0.092254,0.120387,0.187809,0.210751,0.199865,-0.103691,0.049961,0.004865,0.002326,0.001757,0.000758,0.000775,0.000767,0.001360,0.001388,0.001695,0.001533,0.052001,384
ensemble_disagreement_planner,long_horizon,9,0.500000,0.384529,0.251692,0.243615,0.093296,0.180675,0.092321,0.120649,0.187744,0.210344,0.200030,-0.137140,0.050076,0.004875,0.002334,0.001848,0.000733,0.000805,0.000769,0.001343,0.001388,0.001707,0.001528,0.051638,384
ensemble_disagreement_planner,sparse_observation,0,0.505208,0.362798,0.256925,0.242110,0.095308,0.185539,0.099927,0.132134,0.191957,0.220580,0.205460,-0.155632,0.050073,0.004524,0.002160,0.001627,0.000690,0.000692,0.000610,0.001056,0.001243,0.001471,0.001320,0.051506,384
ensemble_disagreement_planner,sparse_observation,1,0.471354,0.362630,0.257388,0.242386,0.095572,0.185371,0.099799,0.132065,0.192311,0.221422,0.205631,-0.190555,0.049993,0.004433,0.002115,0.001626,0.000695,0.000691,0.000594,0.001084,0.001272,0.001449,0.001376,0.051367,384
ensemble_disagreement_planner,sparse_observation,2,0.497396,0.363067,0.257830,0.242439,0.095598,0.185802,0.099743,0.132637,0.192395,0.221144,0.205706,-0.165107,0.050075,0.004476,0.002180,0.001688,0.000698,0.000660,0.000610,0.001090,0.001269,0.001472,0.001369,0.051266,384
ensemble_disagreement_planner,sparse_observation,3,0.513021,0.362543,0.257360,0.242178,0.095634,0.185598,0.099665,0.132463,0.191915,0.220557,0.205130,-0.148617,0.050059,0.004566,0.002158,0.001671,0.000725,0.000688,0.000607,0.001083,0.001233,0.001431,0.001346,0.051460,384
ensemble_disagreement_planner,sparse_observation,4,0.546875,0.363026,0.257517,0.242373,0.095409,0.185589,0.099728,0.132137,0.191851,0.220550,0.205334,-0.114584,0.049855,0.004530,0.002208,0.001709,0.000719,0.000703,0.000595,0.001056,0.001291,0.001513,0.001411,0.051576,384
ensemble_disagreement_planner,sparse_observation,5,0.468750,0.362025,0.257488,0.242390,0.095517,0.185517,0.100015,0.132566,0.191613,0.220278,0.205255,-0.193216,0.049978,0.004489,0.002180,0.001628,0.000732,0.000705,0.000615,0.001089,0.001294,0.001488,0.001362,0.051298,384
ensemble_disagreement_planner,sparse_observation,6,0.500000,0.362507,0.257729,0.242234,0.095276,0.185414,0.099538,0.132727,0.191894,0.220641,0.205428,-0.161573,0.050076,0.004517,0.002147,0.001715,0.000713,0.000693,0.000650,0.001060,0.001268,0.001481,0.001362,0.051487,384
ensemble_disagreement_planner,sparse_observation,7,0.489583,0.362193,0.257061,0.242184,0.095558,0.185403,0.099726,0.132372,0.191951,0.220587,0.205316,-0.171803,0.050065,0.004429,0.002122,0.001655,0.000705,0.000683,0.000605,0.001069,0.001299,0.001502,0.001405,0.051309,384
ensemble_disagreement_planner,sparse_observation,8,0.513021,0.362040,0.257893,0.241983,0.095512,0.185760,0.099998,0.132387,0.192045,0.220756,0.205800,-0.149294,0.050059,0.004490,0.002105,0.001683,0.000720,0.000697,0.000607,0.001074,0.001265,0.001461,0.001369,0.051492,384
ensemble_disagreement_planner,sparse_observation,9,0.497396,0.362197,0.257991,0.241845,0.095244,0.185407,0.099879,0.132763,0.192099,0.220735,0.205603,-0.164507,0.050075,0.004460,0.002146,0.001651,0.000713,0.000682,0.000625,0.001135,0.001260,0.001472,0.001365,0.051486,384
failure_classifier_repair,combined_stress,0,0.583333,0.444860,0.229647,0.228869,0.088884,0.232924,0.087096,0.131344,0.181070,0.207029,0.192023,-0.007598,0.049375,0.003849,0.001776,0.001451,0.000532,0.000744,0.000487,0.000952,0.001010,0.001225,0.001123,0.050101,384
failure_classifier_repair,combined_stress,1,0.549479,0.445389,0.229909,0.228994,0.088791,0.233520,0.086924,0.131173,0.180718,0.206814,0.191445,-0.041340,0.049830,0.003881,0.001806,0.001409,0.000542,0.000729,0.000504,0.000945,0.001012,0.001190,0.001138,0.049915,384
failure_classifier_repair,combined_stress,2,0.533854,0.445700,0.230495,0.229688,0.089034,0.233388,0.086916,0.131424,0.181158,0.207210,0.192199,-0.058483,0.049961,0.003824,0.001764,0.001463,0.000536,0.000736,0.000481,0.000928,0.001002,0.001168,0.001078,0.050827,384
failure_classifier_repair,combined_stress,3,0.528646,0.444205,0.230130,0.229072,0.089132,0.233114,0.086854,0.130857,0.181154,0.207176,0.191787,-0.063254,0.049993,0.003901,0.001752,0.001404,0.000546,0.000706,0.000483,0.000964,0.000995,0.001168,0.001089,0.051131,384
failure_classifier_repair,combined_stress,4,0.533854,0.445756,0.229732,0.229367,0.089094,0.233077,0.086744,0.131140,0.180848,0.206965,0.191261,-0.057132,0.049961,0.003878,0.001791,0.001414,0.000522,0.000781,0.000482,0.000944,0.001007,0.001188,0.001122,0.050452,384
failure_classifier_repair,combined_stress,5,0.557292,0.445699,0.229831,0.229417,0.088932,0.233157,0.086794,0.131429,0.181201,0.207326,0.191912,-0.034009,0.049746,0.003762,0.001772,0.001435,0.000534,0.000730,0.000484,0.000935,0.001023,0.001215,0.001130,0.049800,384
failure_classifier_repair,combined_stress,6,0.567708,0.445540,0.230434,0.229045,0.089015,0.232979,0.087072,0.131254,0.181083,0.207298,0.191725,-0.023984,0.049614,0.003869,0.001727,0.001436,0.000544,0.000770,0.000471,0.000914,0.000999,0.001171,0.001086,0.050321,384
failure_classifier_repair,combined_stress,7,0.570312,0.444983,0.230169,0.229189,0.089107,0.232948,0.086784,0.131383,0.181167,0.207104,0.191960,-0.021450,0.049578,0.003906,0.001789,0.001467,0.000531,0.000730,0.000481,0.000940,0.000966,0.001116,0.001044,0.049914,384
failure_classifier_repair,combined_stress,8,0.585938,0.445036,0.229711,0.229469,0.088870,0.233494,0.086987,0.130884,0.180975,0.207093,0.191760,-0.005406,0.049330,0.003929,0.001753,0.001446,0.000530,0.000756,0.000500,0.000933,0.000972,0.001150,0.001093,0.050476,384
failure_classifier_repair,combined_stress,9,0.546875,0.445653,0.229828,0.229130,0.089179,0.233369,0.086977,0.131647,0.180997,0.207263,0.191773,-0.044550,0.049855,0.003831,0.001804,0.001424,0.000517,0.000768,0.000484,0.000977,0.001026,0.001232,0.001109,0.050903,384
failure_classifier_repair,hidden_mechanism,0,0.601562,0.466382,0.206876,0.201984,0.078885,0.227046,0.076828,0.111431,0.163150,0.183049,0.172338,0.093127,0.049032,0.004301,0.002188,0.001652,0.000721,0.000872,0.000680,0.001296,0.001334,0.001639,0.001472,0.050634,384
failure_classifier_repair,hidden_mechanism,1,0.575521,0.466238,0.206722,0.202145,0.078490,0.226929,0.077111,0.111673,0.163142,0.183064,0.172353,0.067306,0.049501,0.004304,0.002209,0.001719,0.000731,0.000895,0.000683,0.001245,0.001318,0.001602,0.001441,0.050614,384
failure_classifier_repair,hidden_mechanism,2,0.614583,0.465732,0.207012,0.202162,0.078588,0.227312,0.076684,0.111928,0.162988,0.182785,0.171959,0.105977,0.048743,0.004236,0.002190,0.001627,0.000720,0.000873,0.000650,0.001269,0.001333,0.001654,0.001459,0.049735,384
failure_classifier_repair,hidden_mechanism,3,0.625000,0.466305,0.206511,0.202127,0.078866,0.227075,0.076729,0.111733,0.163306,0.183240,0.172425,0.116667,0.048486,0.004233,0.002218,0.001661,0.000721,0.000850,0.000672,0.001315,0.001325,0.001614,0.001445,0.049773,384
failure_classifier_repair,hidden_mechanism,4,0.611979,0.465423,0.206772,0.201974,0.078475,0.226783,0.076885,0.111547,0.163195,0.182929,0.172272,0.103747,0.048804,0.004312,0.002191,0.001665,0.000720,0.000846,0.000684,0.001276,0.001325,0.001621,0.001419,0.050628,384
failure_classifier_repair,hidden_mechanism,5,0.578125,0.466891,0.206594,0.201884,0.078843,0.227129,0.076705,0.111440,0.163364,0.183288,0.172290,0.070146,0.049461,0.004328,0.002217,0.001604,0.000721,0.000848,0.000657,0.001332,0.001354,0.001635,0.001471,0.050610,384
failure_classifier_repair,hidden_mechanism,6,0.632812,0.466868,0.206458,0.202280,0.078676,0.227067,0.076580,0.111625,0.162877,0.182834,0.172118,0.125177,0.048277,0.004222,0.002190,0.001646,0.000725,0.000825,0.000684,0.001291,0.001302,0.001600,0.001415,0.048679,384
failure_classifier_repair,hidden_mechanism,7,0.622396,0.466873,0.206788,0.201639,0.078509,0.227027,0.076692,0.111429,0.163107,0.182713,0.172292,0.114979,0.048552,0.004221,0.002234,0.001644,0.000725,0.000855,0.000679,0.001271,0.001275,0.001542,0.001403,0.050044,384
failure_classifier_repair,hidden_mechanism,8,0.638021,0.466334,0.206965,0.202323,0.078708,0.226939,0.077037,0.111865,0.163474,0.183276,0.172403,0.129033,0.048130,0.004253,0.002198,0.001652,0.000734,0.000834,0.000672,0.001249,0.001299,0.001593,0.001400,0.048781,384
failure_classifier_repair,hidden_mechanism,9,0.591146,0.465321,0.206545,0.202184,0.078796,0.227102,0.076852,0.111583,0.163052,0.183150,0.171971,0.082594,0.049237,0.004315,0.002230,0.001638,0.000710,0.000854,0.000669,0.001255,0.001305,0.001625,0.001409,0.050361,384
failure_classifier_repair,in_distribution,0,0.609375,0.479643,0.193731,0.188574,0.073402,0.223386,0.070988,0.101038,0.154260,0.171041,0.162340,0.145778,0.048863,0.004285,0.002234,0.001695,0.000696,0.000893,0.000695,0.001299,0.001315,0.001587,0.001416,0.050285,384
failure_classifier_repair,in_distribution,1,0.632812,0.480216,0.193518,0.188564,0.073417,0.223282,0.070885,0.101212,0.153957,0.170202,0.162197,0.169844,0.048277,0.004338,0.002202,0.001679,0.000737,0.000891,0.000688,0.001326,0.001308,0.001582,0.001434,0.049572,384
failure_classifier_repair,in_distribution,2,0.606771,0.480444,0.193650,0.188867,0.073271,0.222896,0.071443,0.101108,0.153767,0.170408,0.162026,0.143631,0.048921,0.004241,0.002267,0.001678,0.000716,0.000895,0.000683,0.001302,0.001335,0.001598,0.001440,0.050474,384
failure_classifier_repair,in_distribution,3,0.625000,0.479878,0.193622,0.189159,0.073409,0.223076,0.071016,0.100859,0.153875,0.170404,0.162087,0.161479,0.048486,0.004397,0.002220,0.001676,0.000712,0.000878,0.000668,0.001337,0.001321,0.001602,0.001430,0.050026,384
failure_classifier_repair,in_distribution,4,0.604167,0.479362,0.193215,0.188837,0.073352,0.222663,0.071235,0.101455,0.153841,0.170353,0.162111,0.141064,0.048977,0.004369,0.002182,0.001664,0.000733,0.000904,0.000675,0.001278,0.001309,0.001633,0.001406,0.049787,384
failure_classifier_repair,in_distribution,5,0.638021,0.480265,0.193545,0.188360,0.073358,0.223120,0.071076,0.101492,0.153746,0.170425,0.161628,0.175290,0.048130,0.004250,0.002233,0.001647,0.000728,0.000905,0.000699,0.001295,0.001327,0.001582,0.001473,0.049837,384
failure_classifier_repair,in_distribution,6,0.643229,0.480329,0.193186,0.189387,0.073476,0.222942,0.071400,0.101507,0.153862,0.170637,0.162209,0.179726,0.047977,0.004399,0.002227,0.001633,0.000720,0.000889,0.000659,0.001318,0.001318,0.001618,0.001468,0.049631,384
failure_classifier_repair,in_distribution,7,0.632812,0.480014,0.193292,0.188106,0.073418,0.223044,0.071304,0.101336,0.154004,0.170504,0.162039,0.170130,0.048277,0.004333,0.002256,0.001666,0.000742,0.000876,0.000677,0.001272,0.001333,0.001605,0.001447,0.049479,384
failure_classifier_repair,in_distribution,8,0.666667,0.479347,0.193681,0.189160,0.073390,0.223096,0.071304,0.101000,0.153751,0.170337,0.162004,0.202820,0.047212,0.004270,0.002231,0.001636,0.000728,0.000871,0.000676,0.001285,0.001377,0.001644,0.001499,0.048380,384
failure_classifier_repair,in_distribution,9,0.627604,0.479704,0.193907,0.188650,0.073206,0.223145,0.071626,0.101291,0.153988,0.170731,0.162515,0.163863,0.048417,0.004344,0.002185,0.001671,0.000723,0.000868,0.000679,0.001310,0.001347,0.001629,0.001475,0.049520,384
failure_classifier_repair,long_horizon,0,0.601562,0.469794,0.212571,0.215764,0.081967,0.226166,0.077647,0.114152,0.168365,0.188024,0.177417,0.071003,0.049032,0.004324,0.002169,0.001646,0.000684,0.000870,0.000679,0.001245,0.001275,0.001570,0.001375,0.049909,384
failure_classifier_repair,long_horizon,1,0.585938,0.469810,0.212745,0.216059,0.081579,0.226022,0.077417,0.114217,0.168996,0.188402,0.178092,0.055151,0.049330,0.004259,0.002128,0.001633,0.000682,0.000859,0.000666,0.001294,0.001292,0.001553,0.001413,0.050418,384
failure_classifier_repair,long_horizon,2,0.541667,0.471511,0.212061,0.215555,0.081825,0.226339,0.077628,0.114028,0.168688,0.188247,0.177999,0.012249,0.049901,0.004291,0.002171,0.001621,0.000699,0.000887,0.000664,0.001223,0.001277,0.001577,0.001409,0.051222,384
failure_classifier_repair,long_horizon,3,0.585938,0.471212,0.212018,0.215260,0.081974,0.226456,0.077513,0.113850,0.168674,0.188288,0.177843,0.056601,0.049330,0.004362,0.002150,0.001631,0.000686,0.000843,0.000681,0.001251,0.001247,0.001540,0.001375,0.050738,384
failure_classifier_repair,long_horizon,4,0.596354,0.469834,0.212472,0.215409,0.081665,0.226127,0.077824,0.114176,0.168469,0.188382,0.177812,0.066338,0.049137,0.004300,0.002144,0.001635,0.000690,0.000882,0.000681,0.001293,0.001273,0.001546,0.001389,0.050692,384
failure_classifier_repair,long_horizon,5,0.567708,0.470846,0.212147,0.215764,0.082009,0.226298,0.077431,0.113846,0.168474,0.188211,0.177688,0.037921,0.049614,0.004268,0.002160,0.001663,0.000670,0.000888,0.000653,0.001288,0.001308,0.001565,0.001429,0.050957,384
failure_classifier_repair,long_horizon,6,0.554688,0.469658,0.212528,0.215484,0.081806,0.226024,0.077518,0.114105,0.168303,0.188093,0.177619,0.024669,0.049775,0.004255,0.002185,0.001603,0.000692,0.000880,0.000673,0.001263,0.001253,0.001528,0.001358,0.051297,384
failure_classifier_repair,long_horizon,7,0.572917,0.469345,0.212560,0.215672,0.082020,0.226371,0.077661,0.114108,0.168334,0.187934,0.177562,0.042190,0.049540,0.004274,0.002138,0.001647,0.000705,0.000888,0.000655,0.001278,0.001296,0.001600,0.001426,0.050193,384
failure_classifier_repair,long_horizon,8,0.596354,0.469834,0.212211,0.215832,0.081709,0.226146,0.077486,0.114184,0.168530,0.188109,0.177753,0.066338,0.049137,0.004265,0.002195,0.001667,0.000714,0.000873,0.000658,0.001287,0.001262,0.001561,0.001394,0.049961,384
failure_classifier_repair,long_horizon,9,0.604167,0.470220,0.213051,0.216056,0.081774,0.226260,0.077460,0.114067,0.168919,0.188861,0.178080,0.073020,0.048977,0.004328,0.002165,0.001661,0.000669,0.000884,0.000675,0.001248,0.001312,0.001613,0.001451,0.050662,384
failure_classifier_repair,sparse_observation,0,0.567708,0.447719,0.217827,0.214105,0.083691,0.232241,0.084900,0.125595,0.172676,0.198439,0.183093,0.013504,0.049614,0.003990,0.002040,0.001551,0.000653,0.000800,0.000520,0.001009,0.001169,0.001351,0.001275,0.050594,384
failure_classifier_repair,sparse_observation,1,0.572917,0.447697,0.218369,0.213870,0.083682,0.232126,0.084603,0.125849,0.172400,0.197743,0.182726,0.018720,0.049540,0.003953,0.002019,0.001567,0.000655,0.000752,0.000527,0.000992,0.001182,0.001365,0.001279,0.050816,384
failure_classifier_repair,sparse_observation,2,0.575521,0.448182,0.218213,0.213385,0.083917,0.231954,0.084505,0.126002,0.172536,0.197644,0.182934,0.021751,0.049501,0.003747,0.002034,0.001524,0.000646,0.000783,0.000524,0.001011,0.001191,0.001416,0.001275,0.050385,384
failure_classifier_repair,sparse_observation,3,0.570312,0.448996,0.218236,0.213833,0.083799,0.231873,0.084331,0.126083,0.172422,0.197538,0.182727,0.016747,0.049578,0.003969,0.002047,0.001550,0.000656,0.000755,0.000506,0.001054,0.001209,0.001397,0.001281,0.050736,384
failure_classifier_repair,sparse_observation,4,0.562500,0.448945,0.218499,0.213875,0.083878,0.231762,0.084600,0.126152,0.172442,0.197890,0.182841,0.008422,0.049683,0.003887,0.002010,0.001508,0.000656,0.000785,0.000543,0.001030,0.001180,0.001376,0.001267,0.050314,384
failure_classifier_repair,sparse_observation,5,0.539062,0.448393,0.218518,0.213481,0.083816,0.232108,0.084824,0.126337,0.172244,0.197435,0.182521,-0.014984,0.049923,0.003931,0.002031,0.001545,0.000643,0.000754,0.000549,0.000987,0.001206,0.001360,0.001334,0.050353,384
failure_classifier_repair,sparse_observation,6,0.554688,0.446881,0.218140,0.213446,0.083854,0.232150,0.084512,0.125572,0.172299,0.197605,0.182562,0.000737,0.049775,0.003985,0.002003,0.001522,0.000687,0.000747,0.000515,0.000984,0.001182,0.001343,0.001293,0.050759,384
failure_classifier_repair,sparse_observation,7,0.565104,0.447586,0.217799,0.213823,0.083663,0.231941,0.084642,0.125580,0.172502,0.198231,0.182965,0.011474,0.049649,0.003967,0.002032,0.001488,0.000624,0.000774,0.000520,0.001004,0.001182,0.001370,0.001261,0.050700,384
failure_classifier_repair,sparse_observation,8,0.596354,0.448294,0.218290,0.213448,0.084090,0.232253,0.084409,0.125693,0.172501,0.197621,0.182970,0.042367,0.049137,0.003897,0.001969,0.001526,0.000632,0.000780,0.000530,0.000994,0.001178,0.001361,0.001258,0.050081,384
failure_classifier_repair,sparse_observation,9,0.567708,0.448462,0.218067,0.213650,0.083791,0.232247,0.084564,0.125952,0.172827,0.198096,0.183097,0.013798,0.049614,0.004010,0.002009,0.001515,0.000661,0.000756,0.000514,0.000994,0.001210,0.001404,0.001265,0.050449,384
observed_only_planner,combined_stress,0,0.268229,0.128605,0.401633,0.368607,0.140420,0.077946,0.162120,0.062155,0.298870,0.325501,0.325040,-0.807139,0.044371,0.005465,0.002323,0.001938,0.000729,0.000518,0.000794,0.000591,0.001413,0.001662,0.001516,0.045698,384
observed_only_planner,combined_stress,1,0.216146,0.128998,0.400785,0.368707,0.140472,0.078031,0.161929,0.061422,0.299107,0.325948,0.325254,-0.858368,0.041224,0.005561,0.002374,0.001920,0.000738,0.000511,0.000780,0.000555,0.001378,0.001607,0.001540,0.043495,384
observed_only_planner,combined_stress,2,0.257812,0.128946,0.401641,0.368541,0.140402,0.078093,0.162211,0.061100,0.298940,0.325651,0.324589,-0.817304,0.043809,0.005501,0.002416,0.001939,0.000738,0.000521,0.000803,0.000571,0.001374,0.001647,0.001514,0.045718,384
observed_only_planner,combined_stress,3,0.257812,0.128066,0.401666,0.368844,0.140282,0.078109,0.162046,0.061633,0.299017,0.325686,0.324871,-0.817807,0.043809,0.005581,0.002366,0.001965,0.000721,0.000534,0.000801,0.000550,0.001374,0.001640,0.001524,0.045881,384
observed_only_planner,combined_stress,4,0.247396,0.128081,0.401317,0.369002,0.140620,0.077933,0.162163,0.061638,0.298551,0.325095,0.324534,-0.828089,0.043215,0.005511,0.002370,0.001898,0.000716,0.000538,0.000777,0.000598,0.001384,0.001644,0.001499,0.044772,384
observed_only_planner,combined_stress,5,0.247396,0.128402,0.401385,0.368904,0.140600,0.077457,0.162123,0.061310,0.298508,0.325188,0.324601,-0.827688,0.043215,0.005605,0.002322,0.001924,0.000724,0.000525,0.000754,0.000577,0.001376,0.001626,0.001511,0.045248,384
observed_only_planner,combined_stress,6,0.244792,0.129034,0.401841,0.368656,0.140436,0.077638,0.162081,0.061804,0.298771,0.325596,0.325201,-0.830429,0.043061,0.005612,0.002390,0.001931,0.000727,0.000501,0.000765,0.000528,0.001404,0.001657,0.001541,0.045105,384
observed_only_planner,combined_stress,7,0.250000,0.128344,0.401641,0.368367,0.140126,0.077889,0.162374,0.061466,0.298664,0.325348,0.324707,-0.824819,0.043367,0.005561,0.002361,0.001900,0.000718,0.000493,0.000790,0.000546,0.001392,0.001645,0.001509,0.045438,384
observed_only_planner,combined_stress,8,0.276042,0.129268,0.401645,0.368512,0.140669,0.078140,0.161852,0.061515,0.298482,0.324923,0.324497,-0.798835,0.044771,0.005619,0.002360,0.001931,0.000747,0.000536,0.000796,0.000569,0.001407,0.001668,0.001535,0.047077,384
observed_only_planner,combined_stress,9,0.218750,0.129125,0.401512,0.368732,0.140518,0.077994,0.162100,0.061450,0.298805,0.325554,0.325173,-0.856350,0.041402,0.005493,0.002327,0.001908,0.000759,0.000499,0.000793,0.000582,0.001396,0.001643,0.001547,0.043648,384
observed_only_planner,hidden_mechanism,0,0.348958,0.152829,0.369317,0.333438,0.127110,0.074806,0.146612,0.048803,0.274753,0.294011,0.298737,-0.619613,0.047736,0.005920,0.002902,0.002238,0.000985,0.000563,0.001038,0.000811,0.001817,0.002182,0.001991,0.050501,384
observed_only_planner,hidden_mechanism,1,0.343750,0.153053,0.369207,0.333505,0.126745,0.074890,0.146937,0.048836,0.274595,0.293842,0.298575,-0.624420,0.047568,0.005952,0.002952,0.002252,0.000972,0.000564,0.001050,0.000760,0.001752,0.002121,0.001961,0.050512,384
observed_only_planner,hidden_mechanism,2,0.367188,0.152642,0.368927,0.333731,0.126877,0.074886,0.146856,0.049039,0.274583,0.293780,0.298223,-0.601167,0.048277,0.006022,0.002902,0.002238,0.000979,0.000586,0.001039,0.000825,0.001782,0.002143,0.001971,0.050283,384
observed_only_planner,hidden_mechanism,3,0.372396,0.152642,0.369733,0.333908,0.126533,0.074835,0.147017,0.048702,0.274662,0.293833,0.298292,-0.596532,0.048417,0.005931,0.002879,0.002262,0.000992,0.000536,0.001048,0.000799,0.001836,0.002236,0.002008,0.050974,384
observed_only_planner,hidden_mechanism,4,0.278646,0.152297,0.369421,0.333715,0.126668,0.074892,0.147095,0.048709,0.274394,0.293740,0.298054,-0.689992,0.044901,0.006002,0.002925,0.002232,0.000980,0.000577,0.001035,0.000832,0.001834,0.002198,0.002024,0.047896,384
observed_only_planner,hidden_mechanism,5,0.393229,0.152908,0.369391,0.333838,0.126899,0.074423,0.146810,0.048681,0.274434,0.293821,0.298572,-0.575237,0.048921,0.005988,0.002914,0.002196,0.000954,0.000560,0.001044,0.000799,0.001806,0.002142,0.002005,0.051760,384
observed_only_planner,hidden_mechanism,6,0.351562,0.152767,0.368923,0.333888,0.126551,0.075002,0.147168,0.048688,0.274541,0.293687,0.298514,-0.616631,0.047818,0.005975,0.002866,0.002258,0.000978,0.000559,0.001023,0.000803,0.001799,0.002135,0.001976,0.050700,384
observed_only_planner,hidden_mechanism,7,0.361979,0.152395,0.368914,0.333739,0.126938,0.074856,0.147154,0.048867,0.274563,0.294121,0.298468,-0.606623,0.048130,0.006001,0.002932,0.002256,0.000969,0.000567,0.001059,0.000824,0.001803,0.002166,0.001975,0.051342,384
observed_only_planner,hidden_mechanism,8,0.330729,0.153194,0.369146,0.333426,0.126734,0.074980,0.146843,0.048667,0.274723,0.294003,0.298779,-0.637287,0.047119,0.005954,0.002894,0.002268,0.000975,0.000530,0.001032,0.000824,0.001758,0.002133,0.001915,0.050005,384
observed_only_planner,hidden_mechanism,9,0.369792,0.151785,0.369038,0.333995,0.126838,0.074512,0.146979,0.048891,0.274408,0.293549,0.298084,-0.598934,0.048348,0.006020,0.002965,0.002249,0.000970,0.000560,0.001041,0.000792,0.001806,0.002191,0.001956,0.051360,384
observed_only_planner,in_distribution,0,0.414062,0.166497,0.351603,0.316453,0.120000,0.072966,0.138995,0.041927,0.262067,0.277545,0.284510,-0.498692,0.049330,0.005986,0.002946,0.002238,0.000983,0.000557,0.001039,0.000785,0.001828,0.002222,0.002001,0.051346,384
observed_only_planner,in_distribution,1,0.411458,0.166480,0.351379,0.316674,0.119405,0.072715,0.139014,0.041932,0.262249,0.277692,0.284611,-0.500696,0.049284,0.006018,0.002970,0.002292,0.000980,0.000581,0.001042,0.000782,0.001786,0.002161,0.001960,0.052101,384
observed_only_planner,in_distribution,2,0.416667,0.167716,0.351781,0.316695,0.119559,0.072892,0.139134,0.042088,0.261829,0.277269,0.284198,-0.495496,0.049375,0.005959,0.002907,0.002270,0.000996,0.000539,0.001024,0.000834,0.001833,0.002215,0.002012,0.051431,384
observed_only_planner,in_distribution,3,0.382812,0.166513,0.351554,0.316286,0.119980,0.073051,0.139003,0.041928,0.262032,0.277381,0.284360,-0.529749,0.048681,0.006040,0.002954,0.002268,0.000971,0.000555,0.001029,0.000813,0.001810,0.002180,0.001985,0.051714,384
observed_only_planner,in_distribution,4,0.395833,0.166425,0.351546,0.316338,0.119686,0.072872,0.138966,0.041901,0.262390,0.277840,0.285036,-0.516632,0.048977,0.005966,0.002951,0.002284,0.000976,0.000570,0.001050,0.000771,0.001792,0.002173,0.002003,0.050683,384
observed_only_planner,in_distribution,5,0.416667,0.167040,0.352021,0.316604,0.119688,0.072832,0.138793,0.041729,0.261937,0.277378,0.284249,-0.495806,0.049375,0.005964,0.002922,0.002231,0.000993,0.000550,0.001051,0.000805,0.001808,0.002210,0.001972,0.052238,384
observed_only_planner,in_distribution,6,0.380208,0.167081,0.351490,0.316566,0.119842,0.072567,0.139040,0.042061,0.262052,0.277733,0.284745,-0.532087,0.048617,0.005883,0.002937,0.002249,0.000977,0.000572,0.001049,0.000836,0.001829,0.002206,0.002006,0.051191,384
observed_only_planner,in_distribution,7,0.380208,0.166350,0.351778,0.316411,0.119747,0.072797,0.138945,0.041572,0.262087,0.277374,0.284504,-0.532323,0.048617,0.005959,0.002965,0.002246,0.000981,0.000513,0.001009,0.000818,0.001848,0.002212,0.002024,0.051728,384
observed_only_planner,in_distribution,8,0.356771,0.166957,0.351504,0.316342,0.119890,0.073034,0.138775,0.041707,0.262114,0.277694,0.284477,-0.555421,0.047977,0.006026,0.002983,0.002267,0.000978,0.000564,0.001039,0.000833,0.001795,0.002172,0.001962,0.050798,384
observed_only_planner,in_distribution,9,0.427083,0.166412,0.351421,0.316172,0.119937,0.072703,0.138940,0.041733,0.262200,0.277282,0.284712,-0.485185,0.049540,0.006047,0.002960,0.002290,0.000977,0.000591,0.001035,0.000800,0.001817,0.002226,0.001995,0.052750,384
observed_only_planner,long_horizon,0,0.304688,0.154671,0.378120,0.350068,0.130691,0.074159,0.149239,0.049140,0.281219,0.300563,0.305303,-0.693519,0.046097,0.006025,0.002873,0.002219,0.000931,0.000565,0.001063,0.000821,0.001738,0.002131,0.001914,0.048842,384
observed_only_planner,long_horizon,1,0.312500,0.154991,0.378032,0.349750,0.131319,0.074258,0.149332,0.049259,0.282123,0.301806,0.306045,-0.686610,0.046421,0.006010,0.002834,0.002231,0.000922,0.000592,0.001039,0.000823,0.001727,0.002113,0.001899,0.048755,384
observed_only_planner,long_horizon,2,0.304688,0.155054,0.377720,0.349316,0.131264,0.074896,0.149540,0.049155,0.281863,0.301386,0.306050,-0.693834,0.046097,0.005998,0.002829,0.002237,0.000923,0.000549,0.001046,0.000817,0.001756,0.002126,0.001954,0.049055,384
observed_only_planner,long_horizon,3,0.346354,0.155037,0.377503,0.349582,0.131037,0.074415,0.149011,0.048995,0.282060,0.301453,0.306121,-0.651607,0.047653,0.006059,0.002825,0.002260,0.000945,0.000531,0.001031,0.000784,0.001737,0.002108,0.001935,0.050791,384
observed_only_planner,long_horizon,4,0.302083,0.155333,0.377589,0.349614,0.130857,0.074007,0.149041,0.048859,0.282038,0.301368,0.306158,-0.695544,0.045986,0.006045,0.002833,0.002253,0.000937,0.000557,0.001033,0.000816,0.001734,0.002099,0.001913,0.049000,384
observed_only_planner,long_horizon,5,0.348958,0.155886,0.377936,0.349807,0.131061,0.074438,0.149143,0.049150,0.281826,0.301236,0.305938,-0.649273,0.047736,0.005936,0.002861,0.002193,0.000976,0.000549,0.001016,0.000807,0.001743,0.002133,0.001912,0.049938,384
observed_only_planner,long_horizon,6,0.291667,0.155884,0.377965,0.349708,0.131060,0.074476,0.149228,0.049150,0.281944,0.301433,0.306176,-0.706647,0.045522,0.006037,0.002897,0.002216,0.000918,0.000533,0.001015,0.000808,0.001769,0.002155,0.001979,0.048610,384
observed_only_planner,long_horizon,7,0.312500,0.156238,0.377848,0.349407,0.130930,0.074285,0.149126,0.049144,0.281578,0.301245,0.305528,-0.684866,0.046421,0.006032,0.002884,0.002281,0.000930,0.000576,0.001030,0.000824,0.001755,0.002116,0.001957,0.049429,384
observed_only_planner,long_horizon,8,0.317708,0.154318,0.377950,0.350158,0.131114,0.074633,0.149569,0.048932,0.281757,0.301258,0.305992,-0.681598,0.046629,0.005909,0.002848,0.002213,0.000916,0.000577,0.001012,0.000789,0.001768,0.002136,0.001941,0.049184,384
observed_only_planner,long_horizon,9,0.328125,0.154788,0.377920,0.350191,0.131083,0.074674,0.149084,0.048992,0.281818,0.301289,0.305989,-0.670789,0.047024,0.006020,0.002893,0.002253,0.000936,0.000586,0.001022,0.000803,0.001760,0.002160,0.001934,0.049181,384
observed_only_planner,sparse_observation,0,0.276042,0.133591,0.385048,0.349756,0.134219,0.077333,0.157517,0.059149,0.287558,0.312992,0.313069,-0.750648,0.044771,0.005714,0.002652,0.002069,0.000871,0.000505,0.000862,0.000590,0.001610,0.001909,0.001762,0.046824,384
observed_only_planner,sparse_observation,1,0.244792,0.132850,0.385632,0.349768,0.133944,0.077542,0.157579,0.058787,0.287319,0.313064,0.312724,-0.782278,0.043061,0.005584,0.002671,0.002097,0.000863,0.000509,0.000834,0.000618,0.001620,0.001885,0.001754,0.045232,384
observed_only_planner,sparse_observation,2,0.268229,0.132954,0.385742,0.349648,0.133794,0.077478,0.157659,0.058777,0.287424,0.313078,0.313061,-0.758744,0.044371,0.005708,0.002681,0.002023,0.000859,0.000509,0.000847,0.000628,0.001609,0.001885,0.001784,0.047199,384
observed_only_planner,sparse_observation,3,0.299479,0.133238,0.385911,0.349485,0.133814,0.077464,0.157473,0.059452,0.287726,0.313137,0.313219,-0.727670,0.045872,0.005676,0.002667,0.002047,0.000888,0.000531,0.000852,0.000599,0.001581,0.001852,0.001744,0.048648,384
observed_only_planner,sparse_observation,4,0.263021,0.133763,0.385670,0.349810,0.133892,0.077212,0.157393,0.059133,0.287270,0.312639,0.312643,-0.763590,0.044094,0.005666,0.002642,0.002006,0.000862,0.000533,0.000837,0.000607,0.001579,0.001808,0.001730,0.046459,384
observed_only_planner,sparse_observation,5,0.260417,0.132073,0.385985,0.349233,0.133608,0.077598,0.157319,0.059104,0.288005,0.313301,0.313542,-0.766850,0.043953,0.005541,0.002657,0.002091,0.000867,0.000532,0.000842,0.000612,0.001609,0.001874,0.001766,0.046734,384
observed_only_planner,sparse_observation,6,0.291667,0.133033,0.386501,0.349211,0.133680,0.077549,0.157428,0.059228,0.287011,0.312615,0.312668,-0.735239,0.045522,0.005633,0.002648,0.002053,0.000858,0.000493,0.000877,0.000632,0.001616,0.001884,0.001778,0.047764,384
observed_only_planner,sparse_observation,7,0.268229,0.132445,0.385726,0.349322,0.133797,0.077315,0.157379,0.059090,0.287335,0.312390,0.312752,-0.758456,0.044371,0.005719,0.002634,0.002085,0.000905,0.000514,0.000863,0.000588,0.001628,0.001881,0.001774,0.046816,384
observed_only_planner,sparse_observation,8,0.255208,0.132574,0.385386,0.349617,0.133957,0.077315,0.157727,0.059104,0.287247,0.312770,0.312799,-0.771653,0.043664,0.005711,0.002677,0.002072,0.000859,0.000505,0.000841,0.000578,0.001587,0.001875,0.001710,0.046220,384
observed_only_planner,sparse_observation,9,0.325521,0.133283,0.385959,0.349366,0.133908,0.077420,0.157504,0.058824,0.287226,0.312535,0.312712,-0.701221,0.046928,0.005543,0.002634,0.002051,0.000864,0.000534,0.000853,0.000616,0.001586,0.001853,0.001743,0.049715,384
oracle_mechanism_repair,combined_stress,0,0.927083,0.822367,0.054093,0.045710,0.030768,0.153706,0.026204,0.078013,0.002696,0.049486,0.000034,1.011373,0.026039,0.001375,0.001100,0.000790,0.000372,0.000469,0.000348,0.000557,0.000321,0.000476,0.000033,0.026080,384
oracle_mechanism_repair,combined_stress,1,0.932292,0.823102,0.053697,0.045950,0.030744,0.153770,0.026448,0.078354,0.002499,0.049671,0.000029,1.016941,0.025162,0.001318,0.001118,0.000762,0.000367,0.000475,0.000346,0.000539,0.000314,0.000502,0.000028,0.025225,384
oracle_mechanism_repair,combined_stress,2,0.953125,0.821924,0.053206,0.045908,0.030384,0.154159,0.026571,0.078458,0.002450,0.049408,0.000031,1.038063,0.021169,0.001423,0.001087,0.000777,0.000365,0.000477,0.000349,0.000589,0.000297,0.000461,0.000023,0.021193,384
oracle_mechanism_repair,combined_stress,3,0.919271,0.821975,0.054307,0.045399,0.030621,0.154327,0.026102,0.078196,0.002565,0.049268,0.000057,1.003542,0.027283,0.001436,0.001082,0.000787,0.000385,0.000483,0.000320,0.000592,0.000312,0.000471,0.000045,0.027517,384
oracle_mechanism_repair,combined_stress,4,0.947917,0.823353,0.053531,0.045838,0.030824,0.153910,0.026191,0.078518,0.002391,0.048912,0.000039,1.032939,0.022253,0.001315,0.001152,0.000777,0.000368,0.000479,0.000357,0.000560,0.000301,0.000451,0.000031,0.022422,384
oracle_mechanism_repair,combined_stress,5,0.940104,0.823425,0.054125,0.045917,0.030670,0.153677,0.026126,0.078169,0.002476,0.049283,0.000022,1.024826,0.023765,0.001368,0.001074,0.000790,0.000362,0.000493,0.000340,0.000557,0.000301,0.000460,0.000022,0.023768,384
oracle_mechanism_repair,combined_stress,6,0.929688,0.822746,0.053857,0.045817,0.030712,0.153943,0.026317,0.077997,0.002841,0.049559,0.000023,1.014076,0.025606,0.001463,0.001101,0.000809,0.000368,0.000488,0.000370,0.000553,0.000311,0.000511,0.000020,0.025571,384
oracle_mechanism_repair,combined_stress,7,0.950521,0.822910,0.053954,0.045454,0.030877,0.153880,0.026289,0.078292,0.002705,0.049601,0.000057,1.035048,0.021719,0.001355,0.001094,0.000778,0.000364,0.000491,0.000342,0.000596,0.000337,0.000500,0.000055,0.021899,384
oracle_mechanism_repair,combined_stress,8,0.916667,0.823185,0.054223,0.045727,0.030952,0.154153,0.026091,0.078304,0.002693,0.049379,0.000064,1.000779,0.027680,0.001374,0.001129,0.000793,0.000391,0.000484,0.000368,0.000567,0.000338,0.000483,0.000054,0.028050,384
oracle_mechanism_repair,combined_stress,9,0.921875,0.822782,0.053550,0.046303,0.030776,0.154019,0.026129,0.078333,0.002579,0.049534,0.000031,1.006292,0.026877,0.001344,0.001123,0.000781,0.000398,0.000464,0.000372,0.000606,0.000302,0.000483,0.000031,0.026885,384
oracle_mechanism_repair,hidden_mechanism,0,0.940104,0.840666,0.041656,0.030077,0.023874,0.151340,0.019471,0.065382,0.000519,0.041699,0.000009,1.069754,0.023765,0.001875,0.001335,0.000859,0.000480,0.000513,0.000483,0.000810,0.000183,0.000495,0.000018,0.023856,384
oracle_mechanism_repair,hidden_mechanism,1,0.934896,0.841507,0.040876,0.029333,0.023761,0.151513,0.019343,0.065190,0.000524,0.041697,0.000006,1.066300,0.024708,0.001671,0.001390,0.000841,0.000482,0.000529,0.000485,0.000854,0.000172,0.000505,0.000009,0.024886,384
oracle_mechanism_repair,hidden_mechanism,2,0.929688,0.840565,0.042079,0.029711,0.023896,0.151320,0.019341,0.065162,0.000482,0.041719,0.000000,1.059321,0.025606,0.001723,0.001338,0.000863,0.000484,0.000517,0.000448,0.000788,0.000162,0.000437,0.000000,0.025402,384
oracle_mechanism_repair,hidden_mechanism,3,0.927083,0.840784,0.041071,0.029364,0.023852,0.151658,0.019230,0.065376,0.000530,0.041858,0.000011,1.057919,0.026039,0.001708,0.001365,0.000855,0.000514,0.000503,0.000471,0.000804,0.000177,0.000487,0.000019,0.026532,384
oracle_mechanism_repair,hidden_mechanism,4,0.906250,0.841257,0.041493,0.029581,0.023919,0.151552,0.019419,0.065093,0.000493,0.041997,0.000003,1.036630,0.029192,0.001719,0.001380,0.000842,0.000490,0.000538,0.000461,0.000823,0.000169,0.000502,0.000006,0.029495,384
oracle_mechanism_repair,hidden_mechanism,5,0.911458,0.841661,0.041638,0.029934,0.024007,0.151546,0.019621,0.065062,0.000516,0.041799,0.000004,1.041359,0.028451,0.001879,0.001376,0.000872,0.000502,0.000509,0.000468,0.000845,0.000167,0.000483,0.000005,0.028587,384
oracle_mechanism_repair,hidden_mechanism,6,0.940104,0.840943,0.041392,0.029805,0.024007,0.151484,0.019531,0.065397,0.000513,0.041754,0.000000,1.070089,0.023765,0.001840,0.001374,0.000856,0.000491,0.000506,0.000459,0.000797,0.000169,0.000460,0.000000,0.023965,384
oracle_mechanism_repair,hidden_mechanism,7,0.924479,0.840716,0.041704,0.029300,0.023540,0.151713,0.019348,0.065088,0.000398,0.041741,0.000000,1.055150,0.026463,0.001714,0.001363,0.000868,0.000503,0.000484,0.000477,0.000818,0.000148,0.000455,0.000000,0.026446,384
oracle_mechanism_repair,hidden_mechanism,8,0.919271,0.840809,0.041614,0.029562,0.023931,0.151344,0.019171,0.065306,0.000417,0.041613,0.000021,1.049592,0.027283,0.001736,0.001334,0.000845,0.000513,0.000500,0.000468,0.000811,0.000146,0.000451,0.000029,0.027166,384
oracle_mechanism_repair,hidden_mechanism,9,0.947917,0.840867,0.041736,0.029339,0.023589,0.151586,0.019505,0.065653,0.000492,0.041556,0.000000,1.078308,0.022253,0.001793,0.001334,0.000825,0.000506,0.000502,0.000454,0.000812,0.000163,0.000466,0.000000,0.022440,384
oracle_mechanism_repair,in_distribution,0,0.921875,0.851970,0.034343,0.022275,0.020339,0.150353,0.015633,0.058479,0.000086,0.038386,0.000000,1.075920,0.026877,0.001766,0.001353,0.000854,0.000465,0.000505,0.000445,0.000809,0.000050,0.000401,0.000000,0.026825,384
oracle_mechanism_repair,in_distribution,1,0.932292,0.852875,0.034037,0.021846,0.020414,0.149824,0.015695,0.058385,0.000129,0.038049,0.000000,1.087299,0.025162,0.001903,0.001341,0.000827,0.000491,0.000491,0.000453,0.000813,0.000078,0.000428,0.000000,0.025333,384
oracle_mechanism_repair,in_distribution,2,0.929688,0.852531,0.034078,0.021899,0.020116,0.150115,0.015812,0.058428,0.000120,0.038248,0.000000,1.084658,0.025606,0.001784,0.001378,0.000859,0.000513,0.000548,0.000451,0.000808,0.000079,0.000435,0.000000,0.025767,384
oracle_mechanism_repair,in_distribution,3,0.916667,0.852494,0.034277,0.021988,0.020353,0.150095,0.015666,0.058404,0.000149,0.037928,0.000000,1.071194,0.027680,0.001762,0.001364,0.000858,0.000494,0.000517,0.000427,0.000814,0.000076,0.000444,0.000000,0.028007,384
oracle_mechanism_repair,in_distribution,4,0.908854,0.853677,0.033712,0.021773,0.020258,0.149685,0.015650,0.058254,0.000139,0.038154,0.000000,1.064740,0.028825,0.001842,0.001339,0.000855,0.000500,0.000499,0.000472,0.000805,0.000082,0.000428,0.000000,0.029054,384
oracle_mechanism_repair,in_distribution,5,0.890625,0.852336,0.034402,0.022241,0.020552,0.150002,0.015902,0.058106,0.000154,0.038349,0.000000,1.044535,0.031258,0.001804,0.001359,0.000883,0.000501,0.000514,0.000476,0.000787,0.000082,0.000444,0.000000,0.031326,384
oracle_mechanism_repair,in_distribution,6,0.916667,0.852021,0.033239,0.021848,0.020237,0.149524,0.015855,0.058111,0.000071,0.038642,0.000000,1.072397,0.027680,0.001835,0.001396,0.000839,0.000493,0.000508,0.000475,0.000803,0.000051,0.000433,0.000000,0.027765,384
oracle_mechanism_repair,in_distribution,7,0.924479,0.852753,0.034296,0.022209,0.020385,0.150388,0.015571,0.058725,0.000146,0.038197,0.000000,1.078772,0.026463,0.001857,0.001398,0.000844,0.000507,0.000531,0.000446,0.000798,0.000083,0.000444,0.000000,0.026684,384
oracle_mechanism_repair,in_distribution,8,0.929688,0.851874,0.033972,0.021920,0.020359,0.150014,0.015812,0.058316,0.000111,0.038412,0.000000,1.084318,0.025606,0.001751,0.001378,0.000840,0.000497,0.000527,0.000457,0.000841,0.000061,0.000424,0.000000,0.025789,384
oracle_mechanism_repair,in_distribution,9,0.916667,0.853157,0.034356,0.021873,0.020172,0.149725,0.015663,0.058377,0.000116,0.038602,0.000000,1.071766,0.027680,0.001805,0.001375,0.000880,0.000504,0.000504,0.000476,0.000794,0.000067,0.000427,0.000000,0.027934,384
oracle_mechanism_repair,long_horizon,0,0.934896,0.845508,0.044048,0.039818,0.026052,0.151284,0.019068,0.065571,0.000713,0.041494,0.000003,1.054179,0.024708,0.001767,0.001346,0.000859,0.000479,0.000494,0.000502,0.000803,0.000199,0.000504,0.000004,0.024991,384
oracle_mechanism_repair,long_horizon,1,0.947917,0.845273,0.044040,0.040456,0.026327,0.151490,0.019019,0.065416,0.000626,0.041516,0.000010,1.066393,0.022253,0.001820,0.001349,0.000860,0.000463,0.000532,0.000461,0.000812,0.000187,0.000477,0.000016,0.022447,384
oracle_mechanism_repair,long_horizon,2,0.932292,0.844673,0.044524,0.040244,0.025979,0.151350,0.018969,0.065753,0.000887,0.041744,0.000015,1.050485,0.025162,0.001718,0.001345,0.000834,0.000468,0.000491,0.000486,0.000823,0.000225,0.000559,0.000017,0.025127,384
oracle_mechanism_repair,long_horizon,3,0.924479,0.845651,0.043595,0.039888,0.025972,0.151129,0.019122,0.065641,0.000705,0.041493,0.000004,1.044266,0.026463,0.001732,0.001290,0.000867,0.000474,0.000503,0.000457,0.000813,0.000201,0.000498,0.000006,0.026633,384
oracle_mechanism_repair,long_horizon,4,0.932292,0.844911,0.044475,0.039689,0.026274,0.150866,0.019109,0.065740,0.000716,0.041590,0.000008,1.050914,0.025162,0.001721,0.001358,0.000833,0.000477,0.000503,0.000495,0.000802,0.000197,0.000520,0.000012,0.025241,384
oracle_mechanism_repair,long_horizon,5,0.953125,0.844618,0.043640,0.039979,0.025882,0.151266,0.019058,0.065408,0.000770,0.041493,0.000010,1.072541,0.021169,0.001780,0.001335,0.000868,0.000467,0.000520,0.000481,0.000835,0.000189,0.000485,0.000021,0.021407,384
oracle_mechanism_repair,long_horizon,6,0.906250,0.845526,0.044051,0.040110,0.026259,0.151505,0.019289,0.065570,0.000826,0.041400,0.000022,1.024835,0.029192,0.001809,0.001317,0.000856,0.000463,0.000536,0.000462,0.000777,0.000219,0.000511,0.000042,0.029138,384
oracle_mechanism_repair,long_horizon,7,0.932292,0.845916,0.043692,0.039956,0.025922,0.151171,0.019390,0.065546,0.000651,0.041505,0.000021,1.051974,0.025162,0.001793,0.001308,0.000835,0.000477,0.000503,0.000476,0.000840,0.000190,0.000485,0.000025,0.025372,384
oracle_mechanism_repair,long_horizon,8,0.919271,0.844697,0.043704,0.039909,0.026182,0.151429,0.019165,0.065509,0.000956,0.041720,0.000023,1.038148,0.027283,0.001757,0.001332,0.000873,0.000469,0.000517,0.000460,0.000823,0.000250,0.000537,0.000025,0.027658,384
oracle_mechanism_repair,long_horizon,9,0.950521,0.845540,0.044071,0.040236,0.025633,0.151199,0.019090,0.065623,0.000626,0.041472,0.000000,1.069968,0.021719,0.001773,0.001334,0.000814,0.000485,0.000535,0.000458,0.000795,0.000169,0.000457,0.000000,0.022035,384
oracle_mechanism_repair,sparse_observation,0,0.924479,0.823422,0.046831,0.034787,0.027121,0.153518,0.025154,0.075699,0.001008,0.047365,0.000015,1.030324,0.026463,0.001393,0.001273,0.000801,0.000468,0.000502,0.000359,0.000590,0.000222,0.000403,0.000019,0.026556,384
oracle_mechanism_repair,sparse_observation,1,0.921875,0.824076,0.047107,0.034604,0.027313,0.153803,0.025457,0.075977,0.001032,0.047209,0.000004,1.027309,0.026877,0.001381,0.001272,0.000865,0.000445,0.000477,0.000365,0.000605,0.000227,0.000423,0.000008,0.027133,384
oracle_mechanism_repair,sparse_observation,2,0.947917,0.823392,0.046744,0.034703,0.027122,0.153731,0.025413,0.076145,0.001049,0.047252,0.000043,1.053576,0.022253,0.001403,0.001274,0.000827,0.000452,0.000504,0.000343,0.000610,0.000249,0.000448,0.000049,0.022402,384
oracle_mechanism_repair,sparse_observation,3,0.916667,0.823916,0.046897,0.034962,0.027370,0.153501,0.025354,0.075406,0.001124,0.047475,0.000034,1.022102,0.027680,0.001350,0.001282,0.000826,0.000457,0.000514,0.000353,0.000587,0.000242,0.000450,0.000054,0.027810,384
oracle_mechanism_repair,sparse_observation,4,0.901042,0.824042,0.046880,0.035117,0.027216,0.153781,0.025590,0.075632,0.001090,0.047518,0.000015,1.006341,0.029906,0.001370,0.001289,0.000803,0.000467,0.000490,0.000351,0.000598,0.000221,0.000412,0.000028,0.030022,384
oracle_mechanism_repair,sparse_observation,5,0.927083,0.824534,0.046839,0.034754,0.027477,0.153609,0.025376,0.076104,0.001028,0.047362,0.000029,1.032710,0.026039,0.001441,0.001283,0.000783,0.000446,0.000493,0.000364,0.000616,0.000242,0.000472,0.000029,0.026238,384
oracle_mechanism_repair,sparse_observation,6,0.940104,0.824626,0.046857,0.035387,0.027150,0.153578,0.025411,0.075757,0.001122,0.047513,0.000011,1.045594,0.023765,0.001344,0.001253,0.000832,0.000446,0.000484,0.000373,0.000611,0.000230,0.000434,0.000015,0.023884,384
oracle_mechanism_repair,sparse_observation,7,0.937500,0.823670,0.046923,0.034845,0.027274,0.153500,0.025279,0.076130,0.001063,0.047313,0.000001,1.042955,0.024243,0.001431,0.001272,0.000824,0.000451,0.000510,0.000371,0.000599,0.000223,0.000463,0.000001,0.024322,384
oracle_mechanism_repair,sparse_observation,8,0.916667,0.823681,0.046889,0.035044,0.027089,0.153640,0.025493,0.075544,0.001168,0.047622,0.000006,1.022088,0.027680,0.001404,0.001274,0.000815,0.000432,0.000501,0.000351,0.000632,0.000256,0.000463,0.000007,0.027613,384
oracle_mechanism_repair,sparse_observation,9,0.921875,0.823740,0.046594,0.034986,0.027317,0.153803,0.025283,0.075510,0.000974,0.047310,0.000011,1.027589,0.026877,0.001307,0.001275,0.000806,0.000465,0.000489,0.000355,0.000636,0.000215,0.000446,0.000016,0.027009,384
pets_latent_mpc,combined_stress,0,0.609375,0.500031,0.199855,0.190373,0.081696,0.242564,0.094083,0.114255,0.165632,0.191237,0.176396,0.108818,0.048863,0.003472,0.001666,0.001262,0.000487,0.000763,0.000554,0.000830,0.000939,0.001101,0.001079,0.049640,384
pets_latent_mpc,combined_stress,1,0.567708,0.500504,0.200287,0.189955,0.081920,0.242648,0.094274,0.114457,0.165468,0.190956,0.176201,0.066941,0.049614,0.003532,0.001579,0.001250,0.000495,0.000786,0.000519,0.000839,0.000943,0.001119,0.001054,0.050083,384
pets_latent_mpc,combined_stress,2,0.588542,0.500772,0.200129,0.190313,0.082072,0.242796,0.093871,0.114566,0.165689,0.191163,0.176613,0.087583,0.049284,0.003562,0.001625,0.001273,0.000504,0.000777,0.000548,0.000811,0.000955,0.001134,0.001064,0.049807,384
pets_latent_mpc,combined_stress,3,0.591146,0.499950,0.200139,0.189839,0.081982,0.242387,0.094033,0.114000,0.165752,0.191376,0.176332,0.090470,0.049237,0.003582,0.001614,0.001283,0.000517,0.000734,0.000532,0.000809,0.000940,0.001117,0.001037,0.050044,384
pets_latent_mpc,combined_stress,4,0.604167,0.500422,0.200154,0.189967,0.081846,0.242451,0.094039,0.114547,0.165902,0.191277,0.176702,0.103452,0.048977,0.003443,0.001631,0.001217,0.000519,0.000777,0.000539,0.000809,0.000932,0.001133,0.001038,0.049677,384
pets_latent_mpc,combined_stress,5,0.572917,0.499062,0.200090,0.189737,0.081759,0.242450,0.093943,0.114536,0.165610,0.191230,0.176249,0.072311,0.049540,0.003523,0.001644,0.001271,0.000478,0.000787,0.000557,0.000861,0.000942,0.001138,0.001056,0.050520,384
pets_latent_mpc,combined_stress,6,0.596354,0.499907,0.200317,0.190138,0.081889,0.242382,0.094006,0.114315,0.165958,0.191927,0.177039,0.095186,0.049137,0.003547,0.001629,0.001238,0.000482,0.000793,0.000548,0.000827,0.000932,0.001120,0.001075,0.049739,384
pets_latent_mpc,combined_stress,7,0.570312,0.499461,0.199782,0.190030,0.081986,0.242299,0.093995,0.114208,0.165814,0.191474,0.176490,0.069612,0.049578,0.003524,0.001636,0.001241,0.000513,0.000758,0.000549,0.000849,0.000979,0.001171,0.001079,0.050367,384
pets_latent_mpc,combined_stress,8,0.601562,0.499573,0.200198,0.190092,0.081666,0.242329,0.094028,0.114177,0.165913,0.191440,0.176749,0.100720,0.049032,0.003579,0.001610,0.001282,0.000500,0.000780,0.000532,0.000874,0.000884,0.001047,0.000994,0.049303,384
pets_latent_mpc,combined_stress,9,0.622396,0.499694,0.199616,0.190292,0.081832,0.242415,0.094068,0.114453,0.165469,0.191422,0.176106,0.121981,0.048552,0.003495,0.001600,0.001256,0.000514,0.000768,0.000542,0.000828,0.000980,0.001179,0.001083,0.049117,384
pets_latent_mpc,hidden_mechanism,0,0.658854,0.521067,0.179065,0.165443,0.072369,0.236009,0.082928,0.096710,0.149270,0.168549,0.158452,0.235785,0.047481,0.003947,0.002039,0.001456,0.000687,0.000922,0.000743,0.001161,0.001283,0.001593,0.001416,0.049218,384
pets_latent_mpc,hidden_mechanism,1,0.653646,0.521747,0.179013,0.165809,0.072045,0.235761,0.082702,0.096876,0.148774,0.167975,0.157802,0.231392,0.047653,0.003951,0.001973,0.001444,0.000691,0.000885,0.000716,0.001137,0.001306,0.001599,0.001448,0.048661,384
pets_latent_mpc,hidden_mechanism,2,0.630208,0.521109,0.178986,0.165841,0.072077,0.235913,0.082703,0.096546,0.148554,0.167378,0.157569,0.207864,0.048348,0.003962,0.002020,0.001472,0.000674,0.000907,0.000718,0.001121,0.001268,0.001549,0.001394,0.049158,384
pets_latent_mpc,hidden_mechanism,3,0.606771,0.521441,0.178997,0.165857,0.071998,0.235754,0.083150,0.097037,0.148997,0.168401,0.158151,0.184024,0.048921,0.003957,0.001972,0.001436,0.000649,0.000907,0.000740,0.001169,0.001265,0.001556,0.001360,0.049973,384
pets_latent_mpc,hidden_mechanism,4,0.658854,0.521335,0.178579,0.165861,0.071893,0.235989,0.082808,0.096848,0.148504,0.167652,0.157331,0.237030,0.047481,0.003957,0.002040,0.001412,0.000682,0.000882,0.000730,0.001146,0.001257,0.001563,0.001373,0.049011,384
pets_latent_mpc,hidden_mechanism,5,0.645833,0.522013,0.179386,0.165402,0.072391,0.235824,0.082971,0.097355,0.148659,0.168083,0.157814,0.223095,0.047898,0.003900,0.002011,0.001433,0.000716,0.000891,0.000738,0.001158,0.001284,0.001600,0.001436,0.048984,384
pets_latent_mpc,hidden_mechanism,6,0.630208,0.521026,0.178993,0.165751,0.072118,0.235910,0.082743,0.096879,0.148569,0.167599,0.157080,0.207760,0.048348,0.003843,0.001998,0.001450,0.000680,0.000885,0.000726,0.001141,0.001237,0.001549,0.001364,0.049472,384
pets_latent_mpc,hidden_mechanism,7,0.643229,0.521797,0.179199,0.165210,0.072287,0.235982,0.082717,0.096338,0.148728,0.167796,0.157719,0.221097,0.047977,0.003973,0.002008,0.001446,0.000691,0.000891,0.000761,0.001164,0.001234,0.001531,0.001373,0.048625,384
pets_latent_mpc,hidden_mechanism,8,0.695312,0.520810,0.179233,0.166006,0.072015,0.236010,0.082964,0.096655,0.148684,0.167743,0.157753,0.272301,0.046097,0.003928,0.002005,0.001506,0.000677,0.000878,0.000738,0.001163,0.001198,0.001494,0.001340,0.046492,384
pets_latent_mpc,hidden_mechanism,9,0.638021,0.520305,0.179080,0.165719,0.072302,0.235726,0.082907,0.096330,0.148616,0.167890,0.157465,0.215125,0.048130,0.003869,0.002031,0.001401,0.000680,0.000899,0.000722,0.001169,0.001252,0.001560,0.001396,0.049355,384
pets_latent_mpc,in_distribution,0,0.703125,0.534171,0.167316,0.153666,0.067317,0.231795,0.076621,0.087204,0.140137,0.155943,0.148214,0.322227,0.045757,0.003850,0.002054,0.001437,0.000669,0.000904,0.000757,0.001202,0.001226,0.001551,0.001360,0.046794,384
pets_latent_mpc,in_distribution,1,0.643229,0.534511,0.167158,0.153880,0.067098,0.231819,0.077105,0.087457,0.139843,0.155637,0.147892,0.262524,0.047977,0.003923,0.002031,0.001438,0.000698,0.000903,0.000739,0.001155,0.001214,0.001522,0.001342,0.049164,384
pets_latent_mpc,in_distribution,2,0.661458,0.534674,0.167322,0.153930,0.067124,0.231699,0.076927,0.087570,0.140144,0.155774,0.148048,0.280508,0.047393,0.004012,0.002082,0.001471,0.000658,0.000903,0.000784,0.001161,0.001264,0.001571,0.001409,0.048412,384
pets_latent_mpc,in_distribution,3,0.703125,0.534911,0.167458,0.154023,0.067002,0.231708,0.076974,0.087625,0.140243,0.156063,0.148376,0.322084,0.045757,0.003861,0.002021,0.001444,0.000652,0.000898,0.000749,0.001134,0.001288,0.001572,0.001428,0.046298,384
pets_latent_mpc,in_distribution,4,0.697917,0.534257,0.167487,0.153546,0.067371,0.232110,0.076947,0.087220,0.140422,0.156160,0.148358,0.316472,0.045986,0.003948,0.002074,0.001462,0.000667,0.000889,0.000728,0.001177,0.001266,0.001583,0.001404,0.046471,384
pets_latent_mpc,in_distribution,5,0.632812,0.535114,0.167648,0.153202,0.067328,0.232077,0.077122,0.087383,0.139962,0.155714,0.147891,0.252002,0.048277,0.003994,0.002015,0.001474,0.000676,0.000918,0.000738,0.001160,0.001256,0.001567,0.001385,0.049694,384
pets_latent_mpc,in_distribution,6,0.666667,0.534017,0.166895,0.153556,0.067202,0.232130,0.076799,0.087367,0.139834,0.155366,0.147624,0.286276,0.047212,0.003893,0.002006,0.001412,0.000686,0.000886,0.000767,0.001173,0.001240,0.001548,0.001384,0.048126,384
pets_latent_mpc,in_distribution,7,0.684896,0.533971,0.167195,0.153309,0.067378,0.231645,0.076696,0.087297,0.140266,0.156189,0.148387,0.304160,0.046526,0.003983,0.002099,0.001450,0.000686,0.000878,0.000742,0.001147,0.001288,0.001577,0.001423,0.048006,384
pets_latent_mpc,in_distribution,8,0.640625,0.533277,0.167089,0.154214,0.067069,0.231906,0.076576,0.087291,0.140321,0.155963,0.148674,0.259322,0.048054,0.003989,0.002043,0.001454,0.000675,0.000919,0.000750,0.001144,0.001230,0.001518,0.001374,0.049038,384
pets_latent_mpc,in_distribution,9,0.645833,0.535072,0.167317,0.154226,0.067072,0.231671,0.076844,0.086970,0.140159,0.156079,0.148072,0.265011,0.047898,0.003874,0.002025,0.001442,0.000669,0.000928,0.000746,0.001183,0.001263,0.001565,0.001393,0.049101,384
pets_latent_mpc,long_horizon,0,0.635417,0.525290,0.184522,0.178594,0.075171,0.234800,0.083982,0.098478,0.153911,0.172922,0.163090,0.192033,0.048204,0.003929,0.001965,0.001420,0.000648,0.000880,0.000709,0.001169,0.001221,0.001528,0.001322,0.049052,384
pets_latent_mpc,long_horizon,1,0.661458,0.524397,0.184429,0.178407,0.075385,0.234923,0.084017,0.098194,0.153934,0.172995,0.163177,0.217764,0.047393,0.003947,0.001952,0.001412,0.000668,0.000861,0.000737,0.001127,0.001207,0.001499,0.001340,0.047977,384
pets_latent_mpc,long_horizon,2,0.625000,0.524064,0.184166,0.178472,0.075275,0.234904,0.083665,0.098310,0.154280,0.173278,0.163524,0.181452,0.048486,0.003911,0.001988,0.001411,0.000620,0.000927,0.000733,0.001118,0.001219,0.001498,0.001332,0.049499,384
pets_latent_mpc,long_horizon,3,0.640625,0.525043,0.184504,0.178327,0.075203,0.235203,0.083668,0.098356,0.153904,0.172975,0.162827,0.197426,0.048054,0.003862,0.002006,0.001401,0.000649,0.000892,0.000747,0.001143,0.001218,0.001556,0.001318,0.049772,384
pets_latent_mpc,long_horizon,4,0.625000,0.525332,0.184159,0.178317,0.075103,0.235202,0.084126,0.098293,0.153733,0.172945,0.162965,0.182205,0.048486,0.003888,0.001979,0.001426,0.000659,0.000877,0.000757,0.001120,0.001255,0.001571,0.001372,0.049659,384
pets_latent_mpc,long_horizon,5,0.619792,0.524334,0.184269,0.178375,0.075058,0.235139,0.084019,0.098451,0.154082,0.173221,0.163368,0.176381,0.048617,0.003862,0.001932,0.001452,0.000642,0.000900,0.000721,0.001167,0.001213,0.001532,0.001323,0.049598,384
pets_latent_mpc,long_horizon,6,0.596354,0.524938,0.184329,0.178172,0.075061,0.234810,0.083892,0.098652,0.154065,0.173029,0.163092,0.153386,0.049137,0.003944,0.001939,0.001456,0.000665,0.000929,0.000739,0.001117,0.001242,0.001553,0.001362,0.050381,384
pets_latent_mpc,long_horizon,7,0.653646,0.524275,0.184670,0.178227,0.075343,0.235225,0.083904,0.098578,0.154048,0.173251,0.163181,0.209694,0.047653,0.004013,0.001960,0.001420,0.000658,0.000893,0.000741,0.001165,0.001213,0.001529,0.001342,0.048704,384
pets_latent_mpc,long_horizon,8,0.596354,0.524157,0.184577,0.178239,0.075191,0.235450,0.083816,0.098191,0.153878,0.172810,0.163111,0.152764,0.049137,0.003908,0.001988,0.001454,0.000669,0.000941,0.000747,0.001172,0.001231,0.001531,0.001375,0.050106,384
pets_latent_mpc,long_horizon,9,0.630208,0.524505,0.184704,0.178150,0.074836,0.234833,0.083742,0.098534,0.153798,0.172897,0.162902,0.187270,0.048348,0.003855,0.001929,0.001374,0.000672,0.000901,0.000759,0.001116,0.001192,0.001505,0.001323,0.049037,384
pets_latent_mpc,sparse_observation,0,0.651042,0.503529,0.189210,0.175961,0.077178,0.241249,0.091015,0.109846,0.157905,0.182686,0.168302,0.185330,0.047736,0.003656,0.001865,0.001367,0.000615,0.000760,0.000566,0.000885,0.001098,0.001296,0.001226,0.048673,384
pets_latent_mpc,sparse_observation,1,0.643229,0.503647,0.188996,0.175747,0.076988,0.241495,0.090908,0.109772,0.157551,0.182397,0.168139,0.178347,0.047977,0.003632,0.001830,0.001359,0.000618,0.000807,0.000596,0.000904,0.001120,0.001310,0.001237,0.048812,384
pets_latent_mpc,sparse_observation,2,0.625000,0.502365,0.189438,0.175714,0.076845,0.241383,0.091048,0.109890,0.157909,0.182762,0.167954,0.159156,0.048486,0.003531,0.001891,0.001353,0.000598,0.000788,0.000570,0.000896,0.001088,0.001322,0.001189,0.049470,384
pets_latent_mpc,sparse_observation,3,0.614583,0.503359,0.189503,0.175700,0.076754,0.241710,0.091089,0.109686,0.158279,0.182862,0.168556,0.148808,0.048743,0.003626,0.001826,0.001330,0.000603,0.000826,0.000589,0.000877,0.001117,0.001318,0.001243,0.049273,384
pets_latent_mpc,sparse_observation,4,0.617188,0.502868,0.189439,0.175993,0.076704,0.241168,0.090952,0.110012,0.157516,0.181923,0.167724,0.151788,0.048681,0.003541,0.001897,0.001350,0.000602,0.000821,0.000618,0.000907,0.001106,0.001318,0.001225,0.049712,384
pets_latent_mpc,sparse_observation,5,0.578125,0.503936,0.189387,0.175523,0.077059,0.241772,0.091384,0.110087,0.158003,0.183044,0.168584,0.112389,0.049461,0.003592,0.001828,0.001352,0.000627,0.000784,0.000569,0.000946,0.001133,0.001335,0.001229,0.050435,384
pets_latent_mpc,sparse_observation,6,0.601562,0.503244,0.188787,0.175838,0.077064,0.241289,0.091436,0.109807,0.157624,0.182654,0.167713,0.136308,0.049032,0.003529,0.001885,0.001352,0.000620,0.000784,0.000561,0.000897,0.001110,0.001318,0.001225,0.049701,384
pets_latent_mpc,sparse_observation,7,0.591146,0.503047,0.189338,0.175674,0.076869,0.241514,0.091235,0.109595,0.157617,0.182254,0.167619,0.125738,0.049237,0.003536,0.001874,0.001337,0.000588,0.000807,0.000592,0.000896,0.001139,0.001351,0.001268,0.049531,384
pets_latent_mpc,sparse_observation,8,0.622396,0.503369,0.189185,0.175614,0.077093,0.241369,0.090836,0.110019,0.157728,0.182486,0.168339,0.157152,0.048552,0.003526,0.001818,0.001353,0.000620,0.000795,0.000585,0.000909,0.001115,0.001333,0.001240,0.049366,384
pets_latent_mpc,sparse_observation,9,0.635417,0.502794,0.188942,0.175292,0.077155,0.241599,0.090956,0.110034,0.157628,0.182284,0.167841,0.170315,0.048204,0.003661,0.001840,0.001420,0.000598,0.000826,0.000572,0.000916,0.001099,0.001297,0.001197,0.048982,384
proposed_failed_rollout_audit_v4_1,combined_stress,0,0.736979,0.619404,0.145772,0.133624,0.065939,0.233825,0.064788,0.126814,0.105979,0.137328,0.107239,0.441681,0.044094,0.002421,0.001450,0.001132,0.000447,0.000633,0.000440,0.000868,0.000721,0.000883,0.000826,0.044283,384
proposed_failed_rollout_audit_v4_1,combined_stress,1,0.708333,0.620310,0.145438,0.133794,0.066165,0.233691,0.064864,0.126845,0.106183,0.137603,0.107574,0.413143,0.045522,0.002566,0.001426,0.001093,0.000460,0.000655,0.000420,0.000877,0.000745,0.000902,0.000850,0.046001,384
proposed_failed_rollout_audit_v4_1,combined_stress,2,0.716146,0.620432,0.145231,0.133631,0.065785,0.233772,0.064755,0.127321,0.105864,0.137035,0.107076,0.421857,0.045155,0.002462,0.001411,0.001093,0.000469,0.000668,0.000427,0.000890,0.000741,0.000899,0.000836,0.045460,384
proposed_failed_rollout_audit_v4_1,combined_stress,3,0.687500,0.621052,0.145390,0.133541,0.065997,0.233674,0.064940,0.127210,0.105608,0.136925,0.107090,0.393239,0.046421,0.002569,0.001443,0.001134,0.000448,0.000654,0.000436,0.000853,0.000748,0.000899,0.000850,0.046841,384
proposed_failed_rollout_audit_v4_1,combined_stress,4,0.723958,0.620953,0.145829,0.132950,0.066265,0.233415,0.065026,0.127024,0.105832,0.137126,0.107048,0.429365,0.044771,0.002564,0.001444,0.001093,0.000460,0.000666,0.000413,0.000868,0.000745,0.000921,0.000856,0.045246,384
proposed_failed_rollout_audit_v4_1,combined_stress,5,0.716146,0.619842,0.145425,0.133578,0.066324,0.233436,0.064927,0.126777,0.105398,0.136696,0.106620,0.421369,0.045155,0.002592,0.001450,0.001089,0.000475,0.000653,0.000447,0.000879,0.000806,0.000966,0.000886,0.045584,384
proposed_failed_rollout_audit_v4_1,combined_stress,6,0.744792,0.621411,0.145446,0.133020,0.066308,0.233490,0.065288,0.126876,0.105675,0.137202,0.106884,0.450572,0.043664,0.002547,0.001412,0.001110,0.000454,0.000683,0.000435,0.000850,0.000762,0.000919,0.000865,0.043994,384
proposed_failed_rollout_audit_v4_1,combined_stress,7,0.703125,0.620695,0.145412,0.133658,0.066153,0.233497,0.065001,0.126763,0.105656,0.137326,0.106801,0.408546,0.045757,0.002554,0.001404,0.001119,0.000453,0.000660,0.000438,0.000862,0.000762,0.000919,0.000853,0.046097,384
proposed_failed_rollout_audit_v4_1,combined_stress,8,0.734375,0.620277,0.144877,0.133420,0.065972,0.233874,0.064925,0.126816,0.105488,0.136560,0.106554,0.440548,0.044233,0.002442,0.001406,0.001050,0.000461,0.000655,0.000446,0.000857,0.000755,0.000908,0.000852,0.044742,384
proposed_failed_rollout_audit_v4_1,combined_stress,9,0.687500,0.620468,0.145799,0.133753,0.066164,0.233828,0.064951,0.126981,0.105774,0.137113,0.107140,0.392211,0.046421,0.002565,0.001458,0.001096,0.000480,0.000665,0.000444,0.000849,0.000741,0.000882,0.000832,0.046501,384
proposed_failed_rollout_audit_v4_1,hidden_mechanism,0,0.710938,0.641318,0.127468,0.111851,0.057508,0.228326,0.055919,0.108354,0.091525,0.116961,0.091305,0.485147,0.045401,0.003010,0.001782,0.001230,0.000616,0.000766,0.000592,0.001181,0.001008,0.001281,0.001094,0.046390,384
proposed_failed_rollout_audit_v4_1,hidden_mechanism,1,0.750000,0.640631,0.127422,0.111829,0.057317,0.227981,0.056062,0.108521,0.092131,0.117481,0.092018,0.523841,0.043367,0.002892,0.001778,0.001269,0.000639,0.000732,0.000598,0.001199,0.001020,0.001299,0.001137,0.043596,384
proposed_failed_rollout_audit_v4_1,hidden_mechanism,2,0.708333,0.640161,0.127900,0.111566,0.057104,0.228376,0.056010,0.108774,0.091980,0.117537,0.091655,0.481959,0.045522,0.002959,0.001806,0.001230,0.000625,0.000799,0.000573,0.001216,0.000998,0.001233,0.001116,0.046600,384
proposed_failed_rollout_audit_v4_1,hidden_mechanism,3,0.731771,0.640145,0.127585,0.111895,0.057369,0.228159,0.055836,0.108516,0.091826,0.117205,0.091837,0.505456,0.044371,0.002990,0.001746,0.001185,0.000628,0.000771,0.000602,0.001160,0.000995,0.001241,0.001114,0.044820,384
proposed_failed_rollout_audit_v4_1,hidden_mechanism,4,0.705729,0.640896,0.127704,0.111877,0.057396,0.228094,0.055997,0.108917,0.092073,0.117744,0.091661,0.479240,0.045640,0.002928,0.001770,0.001227,0.000602,0.000747,0.000603,0.001182,0.000932,0.001215,0.001049,0.046193,384
proposed_failed_rollout_audit_v4_1,hidden_mechanism,5,0.773438,0.639684,0.127714,0.111667,0.057634,0.228567,0.056033,0.108644,0.092091,0.117304,0.091974,0.546322,0.041924,0.002893,0.001769,0.001272,0.000630,0.000790,0.000592,0.001224,0.000977,0.001217,0.001117,0.042516,384
proposed_failed_rollout_audit_v4_1,hidden_mechanism,6,0.763021,0.640024,0.127989,0.111483,0.057094,0.228080,0.056104,0.108652,0.092151,0.117436,0.092040,0.536545,0.042587,0.002913,0.001762,0.001246,0.000615,0.000746,0.000586,0.001193,0.000953,0.001231,0.001082,0.043479,384
proposed_failed_rollout_audit_v4_1,hidden_mechanism,7,0.755208,0.638610,0.127793,0.111893,0.057526,0.228006,0.056260,0.108403,0.092231,0.117554,0.091987,0.527598,0.043061,0.002915,0.001821,0.001215,0.000620,0.000769,0.000581,0.001190,0.000966,0.001204,0.001073,0.043841,384
proposed_failed_rollout_audit_v4_1,hidden_mechanism,8,0.768229,0.640324,0.127713,0.111509,0.057449,0.227956,0.056102,0.108366,0.092361,0.117791,0.092157,0.541679,0.042260,0.002850,0.001819,0.001202,0.000640,0.000755,0.000600,0.001225,0.001027,0.001312,0.001126,0.042637,384
proposed_failed_rollout_audit_v4_1,hidden_mechanism,9,0.726562,0.640634,0.127593,0.111520,0.057357,0.228228,0.055600,0.108702,0.092072,0.117198,0.091783,0.500623,0.044640,0.003036,0.001754,0.001228,0.000606,0.000785,0.000600,0.001202,0.001006,0.001292,0.001124,0.045274,384
proposed_failed_rollout_audit_v4_1,in_distribution,0,0.710938,0.653468,0.117542,0.101193,0.052686,0.224443,0.051521,0.098961,0.085196,0.107285,0.084399,0.521255,0.045401,0.002878,0.001846,0.001210,0.000622,0.000764,0.000560,0.001179,0.000997,0.001255,0.001085,0.046073,384
proposed_failed_rollout_audit_v4_1,in_distribution,1,0.765625,0.652385,0.117111,0.100852,0.052988,0.224788,0.051218,0.098873,0.085320,0.107534,0.084225,0.575919,0.042425,0.002964,0.001802,0.001249,0.000624,0.000747,0.000605,0.001180,0.001042,0.001331,0.001173,0.043422,384
proposed_failed_rollout_audit_v4_1,in_distribution,2,0.755208,0.653277,0.117476,0.101259,0.052993,0.225111,0.051298,0.098497,0.085559,0.107754,0.084532,0.564929,0.043061,0.002948,0.001816,0.001238,0.000599,0.000760,0.000575,0.001207,0.000998,0.001250,0.001138,0.043765,384
proposed_failed_rollout_audit_v4_1,in_distribution,3,0.770833,0.652151,0.117526,0.101013,0.052865,0.225172,0.051242,0.098733,0.085193,0.107258,0.084115,0.580651,0.042093,0.002903,0.001832,0.001244,0.000607,0.000801,0.000584,0.001199,0.000970,0.001220,0.001072,0.042803,384
proposed_failed_rollout_audit_v4_1,in_distribution,4,0.729167,0.652381,0.117531,0.100876,0.052748,0.224755,0.051157,0.098697,0.084964,0.107214,0.084002,0.539611,0.044506,0.002972,0.001837,0.001253,0.000610,0.000801,0.000600,0.001229,0.000980,0.001259,0.001079,0.045698,384
proposed_failed_rollout_audit_v4_1,in_distribution,5,0.752604,0.651966,0.117375,0.101205,0.053074,0.224697,0.051311,0.098954,0.085053,0.106779,0.084116,0.562278,0.043215,0.002914,0.001787,0.001249,0.000604,0.000762,0.000585,0.001182,0.000998,0.001283,0.001097,0.043998,384
proposed_failed_rollout_audit_v4_1,in_distribution,6,0.742188,0.652067,0.117613,0.101092,0.052896,0.224786,0.051143,0.099012,0.085037,0.107064,0.084560,0.552015,0.043809,0.002926,0.001804,0.001216,0.000623,0.000770,0.000584,0.001183,0.000994,0.001250,0.001096,0.044340,384
proposed_failed_rollout_audit_v4_1,in_distribution,7,0.781250,0.651973,0.117407,0.101053,0.052526,0.224924,0.050859,0.098944,0.084919,0.107034,0.084078,0.591854,0.041402,0.002932,0.001802,0.001233,0.000613,0.000792,0.000596,0.001224,0.000984,0.001266,0.001096,0.042175,384
proposed_failed_rollout_audit_v4_1,in_distribution,8,0.739583,0.652889,0.117361,0.100904,0.052656,0.225198,0.051284,0.098818,0.085144,0.107238,0.084329,0.550091,0.043953,0.002919,0.001823,0.001220,0.000631,0.000789,0.000627,0.001189,0.001006,0.001266,0.001137,0.044324,384
proposed_failed_rollout_audit_v4_1,in_distribution,9,0.742188,0.652354,0.117687,0.101270,0.052444,0.224804,0.051178,0.098987,0.085156,0.107221,0.084328,0.552285,0.043809,0.002931,0.001829,0.001266,0.000635,0.000742,0.000586,0.001186,0.001011,0.001273,0.001096,0.044469,384
proposed_failed_rollout_audit_v4_1,long_horizon,0,0.682292,0.643797,0.132085,0.123460,0.059962,0.227179,0.056500,0.110666,0.096188,0.121208,0.096170,0.438049,0.046629,0.002976,0.001745,0.001238,0.000592,0.000762,0.000570,0.001171,0.000976,0.001247,0.001077,0.047397,384
proposed_failed_rollout_audit_v4_1,long_horizon,1,0.716146,0.643786,0.131622,0.123711,0.059889,0.228129,0.056261,0.110354,0.096124,0.121030,0.096172,0.472153,0.045155,0.002874,0.001736,0.001209,0.000596,0.000751,0.000581,0.001162,0.000931,0.001184,0.001016,0.046369,384
proposed_failed_rollout_audit_v4_1,long_horizon,2,0.744792,0.644118,0.131362,0.123777,0.060102,0.227403,0.056252,0.110391,0.096256,0.121335,0.095995,0.501007,0.043664,0.002932,0.001701,0.001205,0.000597,0.000761,0.000574,0.001194,0.000929,0.001162,0.001030,0.043960,384
proposed_failed_rollout_audit_v4_1,long_horizon,3,0.731771,0.643361,0.131827,0.123688,0.059980,0.227671,0.056492,0.110876,0.096063,0.121007,0.096356,0.487315,0.044371,0.002955,0.001787,0.001189,0.000586,0.000803,0.000592,0.001150,0.000968,0.001247,0.001060,0.044994,384
proposed_failed_rollout_audit_v4_1,long_horizon,4,0.697917,0.643506,0.132108,0.124036,0.059978,0.227626,0.056618,0.110565,0.096078,0.121386,0.095900,0.452980,0.045986,0.002897,0.001744,0.001246,0.000580,0.000801,0.000601,0.001200,0.000922,0.001208,0.001025,0.046508,384
proposed_failed_rollout_audit_v4_1,long_horizon,5,0.723958,0.643483,0.132156,0.123683,0.059811,0.227555,0.056252,0.110651,0.096336,0.121407,0.096386,0.479457,0.044771,0.002885,0.001719,0.001234,0.000577,0.000759,0.000581,0.001177,0.000961,0.001253,0.001082,0.045454,384
proposed_failed_rollout_audit_v4_1,long_horizon,6,0.747396,0.644588,0.131681,0.123239,0.059924,0.227543,0.056319,0.110681,0.096186,0.121327,0.095870,0.503992,0.043516,0.002910,0.001759,0.001253,0.000597,0.000745,0.000588,0.001201,0.000941,0.001200,0.001072,0.044254,384
proposed_failed_rollout_audit_v4_1,long_horizon,7,0.718750,0.644546,0.131652,0.123636,0.059908,0.227585,0.056479,0.110566,0.095981,0.120943,0.096064,0.475121,0.045029,0.002930,0.001739,0.001237,0.000585,0.000792,0.000575,0.001204,0.000948,0.001202,0.001049,0.045979,384
proposed_failed_rollout_audit_v4_1,long_horizon,8,0.757812,0.644295,0.131841,0.123524,0.060214,0.227343,0.056301,0.110783,0.096055,0.120938,0.095884,0.513769,0.042906,0.002965,0.001746,0.001206,0.000588,0.000751,0.000603,0.001221,0.000974,0.001242,0.001066,0.043635,384
proposed_failed_rollout_audit_v4_1,long_horizon,9,0.747396,0.644267,0.131719,0.123679,0.060171,0.227389,0.056307,0.110594,0.096230,0.121348,0.095926,0.503287,0.043516,0.002949,0.001681,0.001211,0.000592,0.000785,0.000579,0.001197,0.000977,0.001260,0.001053,0.044431,384
proposed_failed_rollout_audit_v4_1,sparse_observation,0,0.697917,0.622829,0.136203,0.120290,0.061456,0.233006,0.063082,0.121969,0.099385,0.130196,0.100109,0.434051,0.045986,0.002604,0.001609,0.001166,0.000554,0.000723,0.000453,0.000914,0.000885,0.001069,0.000990,0.046330,384
proposed_failed_rollout_audit_v4_1,sparse_observation,1,0.651042,0.622048,0.135975,0.120668,0.061555,0.232583,0.063206,0.121858,0.099276,0.129951,0.100317,0.386872,0.047736,0.002607,0.001676,0.001133,0.000553,0.000679,0.000444,0.000954,0.000880,0.001048,0.000973,0.048403,384
proposed_failed_rollout_audit_v4_1,sparse_observation,2,0.708333,0.622070,0.136080,0.120196,0.061604,0.232570,0.063045,0.121913,0.098899,0.129524,0.099858,0.444713,0.045522,0.002574,0.001668,0.001129,0.000557,0.000675,0.000481,0.000965,0.000915,0.001096,0.001028,0.046426,384
proposed_failed_rollout_audit_v4_1,sparse_observation,3,0.697917,0.623583,0.136134,0.119847,0.061520,0.232878,0.062797,0.122098,0.098846,0.129091,0.099627,0.435161,0.045986,0.002550,0.001624,0.001150,0.000572,0.000693,0.000478,0.000895,0.000948,0.001133,0.001033,0.046310,384
proposed_failed_rollout_audit_v4_1,sparse_observation,4,0.731771,0.621421,0.135816,0.120182,0.061492,0.232677,0.062921,0.122129,0.099337,0.130077,0.100219,0.468012,0.044371,0.002568,0.001653,0.001126,0.000551,0.000646,0.000447,0.000963,0.000907,0.001069,0.001018,0.045087,384
proposed_failed_rollout_audit_v4_1,sparse_observation,5,0.723958,0.622252,0.135696,0.119976,0.061872,0.232357,0.062951,0.122374,0.099104,0.129702,0.099922,0.460536,0.044771,0.002564,0.001663,0.001126,0.000568,0.000682,0.000447,0.000943,0.000913,0.001057,0.000998,0.045248,384
proposed_failed_rollout_audit_v4_1,sparse_observation,6,0.726562,0.622981,0.136109,0.120394,0.061553,0.232617,0.062790,0.121607,0.098751,0.129390,0.099556,0.463404,0.044640,0.002690,0.001634,0.001166,0.000551,0.000687,0.000462,0.000962,0.000870,0.001048,0.000965,0.045336,384
proposed_failed_rollout_audit_v4_1,sparse_observation,7,0.718750,0.621321,0.136189,0.119956,0.061662,0.232600,0.062937,0.122022,0.099133,0.129678,0.100123,0.454779,0.045029,0.002543,0.001671,0.001151,0.000566,0.000693,0.000466,0.000940,0.000914,0.001071,0.001014,0.045401,384
proposed_failed_rollout_audit_v4_1,sparse_observation,8,0.755208,0.622588,0.135883,0.119970,0.061608,0.232698,0.062942,0.121906,0.099350,0.129828,0.100315,0.491847,0.043061,0.002563,0.001602,0.001150,0.000526,0.000686,0.000464,0.000941,0.000867,0.001036,0.000956,0.043562,384
proposed_failed_rollout_audit_v4_1,sparse_observation,9,0.684896,0.621993,0.136030,0.120617,0.061494,0.232693,0.063014,0.122095,0.099202,0.129507,0.099972,0.420832,0.046526,0.002600,0.001608,0.001135,0.000574,0.000702,0.000484,0.000924,0.000893,0.001074,0.000979,0.047316,384
scalar_uncertainty_planner,combined_stress,0,0.414062,0.298945,0.293509,0.279045,0.106763,0.151317,0.113929,0.126091,0.219628,0.247752,0.236049,-0.356777,0.049330,0.004571,0.001975,0.001598,0.000595,0.000593,0.000638,0.000921,0.001135,0.001337,0.001248,0.050483,384
scalar_uncertainty_planner,combined_stress,1,0.445312,0.298705,0.293931,0.279304,0.106343,0.151055,0.114061,0.126185,0.219596,0.247773,0.236130,-0.325749,0.049775,0.004663,0.002039,0.001567,0.000594,0.000642,0.000639,0.000942,0.001151,0.001361,0.001283,0.050582,384
scalar_uncertainty_planner,combined_stress,2,0.445312,0.299466,0.293667,0.278765,0.106791,0.151018,0.113619,0.126325,0.219368,0.247536,0.235740,-0.324931,0.049775,0.004588,0.002021,0.001556,0.000597,0.000630,0.000620,0.000941,0.001156,0.001365,0.001261,0.051100,384
scalar_uncertainty_planner,combined_stress,3,0.408854,0.298541,0.293994,0.278826,0.106684,0.151276,0.113855,0.126360,0.219458,0.247680,0.236224,-0.362208,0.049237,0.004599,0.002006,0.001599,0.000633,0.000603,0.000620,0.000929,0.001129,0.001319,0.001232,0.050251,384
scalar_uncertainty_planner,combined_stress,4,0.442708,0.300088,0.293777,0.279044,0.106840,0.151418,0.113786,0.126100,0.219603,0.247766,0.236428,-0.328008,0.049746,0.004619,0.001987,0.001641,0.000586,0.000636,0.000623,0.000907,0.001137,0.001341,0.001261,0.050671,384
scalar_uncertainty_planner,combined_stress,5,0.442708,0.299532,0.294372,0.278965,0.106616,0.151054,0.113817,0.126361,0.219298,0.247216,0.235667,-0.328213,0.049746,0.004539,0.002044,0.001578,0.000622,0.000633,0.000614,0.000944,0.001141,0.001357,0.001263,0.050498,384
scalar_uncertainty_planner,combined_stress,6,0.416667,0.299711,0.294177,0.279150,0.106923,0.151307,0.113559,0.126275,0.219443,0.247348,0.235733,-0.354494,0.049375,0.004716,0.002056,0.001639,0.000583,0.000608,0.000653,0.000934,0.001150,0.001364,0.001265,0.050757,384
scalar_uncertainty_planner,combined_stress,7,0.401042,0.299120,0.293981,0.279450,0.106691,0.151304,0.113801,0.126258,0.219743,0.247883,0.236143,-0.370447,0.049085,0.004653,0.001969,0.001604,0.000609,0.000631,0.000616,0.000945,0.001127,0.001323,0.001240,0.050832,384
scalar_uncertainty_planner,combined_stress,8,0.427083,0.299528,0.293718,0.279364,0.106560,0.151262,0.113741,0.126155,0.219452,0.247480,0.235768,-0.343568,0.049540,0.004708,0.001989,0.001588,0.000587,0.000615,0.000598,0.000945,0.001140,0.001326,0.001239,0.050984,384
scalar_uncertainty_planner,combined_stress,9,0.421875,0.298918,0.293481,0.278611,0.106694,0.151051,0.113827,0.126468,0.219070,0.247173,0.235488,-0.348121,0.049461,0.004510,0.002028,0.001604,0.000604,0.000602,0.000652,0.000961,0.001175,0.001402,0.001304,0.050631,384
scalar_uncertainty_planner,hidden_mechanism,0,0.479167,0.323437,0.267320,0.248717,0.095055,0.146557,0.101165,0.106578,0.198667,0.220030,0.213032,-0.197666,0.050032,0.005027,0.002465,0.001874,0.000832,0.000700,0.000824,0.001266,0.001552,0.001886,0.001683,0.051224,384
scalar_uncertainty_planner,hidden_mechanism,1,0.466146,0.323464,0.266867,0.248342,0.095182,0.146568,0.101439,0.106765,0.199218,0.220576,0.213805,-0.210643,0.049961,0.005017,0.002463,0.001946,0.000797,0.000682,0.000855,0.001286,0.001499,0.001819,0.001667,0.051307,384
scalar_uncertainty_planner,hidden_mechanism,2,0.432292,0.323072,0.267370,0.249011,0.095074,0.146159,0.101315,0.106723,0.199528,0.220605,0.214194,-0.245500,0.049614,0.005083,0.002465,0.001893,0.000827,0.000708,0.000842,0.001292,0.001516,0.001843,0.001638,0.050871,384
scalar_uncertainty_planner,hidden_mechanism,3,0.507812,0.322963,0.267263,0.249103,0.095279,0.146576,0.101367,0.106943,0.199136,0.220535,0.213752,-0.170152,0.050070,0.005086,0.002476,0.001878,0.000829,0.000697,0.000832,0.001313,0.001531,0.001879,0.001632,0.051164,384
scalar_uncertainty_planner,hidden_mechanism,4,0.440104,0.321303,0.267250,0.248906,0.095287,0.146175,0.101375,0.106867,0.198810,0.220308,0.213417,-0.237928,0.049715,0.004908,0.002466,0.001905,0.000819,0.000712,0.000853,0.001283,0.001493,0.001844,0.001666,0.051716,384
scalar_uncertainty_planner,hidden_mechanism,5,0.502604,0.323248,0.266816,0.248403,0.095522,0.146421,0.101168,0.106488,0.199174,0.220673,0.213628,-0.174341,0.050075,0.005036,0.002485,0.001923,0.000813,0.000692,0.000862,0.001298,0.001500,0.001825,0.001658,0.052165,384
scalar_uncertainty_planner,hidden_mechanism,6,0.486979,0.322078,0.267484,0.248559,0.095052,0.146247,0.101191,0.107087,0.199298,0.220451,0.213747,-0.190766,0.050059,0.005070,0.002504,0.001884,0.000809,0.000713,0.000815,0.001273,0.001539,0.001856,0.001665,0.051143,384
scalar_uncertainty_planner,hidden_mechanism,7,0.528646,0.322440,0.267179,0.248504,0.095478,0.146337,0.101452,0.106606,0.198799,0.220181,0.213137,-0.148853,0.049993,0.005059,0.002441,0.001904,0.000807,0.000693,0.000845,0.001283,0.001514,0.001851,0.001665,0.051585,384
scalar_uncertainty_planner,hidden_mechanism,8,0.473958,0.322035,0.267339,0.248761,0.095094,0.146715,0.101415,0.106594,0.199175,0.220557,0.213935,-0.203954,0.050008,0.004965,0.002490,0.001892,0.000792,0.000707,0.000860,0.001260,0.001518,0.001843,0.001662,0.051497,384
scalar_uncertainty_planner,hidden_mechanism,9,0.489583,0.322938,0.267647,0.248940,0.095215,0.146189,0.101314,0.106922,0.199211,0.220418,0.213809,-0.188448,0.050065,0.005006,0.002515,0.001928,0.000802,0.000717,0.000859,0.001301,0.001512,0.001844,0.001664,0.051718,384
scalar_uncertainty_planner,in_distribution,0,0.572917,0.336407,0.252700,0.233933,0.089314,0.143628,0.094703,0.096464,0.188806,0.206337,0.202220,-0.055794,0.049540,0.005050,0.002499,0.001926,0.000831,0.000652,0.000826,0.001282,0.001515,0.001841,0.001638,0.051016,384
scalar_uncertainty_planner,in_distribution,1,0.541667,0.335201,0.252687,0.234227,0.089614,0.143694,0.094606,0.096042,0.188242,0.205864,0.201809,-0.087508,0.049901,0.005061,0.002487,0.001901,0.000821,0.000732,0.000854,0.001298,0.001492,0.001819,0.001644,0.051964,384
scalar_uncertainty_planner,in_distribution,2,0.528646,0.336101,0.252304,0.234207,0.089370,0.143731,0.094821,0.096613,0.188485,0.206352,0.201932,-0.099994,0.049993,0.005101,0.002506,0.001890,0.000817,0.000707,0.000863,0.001294,0.001502,0.001833,0.001640,0.051540,384
scalar_uncertainty_planner,in_distribution,3,0.510417,0.336552,0.252573,0.233667,0.089408,0.143924,0.094712,0.096444,0.188379,0.206044,0.201876,-0.117835,0.050065,0.005125,0.002515,0.001924,0.000818,0.000673,0.000882,0.001293,0.001503,0.001857,0.001659,0.052074,384
scalar_uncertainty_planner,in_distribution,4,0.528646,0.336899,0.252269,0.233754,0.089307,0.143802,0.094563,0.096025,0.188542,0.206134,0.202068,-0.099072,0.049993,0.004992,0.002499,0.001909,0.000813,0.000720,0.000829,0.001306,0.001498,0.001816,0.001659,0.051935,384
scalar_uncertainty_planner,in_distribution,5,0.536458,0.336592,0.251996,0.233958,0.089223,0.143363,0.094670,0.096287,0.188760,0.206287,0.201864,-0.091303,0.049942,0.005140,0.002480,0.001917,0.000820,0.000687,0.000848,0.001282,0.001496,0.001825,0.001647,0.051728,384
scalar_uncertainty_planner,in_distribution,6,0.526042,0.335947,0.252114,0.234141,0.089405,0.143729,0.094518,0.096514,0.188190,0.205845,0.201603,-0.102090,0.050008,0.005108,0.002527,0.001838,0.000816,0.000751,0.000851,0.001283,0.001530,0.001872,0.001694,0.052378,384
scalar_uncertainty_planner,in_distribution,7,0.533854,0.336057,0.252479,0.234106,0.089585,0.143678,0.094676,0.096320,0.188429,0.206050,0.201650,-0.094921,0.049961,0.005178,0.002476,0.001935,0.000824,0.000716,0.000852,0.001310,0.001496,0.001840,0.001625,0.051359,384
scalar_uncertainty_planner,in_distribution,8,0.526042,0.336035,0.252701,0.233592,0.089449,0.143103,0.094269,0.096123,0.188437,0.206227,0.201734,-0.101975,0.050008,0.005072,0.002512,0.001866,0.000809,0.000738,0.000878,0.001272,0.001505,0.001850,0.001666,0.051372,384
scalar_uncertainty_planner,in_distribution,9,0.562500,0.336861,0.252500,0.233328,0.089478,0.143505,0.094709,0.096506,0.188344,0.205945,0.201766,-0.065251,0.049683,0.005157,0.002524,0.001854,0.000826,0.000716,0.000862,0.001291,0.001516,0.001850,0.001662,0.051786,384
scalar_uncertainty_planner,long_horizon,0,0.484375,0.324241,0.274253,0.263502,0.098841,0.146031,0.102504,0.108859,0.204996,0.226136,0.220082,-0.219141,0.050051,0.005136,0.002427,0.001869,0.000787,0.000691,0.000819,0.001276,0.001444,0.001790,0.001578,0.051919,384
scalar_uncertainty_planner,long_horizon,1,0.518229,0.325241,0.274388,0.263408,0.098786,0.145761,0.102748,0.109211,0.205316,0.226488,0.219927,-0.185266,0.050042,0.005041,0.002435,0.001868,0.000795,0.000683,0.000865,0.001267,0.001466,0.001781,0.001629,0.051967,384
scalar_uncertainty_planner,long_horizon,2,0.395833,0.324637,0.274551,0.263548,0.098578,0.145997,0.102911,0.109282,0.205262,0.226452,0.219854,-0.308047,0.048977,0.005070,0.002392,0.001878,0.000809,0.000675,0.000829,0.001307,0.001450,0.001794,0.001585,0.050191,384
scalar_uncertainty_planner,long_horizon,3,0.473958,0.326075,0.273931,0.263610,0.098630,0.145846,0.102802,0.109034,0.205080,0.226447,0.219939,-0.228696,0.050008,0.005008,0.002409,0.001899,0.000773,0.000706,0.000837,0.001248,0.001466,0.001788,0.001590,0.051901,384
scalar_uncertainty_planner,long_horizon,4,0.468750,0.324484,0.274065,0.263419,0.098792,0.145987,0.102988,0.109321,0.205343,0.226741,0.219763,-0.234958,0.049978,0.005084,0.002382,0.001871,0.000778,0.000708,0.000839,0.001288,0.001471,0.001821,0.001625,0.051313,384
scalar_uncertainty_planner,long_horizon,5,0.479167,0.325474,0.273814,0.263567,0.098820,0.146456,0.102826,0.109108,0.205425,0.226783,0.220067,-0.224181,0.050032,0.004983,0.002391,0.001847,0.000787,0.000699,0.000819,0.001264,0.001439,0.001791,0.001609,0.052001,384
scalar_uncertainty_planner,long_horizon,6,0.466146,0.326141,0.274337,0.263079,0.098570,0.145980,0.102935,0.109370,0.204967,0.226084,0.219420,-0.236487,0.049961,0.004961,0.002432,0.001898,0.000796,0.000730,0.000825,0.001304,0.001435,0.001761,0.001557,0.051475,384
scalar_uncertainty_planner,long_horizon,7,0.492188,0.324388,0.273754,0.263692,0.098791,0.145892,0.103021,0.109186,0.205648,0.226745,0.220360,-0.211635,0.050070,0.005119,0.002416,0.001845,0.000782,0.000696,0.000847,0.001271,0.001423,0.001764,0.001584,0.051841,384
scalar_uncertainty_planner,long_horizon,8,0.460938,0.324985,0.274359,0.263475,0.098695,0.145786,0.102850,0.109155,0.205050,0.226445,0.219692,-0.242457,0.049923,0.005015,0.002401,0.001918,0.000782,0.000688,0.000850,0.001272,0.001442,0.001771,0.001582,0.051184,384
scalar_uncertainty_planner,long_horizon,9,0.468750,0.325138,0.274822,0.263560,0.098683,0.146251,0.102755,0.109123,0.205555,0.226545,0.219917,-0.235476,0.049978,0.005114,0.002415,0.001895,0.000785,0.000713,0.000838,0.001298,0.001475,0.001781,0.001611,0.051739,384
scalar_uncertainty_planner,sparse_observation,0,0.442708,0.303332,0.280310,0.261902,0.101108,0.150602,0.110441,0.120600,0.209869,0.236905,0.225992,-0.285746,0.049746,0.004627,0.002294,0.001741,0.000725,0.000633,0.000676,0.001064,0.001332,0.001570,0.001419,0.050614,384
scalar_uncertainty_planner,sparse_observation,1,0.427083,0.304134,0.280222,0.262305,0.101017,0.150603,0.110278,0.121074,0.209764,0.236790,0.225907,-0.301175,0.049540,0.004671,0.002246,0.001732,0.000711,0.000610,0.000672,0.000997,0.001350,0.001561,0.001466,0.051344,384
scalar_uncertainty_planner,sparse_observation,2,0.466146,0.302741,0.280352,0.262340,0.101372,0.150510,0.110445,0.120768,0.209930,0.237179,0.226060,-0.263213,0.049961,0.004632,0.002276,0.001751,0.000716,0.000624,0.000699,0.001035,0.001332,0.001577,0.001477,0.051475,384
scalar_uncertainty_planner,sparse_observation,3,0.403646,0.303180,0.280271,0.262388,0.100970,0.150418,0.110272,0.120907,0.209596,0.236345,0.225297,-0.324799,0.049137,0.004714,0.002230,0.001738,0.000737,0.000630,0.000696,0.000992,0.001342,0.001561,0.001459,0.051136,384
scalar_uncertainty_planner,sparse_observation,4,0.476562,0.302882,0.280379,0.261857,0.101187,0.150065,0.110219,0.121181,0.209613,0.236866,0.225527,-0.251828,0.050021,0.004783,0.002277,0.001740,0.000720,0.000637,0.000640,0.001028,0.001314,0.001541,0.001433,0.051539,384
scalar_uncertainty_planner,sparse_observation,5,0.463542,0.303339,0.280940,0.261846,0.101122,0.150229,0.110369,0.121526,0.209682,0.236701,0.225606,-0.265375,0.049942,0.004701,0.002253,0.001754,0.000720,0.000659,0.000658,0.001024,0.001360,0.001591,0.001486,0.050984,384
scalar_uncertainty_planner,sparse_observation,6,0.445312,0.302361,0.281028,0.262027,0.101175,0.150196,0.110447,0.121068,0.209747,0.236953,0.225736,-0.284198,0.049775,0.004720,0.002267,0.001777,0.000729,0.000626,0.000679,0.001045,0.001324,0.001540,0.001447,0.051227,384
scalar_uncertainty_planner,sparse_observation,7,0.450521,0.302600,0.280338,0.261969,0.101352,0.150706,0.110207,0.120992,0.209729,0.236516,0.225552,-0.278410,0.049830,0.004720,0.002256,0.001728,0.000738,0.000665,0.000657,0.001044,0.001330,0.001516,0.001422,0.051563,384
scalar_uncertainty_planner,sparse_observation,8,0.458333,0.303746,0.280429,0.262028,0.101109,0.150185,0.110318,0.120865,0.209549,0.236529,0.225414,-0.269845,0.049901,0.004719,0.002211,0.001726,0.000709,0.000609,0.000699,0.001039,0.001335,0.001533,0.001436,0.051709,384
scalar_uncertainty_planner,sparse_observation,9,0.442708,0.302932,0.280560,0.261749,0.101091,0.150569,0.110508,0.120942,0.209564,0.236747,0.225477,-0.285874,0.049746,0.004598,0.002279,0.001752,0.000748,0.000614,0.000671,0.001018,0.001318,0.001535,0.001427,0.051092,384
